CATEGORIA;SUB Categories;Slug;ID;QUITAR o eliminar;Title;Legacy URL;Images;Scraped At;;;;;;;
/cristaleria-personalizada/;/copas-de-vino-personalizadas/;coleccion-krista-cerveza-grabada-con-logo;7722932;;COPA EXALT 47 CL KRISTA CERVEZA,GRABADOS CON SU LOGO;https://www.personalizadoshosteleria.com/p7722932-coleccion-krista-cerveza-grabada-con-logo.html;/media/products/coleccion-krista-cerveza-grabada-con-logo/01_krista-exalt-1593448377-png.thumb | /media/products/coleccion-krista-cerveza-grabada-con-logo/02_collection-1606737553-jpg.thumb | /media/products/coleccion-krista-cerveza-grabada-con-logo/03_logo.jpg | /media/products/coleccion-krista-cerveza-grabada-con-logo/04_presupuestos-1692439054-x128-f-gb.jpg | /media/products/coleccion-krista-cerveza-grabada-con-logo/05_mod-ph-42-1663147591.png | /media/products/coleccion-krista-cerveza-grabada-con-logo/06_mod-ph44-61-cl-1663147591.png | /media/products/coleccion-krista-cerveza-grabada-con-logo/07_canguro-airlaid-con-qr-1663147591.png | /media/products/coleccion-krista-cerveza-grabada-con-logo/08_img-20200128-123820-1663171355.jpg | /media/products/coleccion-krista-cerveza-grabada-con-logo/09_aqui-su-publicidad-1-1670758718.png | /media/products/coleccion-krista-cerveza-grabada-con-logo/10_servilleta-canguro-personalizada-eco-1679684414.png | /media/products/coleccion-krista-cerveza-grabada-con-logo/11_mod-57-1689071732.png | /media/products/coleccion-krista-cerveza-grabada-con-logo/12_compra-1-1612367413-x128-f-gb.jpg | /media/products/coleccion-krista-cerveza-grabada-con-logo/13_optima-1609073646-x128-f-gb.png | /media/products/coleccion-krista-cerveza-grabada-con-logo/14_deja-tu-impresion-de-compra-aqui-queremos-saber-si.png | /media/products/coleccion-krista-cerveza-grabada-con-logo/15_camion-phcom-1610453500-x128-f-gb.png | /media/products/coleccion-krista-cerveza-grabada-con-logo/16_blank.png | /media/products/coleccion-krista-cerveza-grabada-con-logo/24_transparent.png | /media/products/coleccion-krista-cerveza-grabada-con-logo/27_krista-exalt-1593448377.png | /media/products/coleccion-krista-cerveza-grabada-con-logo/30_default.jpg | /media/products/coleccion-krista-cerveza-grabada-con-logo/31_palladio1-1606667783-jpg.thumb | /media/products/coleccion-krista-cerveza-grabada-con-logo/32_copa-de-cerveza-personalizada-cheers-1610802388-jp.thumb;2026-02-18T11:45:44.293154;;;;;;;
/cristaleria-personalizada/;/copas-de-vino-personalizadas/;copa-cabernet-vino-joven-grabada-con-tu-logo;7357969;;COPA CABERNET VINO JOVEN 58 cl GRABADA CON TU LOGO;https://www.personalizadoshosteleria.com/p7357969-copa-cabernet-vino-joven-grabada-con-tu-logo.html;/media/products/copa-cabernet-vino-joven-grabada-con-tu-logo/01_cabernete-1606642017-jpg.thumb | /media/products/copa-cabernet-vino-joven-grabada-con-tu-logo/02_cabernet-58-1593189873-png.thumb | /media/products/copa-cabernet-vino-joven-grabada-con-tu-logo/03_calidad-cristal-perssonalizados-hosteleria-1610988.thumb | /media/products/copa-cabernet-vino-joven-grabada-con-tu-logo/04_logo.jpg | /media/products/copa-cabernet-vino-joven-grabada-con-tu-logo/05_presupuestos-1692439054-x128-f-gb.jpg | /media/products/copa-cabernet-vino-joven-grabada-con-tu-logo/06_mod-ph-42-1663147591.png | /media/products/copa-cabernet-vino-joven-grabada-con-tu-logo/07_mod-ph44-61-cl-1663147591.png | /media/products/copa-cabernet-vino-joven-grabada-con-tu-logo/08_canguro-airlaid-con-qr-1663147591.png | /media/products/copa-cabernet-vino-joven-grabada-con-tu-logo/09_img-20200128-123820-1663171355.jpg | /media/products/copa-cabernet-vino-joven-grabada-con-tu-logo/10_aqui-su-publicidad-1-1670758718.png | /media/products/copa-cabernet-vino-joven-grabada-con-tu-logo/11_servilleta-canguro-personalizada-eco-1679684414.png | /media/products/copa-cabernet-vino-joven-grabada-con-tu-logo/12_mod-57-1689071732.png | /media/products/copa-cabernet-vino-joven-grabada-con-tu-logo/13_compra-1-1612367413-x128-f-gb.jpg | /media/products/copa-cabernet-vino-joven-grabada-con-tu-logo/14_optima-1609073646-x128-f-gb.png | /media/products/copa-cabernet-vino-joven-grabada-con-tu-logo/15_deja-tu-impresion-de-compra-aqui-queremos-saber-si.png | /media/products/copa-cabernet-vino-joven-grabada-con-tu-logo/16_camion-phcom-1610453500-x128-f-gb.png | /media/products/copa-cabernet-vino-joven-grabada-con-tu-logo/17_blank.png | /media/products/copa-cabernet-vino-joven-grabada-con-tu-logo/25_transparent.png | /media/products/copa-cabernet-vino-joven-grabada-con-tu-logo/28_cabernete-1606642017.jpg | /media/products/copa-cabernet-vino-joven-grabada-con-tu-logo/32_facebook-4.png | /media/products/copa-cabernet-vino-joven-grabada-con-tu-logo/33_instagram-4.png;2026-02-18T11:42:53.688633;;;;;;;
/cristaleria-personalizada/;/copas-de-vino-personalizadas/;copa-classic-65-cl-grabada-con-tu-logo;8453991;;COPA CLASSIC 65 cl, GRABADA CON TU LOGO;https://www.personalizadoshosteleria.com/p8453991-copa-classic-65-cl-grabada-con-tu-logo.html;/media/products/copa-classic-65-cl-grabada-con-tu-logo/01_classic-stoelzle-1617810028-jpg.thumb | /media/products/copa-classic-65-cl-grabada-con-tu-logo/02_classic-62-producto-1617810048-jpg.thumb | /media/products/copa-classic-65-cl-grabada-con-tu-logo/03_calidad-cristal-perssonalizados-hosteleria-1617872.thumb | /media/products/copa-classic-65-cl-grabada-con-tu-logo/04_logo.jpg | /media/products/copa-classic-65-cl-grabada-con-tu-logo/05_presupuestos-1692439054-x128-f-gb.jpg | /media/products/copa-classic-65-cl-grabada-con-tu-logo/06_mod-ph-42-1663147591.png | /media/products/copa-classic-65-cl-grabada-con-tu-logo/07_mod-ph44-61-cl-1663147591.png | /media/products/copa-classic-65-cl-grabada-con-tu-logo/08_canguro-airlaid-con-qr-1663147591.png | /media/products/copa-classic-65-cl-grabada-con-tu-logo/09_img-20200128-123820-1663171355.jpg | /media/products/copa-classic-65-cl-grabada-con-tu-logo/10_aqui-su-publicidad-1-1670758718.png | /media/products/copa-classic-65-cl-grabada-con-tu-logo/11_servilleta-canguro-personalizada-eco-1679684414.png | /media/products/copa-classic-65-cl-grabada-con-tu-logo/12_mod-57-1689071732.png | /media/products/copa-classic-65-cl-grabada-con-tu-logo/13_compra-1-1612367413-x128-f-gb.jpg | /media/products/copa-classic-65-cl-grabada-con-tu-logo/14_optima-1609073646-x128-f-gb.png | /media/products/copa-classic-65-cl-grabada-con-tu-logo/15_deja-tu-impresion-de-compra-aqui-queremos-saber-si.png | /media/products/copa-classic-65-cl-grabada-con-tu-logo/16_camion-phcom-1610453500-x128-f-gb.png | /media/products/copa-classic-65-cl-grabada-con-tu-logo/17_blank.png | /media/products/copa-classic-65-cl-grabada-con-tu-logo/25_transparent.png | /media/products/copa-classic-65-cl-grabada-con-tu-logo/28_classic-stoelzle-1617810028.jpg | /media/products/copa-classic-65-cl-grabada-con-tu-logo/32_default.jpg | /media/products/copa-classic-65-cl-grabada-con-tu-logo/33_classic-1607418433-jpg.thumb;2026-02-18T11:44:28.223606;;;;;;;
/cristaleria-personalizada/;/copas-de-vino-personalizadas/;copa-classic-grabada-con-tu-logo;7348502;;COPA CLASSIC 44 cl, GRABADA CON TU LOGO;https://www.personalizadoshosteleria.com/p7348502-copa-classic-grabada-con-tu-logo.html;/media/products/copa-classic-grabada-con-tu-logo/01_copas-de-vino-personalizadas-classic-1610996309-jp.thumb | /media/products/copa-classic-grabada-con-tu-logo/02_classic-441-1617873851-jpg.thumb | /media/products/copa-classic-grabada-con-tu-logo/03_calidad-cristal-perssonalizados-hosteleria-1610989.thumb | /media/products/copa-classic-grabada-con-tu-logo/04_logo.jpg | /media/products/copa-classic-grabada-con-tu-logo/05_presupuestos-1692439054-x128-f-gb.jpg | /media/products/copa-classic-grabada-con-tu-logo/06_mod-ph-42-1663147591.png | /media/products/copa-classic-grabada-con-tu-logo/07_mod-ph44-61-cl-1663147591.png | /media/products/copa-classic-grabada-con-tu-logo/08_canguro-airlaid-con-qr-1663147591.png | /media/products/copa-classic-grabada-con-tu-logo/09_img-20200128-123820-1663171355.jpg | /media/products/copa-classic-grabada-con-tu-logo/10_aqui-su-publicidad-1-1670758718.png | /media/products/copa-classic-grabada-con-tu-logo/11_servilleta-canguro-personalizada-eco-1679684414.png | /media/products/copa-classic-grabada-con-tu-logo/12_mod-57-1689071732.png | /media/products/copa-classic-grabada-con-tu-logo/13_compra-1-1612367413-x128-f-gb.jpg | /media/products/copa-classic-grabada-con-tu-logo/14_optima-1609073646-x128-f-gb.png | /media/products/copa-classic-grabada-con-tu-logo/15_deja-tu-impresion-de-compra-aqui-queremos-saber-si.png | /media/products/copa-classic-grabada-con-tu-logo/16_camion-phcom-1610453500-x128-f-gb.png | /media/products/copa-classic-grabada-con-tu-logo/17_blank.png | /media/products/copa-classic-grabada-con-tu-logo/25_transparent.png | /media/products/copa-classic-grabada-con-tu-logo/28_copas-de-vino-personalizadas-classic-1610996309.jpg | /media/products/copa-classic-grabada-con-tu-logo/32_default.jpg | /media/products/copa-classic-grabada-con-tu-logo/33_magnum-130-1580490498-png.thumb;2026-02-18T11:42:48.423358;;;;;;;
/cristaleria-personalizada/;/copas-de-vino-personalizadas/;copa-de-vino-personalizada-mencia-44cl;8453976;;COPA DE VINO PERSONALIZADA. MENCIA 44 cl;https://www.personalizadoshosteleria.com/p8453976-copa-de-vino-personalizada-mencia-44cl.html;/media/products/copa-de-vino-personalizada-mencia-44cl/01_principal-mencia-1617809353-jpg.thumb | /media/products/copa-de-vino-personalizada-mencia-44cl/02_diapositiva7-1617809370-png.thumb | /media/products/copa-de-vino-personalizada-mencia-44cl/03_calidad-para-cristal-1617809265-jpg.thumb | /media/products/copa-de-vino-personalizada-mencia-44cl/04_logo.jpg | /media/products/copa-de-vino-personalizada-mencia-44cl/05_presupuestos-1692439054-x128-f-gb.jpg | /media/products/copa-de-vino-personalizada-mencia-44cl/06_mod-ph-42-1663147591.png | /media/products/copa-de-vino-personalizada-mencia-44cl/07_mod-ph44-61-cl-1663147591.png | /media/products/copa-de-vino-personalizada-mencia-44cl/08_canguro-airlaid-con-qr-1663147591.png | /media/products/copa-de-vino-personalizada-mencia-44cl/09_img-20200128-123820-1663171355.jpg | /media/products/copa-de-vino-personalizada-mencia-44cl/10_aqui-su-publicidad-1-1670758718.png | /media/products/copa-de-vino-personalizada-mencia-44cl/11_servilleta-canguro-personalizada-eco-1679684414.png | /media/products/copa-de-vino-personalizada-mencia-44cl/12_mod-57-1689071732.png | /media/products/copa-de-vino-personalizada-mencia-44cl/13_compra-1-1612367413-x128-f-gb.jpg | /media/products/copa-de-vino-personalizada-mencia-44cl/14_optima-1609073646-x128-f-gb.png | /media/products/copa-de-vino-personalizada-mencia-44cl/15_deja-tu-impresion-de-compra-aqui-queremos-saber-si.png | /media/products/copa-de-vino-personalizada-mencia-44cl/16_camion-phcom-1610453500-x128-f-gb.png | /media/products/copa-de-vino-personalizada-mencia-44cl/17_blank.png | /media/products/copa-de-vino-personalizada-mencia-44cl/25_transparent.png | /media/products/copa-de-vino-personalizada-mencia-44cl/28_principal-mencia-1617809353.jpg | /media/products/copa-de-vino-personalizada-mencia-44cl/32_cabernete-1606642017-jpg.thumb | /media/products/copa-de-vino-personalizada-mencia-44cl/33_reveal-up1-1606639607-jpg.thumb;2026-02-18T11:58:56.001673;;;;;;;
/cristaleria-personalizada/;/copas-de-vino-personalizadas/;copa-de-vino-personalizada-mod-ph-42;10189438;;COPA DE VINO PERSONALIZADA MOD. PH 42;https://www.personalizadoshosteleria.com/p10189438-copa-de-vino-personalizada-mod-ph-42.html;/media/products/copa-de-vino-personalizada-mod-ph-42/01_ph42-laser-1714818126-jpg.thumb | /media/products/copa-de-vino-personalizada-mod-ph-42/02_ph42-1714818127-jpg.thumb | /media/products/copa-de-vino-personalizada-mod-ph-42/03_sistema-de-personalizacion-1714818127-jpg.thumb | /media/products/copa-de-vino-personalizada-mod-ph-42/04_mod-ph-42-1661428482-jpg.thumb | /media/products/copa-de-vino-personalizada-mod-ph-42/05_logo.jpg | /media/products/copa-de-vino-personalizada-mod-ph-42/06_presupuestos-1692439054-x128-f-gb.jpg | /media/products/copa-de-vino-personalizada-mod-ph-42/07_mod-ph-42-1663147591.png | /media/products/copa-de-vino-personalizada-mod-ph-42/08_mod-ph44-61-cl-1663147591.png | /media/products/copa-de-vino-personalizada-mod-ph-42/09_canguro-airlaid-con-qr-1663147591.png | /media/products/copa-de-vino-personalizada-mod-ph-42/10_img-20200128-123820-1663171355.jpg | /media/products/copa-de-vino-personalizada-mod-ph-42/11_aqui-su-publicidad-1-1670758718.png | /media/products/copa-de-vino-personalizada-mod-ph-42/12_servilleta-canguro-personalizada-eco-1679684414.png | /media/products/copa-de-vino-personalizada-mod-ph-42/13_mod-57-1689071732.png | /media/products/copa-de-vino-personalizada-mod-ph-42/14_compra-1-1612367413-x128-f-gb.jpg | /media/products/copa-de-vino-personalizada-mod-ph-42/15_optima-1609073646-x128-f-gb.png | /media/products/copa-de-vino-personalizada-mod-ph-42/16_deja-tu-impresion-de-compra-aqui-queremos-saber-si.png | /media/products/copa-de-vino-personalizada-mod-ph-42/17_camion-phcom-1610453500-x128-f-gb.png | /media/products/copa-de-vino-personalizada-mod-ph-42/18_blank.png | /media/products/copa-de-vino-personalizada-mod-ph-42/26_transparent.png | /media/products/copa-de-vino-personalizada-mod-ph-42/29_ph42-laser-1714818126.jpg | /media/products/copa-de-vino-personalizada-mod-ph-42/34_facebook-4.png;2026-02-18T11:38:00.716117;;;;;;;
/cristaleria-personalizada/;/copas-de-vino-personalizadas/;copa-de-vino-personalizada-mod-ph-44;10189089;;COPA DE VINO PERSONALIZADA MOD. PH 44;https://www.personalizadoshosteleria.com/p10189089-copa-de-vino-personalizada-mod-ph-44.html;/media/products/copa-de-vino-personalizada-mod-ph-44/01_mod-ph-44-1675537373-jpg.thumb | /media/products/copa-de-vino-personalizada-mod-ph-44/02_mod-ph44-44-cl-1661420427-jpg.thumb | /media/products/copa-de-vino-personalizada-mod-ph-44/03_mod-ph44-35-cl-1661420427-jpg.thumb | /media/products/copa-de-vino-personalizada-mod-ph-44/04_calidad-cristal-grabado-1661420406-jpg.thumb | /media/products/copa-de-vino-personalizada-mod-ph-44/05_logo.jpg | /media/products/copa-de-vino-personalizada-mod-ph-44/06_presupuestos-1692439054-x128-f-gb.jpg | /media/products/copa-de-vino-personalizada-mod-ph-44/07_mod-ph-42-1663147591.png | /media/products/copa-de-vino-personalizada-mod-ph-44/08_mod-ph44-61-cl-1663147591.png | /media/products/copa-de-vino-personalizada-mod-ph-44/09_canguro-airlaid-con-qr-1663147591.png | /media/products/copa-de-vino-personalizada-mod-ph-44/10_img-20200128-123820-1663171355.jpg | /media/products/copa-de-vino-personalizada-mod-ph-44/11_aqui-su-publicidad-1-1670758718.png | /media/products/copa-de-vino-personalizada-mod-ph-44/12_servilleta-canguro-personalizada-eco-1679684414.png | /media/products/copa-de-vino-personalizada-mod-ph-44/13_mod-57-1689071732.png | /media/products/copa-de-vino-personalizada-mod-ph-44/14_compra-1-1612367413-x128-f-gb.jpg | /media/products/copa-de-vino-personalizada-mod-ph-44/15_optima-1609073646-x128-f-gb.png | /media/products/copa-de-vino-personalizada-mod-ph-44/16_deja-tu-impresion-de-compra-aqui-queremos-saber-si.png | /media/products/copa-de-vino-personalizada-mod-ph-44/17_camion-phcom-1610453500-x128-f-gb.png | /media/products/copa-de-vino-personalizada-mod-ph-44/18_blank.png | /media/products/copa-de-vino-personalizada-mod-ph-44/26_transparent.png | /media/products/copa-de-vino-personalizada-mod-ph-44/29_mod-ph-44-1675537373.jpg | /media/products/copa-de-vino-personalizada-mod-ph-44/34_ph42-laser-1714818126-jpg.thumb;2026-02-18T11:38:03.368124;;;;;;;
/cristaleria-personalizada/;/copas-de-vino-personalizadas/;copa-de-vino-personalizada-mod-ph-46;10440968;;COPA DE VINO PERSONALIZADA MOD. PH46;https://www.personalizadoshosteleria.com/p10440968-copa-de-vino-personalizada-mod-ph-46.html;/media/products/copa-de-vino-personalizada-mod-ph-46/01_ph46-42-1670240349-jpg.thumb | /media/products/copa-de-vino-personalizada-mod-ph-46/02_ph46-56-1670240362-jpg.thumb | /media/products/copa-de-vino-personalizada-mod-ph-46/03_copa-de-vino-ph46-1670237646-jpg.thumb | /media/products/copa-de-vino-personalizada-mod-ph-46/04_4-1670240349-jpg.thumb | /media/products/copa-de-vino-personalizada-mod-ph-46/05_logo.jpg | /media/products/copa-de-vino-personalizada-mod-ph-46/06_presupuestos-1692439054-x128-f-gb.jpg | /media/products/copa-de-vino-personalizada-mod-ph-46/07_mod-ph-42-1663147591.png | /media/products/copa-de-vino-personalizada-mod-ph-46/08_mod-ph44-61-cl-1663147591.png | /media/products/copa-de-vino-personalizada-mod-ph-46/09_canguro-airlaid-con-qr-1663147591.png | /media/products/copa-de-vino-personalizada-mod-ph-46/10_img-20200128-123820-1663171355.jpg | /media/products/copa-de-vino-personalizada-mod-ph-46/11_aqui-su-publicidad-1-1670758718.png | /media/products/copa-de-vino-personalizada-mod-ph-46/12_servilleta-canguro-personalizada-eco-1679684414.png | /media/products/copa-de-vino-personalizada-mod-ph-46/13_mod-57-1689071732.png | /media/products/copa-de-vino-personalizada-mod-ph-46/14_compra-1-1612367413-x128-f-gb.jpg | /media/products/copa-de-vino-personalizada-mod-ph-46/15_optima-1609073646-x128-f-gb.png | /media/products/copa-de-vino-personalizada-mod-ph-46/16_deja-tu-impresion-de-compra-aqui-queremos-saber-si.png | /media/products/copa-de-vino-personalizada-mod-ph-46/17_camion-phcom-1610453500-x128-f-gb.png | /media/products/copa-de-vino-personalizada-mod-ph-46/18_blank.png | /media/products/copa-de-vino-personalizada-mod-ph-46/26_transparent.png | /media/products/copa-de-vino-personalizada-mod-ph-46/29_ph46-42-1670240349.jpg | /media/products/copa-de-vino-personalizada-mod-ph-46/34_ph42-laser-1714818126-jpg.thumb;2026-02-18T11:43:42.721923;;;;;;;
/cristaleria-personalizada/;/copas-de-vino-personalizadas/;copa-de-vino-personalizada-mod-ph-57;10681853;;COPA DE VINO PERSONALIZADA MOD. PH 57;https://www.personalizadoshosteleria.com/p10681853-copa-de-vino-personalizada-mod-ph-57.html;/media/products/copa-de-vino-personalizada-mod-ph-57/01_copa-de-vino-ph57-50-cl-1706380888-jpg.thumb | /media/products/copa-de-vino-personalizada-mod-ph-57/02_ph-57-1682245495-jpg.thumb | /media/products/copa-de-vino-personalizada-mod-ph-57/03_4-1682242090-jpg.thumb | /media/products/copa-de-vino-personalizada-mod-ph-57/04_logo.jpg | /media/products/copa-de-vino-personalizada-mod-ph-57/05_presupuestos-1692439054-x128-f-gb.jpg | /media/products/copa-de-vino-personalizada-mod-ph-57/06_mod-ph-42-1663147591.png | /media/products/copa-de-vino-personalizada-mod-ph-57/07_mod-ph44-61-cl-1663147591.png | /media/products/copa-de-vino-personalizada-mod-ph-57/08_canguro-airlaid-con-qr-1663147591.png | /media/products/copa-de-vino-personalizada-mod-ph-57/09_img-20200128-123820-1663171355.jpg | /media/products/copa-de-vino-personalizada-mod-ph-57/10_aqui-su-publicidad-1-1670758718.png | /media/products/copa-de-vino-personalizada-mod-ph-57/11_servilleta-canguro-personalizada-eco-1679684414.png | /media/products/copa-de-vino-personalizada-mod-ph-57/12_mod-57-1689071732.png | /media/products/copa-de-vino-personalizada-mod-ph-57/13_compra-1-1612367413-x128-f-gb.jpg | /media/products/copa-de-vino-personalizada-mod-ph-57/14_optima-1609073646-x128-f-gb.png | /media/products/copa-de-vino-personalizada-mod-ph-57/15_deja-tu-impresion-de-compra-aqui-queremos-saber-si.png | /media/products/copa-de-vino-personalizada-mod-ph-57/16_camion-phcom-1610453500-x128-f-gb.png | /media/products/copa-de-vino-personalizada-mod-ph-57/17_blank.png | /media/products/copa-de-vino-personalizada-mod-ph-57/25_transparent.png | /media/products/copa-de-vino-personalizada-mod-ph-57/28_copa-de-vino-ph57-50-cl-1706380888.jpg | /media/products/copa-de-vino-personalizada-mod-ph-57/32_facebook-4.png | /media/products/copa-de-vino-personalizada-mod-ph-57/33_instagram-4.png;2026-02-18T11:38:09.568057;;;;;;;
/cristaleria-personalizada/;/copas-de-vino-personalizadas/;copa-de-vino-personalizada-mod-ph47;10681855;;COPA DE VINO PERSONALIZADA MOD. PH47;https://www.personalizadoshosteleria.com/p10681855-copa-de-vino-personalizada-mod-ph47.html;/media/products/copa-de-vino-personalizada-mod-ph47/01_ph46-56-1682243540-jpg.thumb | /media/products/copa-de-vino-personalizada-mod-ph47/02_4-1682243544-jpg.thumb | /media/products/copa-de-vino-personalizada-mod-ph47/03_logo.jpg | /media/products/copa-de-vino-personalizada-mod-ph47/04_presupuestos-1692439054-x128-f-gb.jpg | /media/products/copa-de-vino-personalizada-mod-ph47/05_mod-ph-42-1663147591.png | /media/products/copa-de-vino-personalizada-mod-ph47/06_mod-ph44-61-cl-1663147591.png | /media/products/copa-de-vino-personalizada-mod-ph47/07_canguro-airlaid-con-qr-1663147591.png | /media/products/copa-de-vino-personalizada-mod-ph47/08_img-20200128-123820-1663171355.jpg | /media/products/copa-de-vino-personalizada-mod-ph47/09_aqui-su-publicidad-1-1670758718.png | /media/products/copa-de-vino-personalizada-mod-ph47/10_servilleta-canguro-personalizada-eco-1679684414.png | /media/products/copa-de-vino-personalizada-mod-ph47/11_mod-57-1689071732.png | /media/products/copa-de-vino-personalizada-mod-ph47/12_compra-1-1612367413-x128-f-gb.jpg | /media/products/copa-de-vino-personalizada-mod-ph47/13_optima-1609073646-x128-f-gb.png | /media/products/copa-de-vino-personalizada-mod-ph47/14_deja-tu-impresion-de-compra-aqui-queremos-saber-si.png | /media/products/copa-de-vino-personalizada-mod-ph47/15_camion-phcom-1610453500-x128-f-gb.png | /media/products/copa-de-vino-personalizada-mod-ph47/16_blank.png | /media/products/copa-de-vino-personalizada-mod-ph47/24_transparent.png | /media/products/copa-de-vino-personalizada-mod-ph47/27_ph46-56-1682243540.jpg | /media/products/copa-de-vino-personalizada-mod-ph47/30_ph42-laser-1714818126-jpg.thumb | /media/products/copa-de-vino-personalizada-mod-ph47/31_facebook-4.png | /media/products/copa-de-vino-personalizada-mod-ph47/32_instagram-4.png;2026-02-18T11:43:45.209463;;;;;;;
/cristaleria-personalizada/;/copas-de-vino-personalizadas/;copa-de-vino-personalizada-ph54-52-cl-el-modelo-estrategico-para-controlar-la-rentabilidad;11641611;;Copa de Vino Personalizada PH54 (52 cl): El Modelo Estratégico para Controlar la Rentabilidad;https://www.personalizadoshosteleria.com/p11641611-copa-de-vino-personalizada-ph54-52-cl-el-modelo-estrategico-para-controlar-la-rentabilidad.html;/media/products/copa-de-vino-personalizada-ph54-52-cl-el-modelo-estrategico-para-controlar-la-rentabilidad/01_copa-vino-ph54-personalizada-hosteleria-1762337791.thumb | /media/products/copa-de-vino-personalizada-ph54-52-cl-el-modelo-estrategico-para-controlar-la-rentabilidad/02_copa-vino-ph54-alta-resistencia-grabada-laser-1762.thumb | /media/products/copa-de-vino-personalizada-ph54-52-cl-el-modelo-estrategico-para-controlar-la-rentabilidad/03_detalle-grabado-logo-control-escandallo-1762337791.thumb | /media/products/copa-de-vino-personalizada-ph54-52-cl-el-modelo-estrategico-para-controlar-la-rentabilidad/04_logo.jpg | /media/products/copa-de-vino-personalizada-ph54-52-cl-el-modelo-estrategico-para-controlar-la-rentabilidad/05_presupuestos-1692439054-x128-f-gb.jpg | /media/products/copa-de-vino-personalizada-ph54-52-cl-el-modelo-estrategico-para-controlar-la-rentabilidad/06_mod-ph-42-1663147591.png | /media/products/copa-de-vino-personalizada-ph54-52-cl-el-modelo-estrategico-para-controlar-la-rentabilidad/07_mod-ph44-61-cl-1663147591.png | /media/products/copa-de-vino-personalizada-ph54-52-cl-el-modelo-estrategico-para-controlar-la-rentabilidad/08_canguro-airlaid-con-qr-1663147591.png | /media/products/copa-de-vino-personalizada-ph54-52-cl-el-modelo-estrategico-para-controlar-la-rentabilidad/09_img-20200128-123820-1663171355.jpg | /media/products/copa-de-vino-personalizada-ph54-52-cl-el-modelo-estrategico-para-controlar-la-rentabilidad/10_aqui-su-publicidad-1-1670758718.png | /media/products/copa-de-vino-personalizada-ph54-52-cl-el-modelo-estrategico-para-controlar-la-rentabilidad/11_servilleta-canguro-personalizada-eco-1679684414.png | /media/products/copa-de-vino-personalizada-ph54-52-cl-el-modelo-estrategico-para-controlar-la-rentabilidad/12_mod-57-1689071732.png | /media/products/copa-de-vino-personalizada-ph54-52-cl-el-modelo-estrategico-para-controlar-la-rentabilidad/13_compra-1-1612367413-x128-f-gb.jpg | /media/products/copa-de-vino-personalizada-ph54-52-cl-el-modelo-estrategico-para-controlar-la-rentabilidad/14_optima-1609073646-x128-f-gb.png | /media/products/copa-de-vino-personalizada-ph54-52-cl-el-modelo-estrategico-para-controlar-la-rentabilidad/15_deja-tu-impresion-de-compra-aqui-queremos-saber-si.png | /media/products/copa-de-vino-personalizada-ph54-52-cl-el-modelo-estrategico-para-controlar-la-rentabilidad/16_camion-phcom-1610453500-x128-f-gb.png | /media/products/copa-de-vino-personalizada-ph54-52-cl-el-modelo-estrategico-para-controlar-la-rentabilidad/17_blank.png | /media/products/copa-de-vino-personalizada-ph54-52-cl-el-modelo-estrategico-para-controlar-la-rentabilidad/25_transparent.png | /media/products/copa-de-vino-personalizada-ph54-52-cl-el-modelo-estrategico-para-controlar-la-rentabilidad/28_copa-vino-ph54-personalizada-hosteleria-1762337791.jpg | /media/products/copa-de-vino-personalizada-ph54-52-cl-el-modelo-estrategico-para-controlar-la-rentabilidad/32_copia-de-enoteca-1607710335-jpg.thumb | /media/products/copa-de-vino-personalizada-ph54-52-cl-el-modelo-estrategico-para-controlar-la-rentabilidad/33_copia-de-enoteca-1607709202-jpg.thumb;2026-02-18T11:59:40.263856;;;;;;;
/cristaleria-personalizada/;/copas-de-vino-personalizadas/;copa-de-vino-personalizada-ph60;11530888;;COPA DE VINO PERSONALIZADA PH60;https://www.personalizadoshosteleria.com/p11530888-copa-de-vino-personalizada-ph60.html;/media/products/copa-de-vino-personalizada-ph60/01_ph60-1747408712-jpg.thumb | /media/products/copa-de-vino-personalizada-ph60/02_ph60-travis-1747409516-jpg.thumb | /media/products/copa-de-vino-personalizada-ph60/03_ph60-y-ph40-travis-1747409516-jpg.thumb | /media/products/copa-de-vino-personalizada-ph60/04_logo.jpg | /media/products/copa-de-vino-personalizada-ph60/05_presupuestos-1692439054-x128-f-gb.jpg | /media/products/copa-de-vino-personalizada-ph60/06_mod-ph-42-1663147591.png | /media/products/copa-de-vino-personalizada-ph60/07_mod-ph44-61-cl-1663147591.png | /media/products/copa-de-vino-personalizada-ph60/08_canguro-airlaid-con-qr-1663147591.png | /media/products/copa-de-vino-personalizada-ph60/09_img-20200128-123820-1663171355.jpg | /media/products/copa-de-vino-personalizada-ph60/10_aqui-su-publicidad-1-1670758718.png | /media/products/copa-de-vino-personalizada-ph60/11_servilleta-canguro-personalizada-eco-1679684414.png | /media/products/copa-de-vino-personalizada-ph60/12_mod-57-1689071732.png | /media/products/copa-de-vino-personalizada-ph60/13_compra-1-1612367413-x128-f-gb.jpg | /media/products/copa-de-vino-personalizada-ph60/14_optima-1609073646-x128-f-gb.png | /media/products/copa-de-vino-personalizada-ph60/15_deja-tu-impresion-de-compra-aqui-queremos-saber-si.png | /media/products/copa-de-vino-personalizada-ph60/16_camion-phcom-1610453500-x128-f-gb.png | /media/products/copa-de-vino-personalizada-ph60/17_blank.png | /media/products/copa-de-vino-personalizada-ph60/25_transparent.png | /media/products/copa-de-vino-personalizada-ph60/28_ph60-1747408712.jpg | /media/products/copa-de-vino-personalizada-ph60/32_savoy1-1610794807-jpg.thumb | /media/products/copa-de-vino-personalizada-ph60/33_vaso-de-cerveza-personalizado-nonix-29-1612703110-.thumb;2026-02-18T11:43:54.573949;;;;;;;
/cristaleria-personalizada/;/copas-de-vino-personalizadas/;copa-de-vino-personalizada-refine-44-cl;8532278;;COPA DE VINO PERSONALIZADA REFINE 44 CL,;https://www.personalizadoshosteleria.com/p8532278-copa-de-vino-personalizada-refine-44-cl.html;/media/products/copa-de-vino-personalizada-refine-44-cl/01_copa-personalizada-de-vino-refine-1620229933-jpg.thumb | /media/products/copa-de-vino-personalizada-refine-44-cl/02_copa-de-vino-personalizada-refine-44-1620229938-jp.thumb | /media/products/copa-de-vino-personalizada-refine-44-cl/03_copa-personalizada-de-vino-refine-62-5-1620229944-.thumb | /media/products/copa-de-vino-personalizada-refine-44-cl/04_calidad-grabado-1620229949-jpg.thumb | /media/products/copa-de-vino-personalizada-refine-44-cl/05_logo.jpg | /media/products/copa-de-vino-personalizada-refine-44-cl/06_presupuestos-1692439054-x128-f-gb.jpg | /media/products/copa-de-vino-personalizada-refine-44-cl/07_mod-ph-42-1663147591.png | /media/products/copa-de-vino-personalizada-refine-44-cl/08_mod-ph44-61-cl-1663147591.png | /media/products/copa-de-vino-personalizada-refine-44-cl/09_canguro-airlaid-con-qr-1663147591.png | /media/products/copa-de-vino-personalizada-refine-44-cl/10_img-20200128-123820-1663171355.jpg | /media/products/copa-de-vino-personalizada-refine-44-cl/11_aqui-su-publicidad-1-1670758718.png | /media/products/copa-de-vino-personalizada-refine-44-cl/12_servilleta-canguro-personalizada-eco-1679684414.png | /media/products/copa-de-vino-personalizada-refine-44-cl/13_mod-57-1689071732.png | /media/products/copa-de-vino-personalizada-refine-44-cl/14_compra-1-1612367413-x128-f-gb.jpg | /media/products/copa-de-vino-personalizada-refine-44-cl/15_optima-1609073646-x128-f-gb.png | /media/products/copa-de-vino-personalizada-refine-44-cl/16_deja-tu-impresion-de-compra-aqui-queremos-saber-si.png | /media/products/copa-de-vino-personalizada-refine-44-cl/17_camion-phcom-1610453500-x128-f-gb.png | /media/products/copa-de-vino-personalizada-refine-44-cl/18_blank.png | /media/products/copa-de-vino-personalizada-refine-44-cl/26_transparent.png | /media/products/copa-de-vino-personalizada-refine-44-cl/29_copa-personalizada-de-vino-refine-1620229933.jpg | /media/products/copa-de-vino-personalizada-refine-44-cl/34_magnum-130-1580490498-png.thumb;2026-02-18T11:44:35.769289;;;;;;;
/cristaleria-personalizada/;/copas-de-vino-personalizadas/;copa-de-vino-personalizada-refine-61-cl;8532267;;COPA DE VINO PERSONALIZADA REFINE 61 CL,;https://www.personalizadoshosteleria.com/p8532267-copa-de-vino-personalizada-refine-61-cl.html;/media/products/copa-de-vino-personalizada-refine-61-cl/01_copa-de-vino-personalizada-refine-1620229375-jpg.thumb | /media/products/copa-de-vino-personalizada-refine-61-cl/02_copa-de-vino-personalizada-refine-61-1620229369-jp.thumb | /media/products/copa-de-vino-personalizada-refine-61-cl/03_calidad-grabado-1620229361-jpg.thumb | /media/products/copa-de-vino-personalizada-refine-61-cl/04_copa-de-vino-personalizada-refine-44-1620229366-jp.thumb | /media/products/copa-de-vino-personalizada-refine-61-cl/05_logo.jpg | /media/products/copa-de-vino-personalizada-refine-61-cl/06_presupuestos-1692439054-x128-f-gb.jpg | /media/products/copa-de-vino-personalizada-refine-61-cl/07_mod-ph-42-1663147591.png | /media/products/copa-de-vino-personalizada-refine-61-cl/08_mod-ph44-61-cl-1663147591.png | /media/products/copa-de-vino-personalizada-refine-61-cl/09_canguro-airlaid-con-qr-1663147591.png | /media/products/copa-de-vino-personalizada-refine-61-cl/10_img-20200128-123820-1663171355.jpg | /media/products/copa-de-vino-personalizada-refine-61-cl/11_aqui-su-publicidad-1-1670758718.png | /media/products/copa-de-vino-personalizada-refine-61-cl/12_servilleta-canguro-personalizada-eco-1679684414.png | /media/products/copa-de-vino-personalizada-refine-61-cl/13_mod-57-1689071732.png | /media/products/copa-de-vino-personalizada-refine-61-cl/14_compra-1-1612367413-x128-f-gb.jpg | /media/products/copa-de-vino-personalizada-refine-61-cl/15_optima-1609073646-x128-f-gb.png | /media/products/copa-de-vino-personalizada-refine-61-cl/16_deja-tu-impresion-de-compra-aqui-queremos-saber-si.png | /media/products/copa-de-vino-personalizada-refine-61-cl/17_camion-phcom-1610453500-x128-f-gb.png | /media/products/copa-de-vino-personalizada-refine-61-cl/18_blank.png | /media/products/copa-de-vino-personalizada-refine-61-cl/26_transparent.png | /media/products/copa-de-vino-personalizada-refine-61-cl/29_copa-de-vino-personalizada-refine-1620229375.jpg | /media/products/copa-de-vino-personalizada-refine-61-cl/34_principe-1607691048-jpg.thumb;2026-02-18T12:01:58.173193;;;;;;;
/cristaleria-personalizada/;/copas-de-vino-personalizadas/;copa-de-vino-personalizada-refine-62-5-cl;8532285;;COPA DE VINO PERSONALIZADA REFINE 62,5 CL,;https://www.personalizadoshosteleria.com/p8532285-copa-de-vino-personalizada-refine-62-5-cl.html;/media/products/copa-de-vino-personalizada-refine-62-5-cl/01_refine-1-1620230591-jpg.thumb | /media/products/copa-de-vino-personalizada-refine-62-5-cl/02_copa-personalizada-de-vino-refine-62-5-1620230103-.thumb | /media/products/copa-de-vino-personalizada-refine-62-5-cl/03_copa-de-vino-personalizada-refine-44-1620230109-jp.thumb | /media/products/copa-de-vino-personalizada-refine-62-5-cl/04_calidad-grabado-1620230114-jpg.thumb | /media/products/copa-de-vino-personalizada-refine-62-5-cl/05_logo.jpg | /media/products/copa-de-vino-personalizada-refine-62-5-cl/06_presupuestos-1692439054-x128-f-gb.jpg | /media/products/copa-de-vino-personalizada-refine-62-5-cl/07_mod-ph-42-1663147591.png | /media/products/copa-de-vino-personalizada-refine-62-5-cl/08_mod-ph44-61-cl-1663147591.png | /media/products/copa-de-vino-personalizada-refine-62-5-cl/09_canguro-airlaid-con-qr-1663147591.png | /media/products/copa-de-vino-personalizada-refine-62-5-cl/10_img-20200128-123820-1663171355.jpg | /media/products/copa-de-vino-personalizada-refine-62-5-cl/11_aqui-su-publicidad-1-1670758718.png | /media/products/copa-de-vino-personalizada-refine-62-5-cl/12_servilleta-canguro-personalizada-eco-1679684414.png | /media/products/copa-de-vino-personalizada-refine-62-5-cl/13_mod-57-1689071732.png | /media/products/copa-de-vino-personalizada-refine-62-5-cl/14_compra-1-1612367413-x128-f-gb.jpg | /media/products/copa-de-vino-personalizada-refine-62-5-cl/15_optima-1609073646-x128-f-gb.png | /media/products/copa-de-vino-personalizada-refine-62-5-cl/16_deja-tu-impresion-de-compra-aqui-queremos-saber-si.png | /media/products/copa-de-vino-personalizada-refine-62-5-cl/17_camion-phcom-1610453500-x128-f-gb.png | /media/products/copa-de-vino-personalizada-refine-62-5-cl/18_blank.png | /media/products/copa-de-vino-personalizada-refine-62-5-cl/26_transparent.png | /media/products/copa-de-vino-personalizada-refine-62-5-cl/29_refine-1-1620230591.jpg | /media/products/copa-de-vino-personalizada-refine-62-5-cl/34_copas-gin-tonic-persoanalizadas-ambassador-1610889.thumb;2026-02-18T11:44:38.248980;;;;;;;
/cristaleria-personalizada/;/copas-de-vino-personalizadas/;copa-de-vino-personalizada-taboo-44;8419730;;COPA DE VINO PERSONALIZADA TABOO 44 cl;https://www.personalizadoshosteleria.com/p8419730-copa-de-vino-personalizada-taboo-44.html;/media/products/copa-de-vino-personalizada-taboo-44/01_copa-de-vino-personalizada-taboo-1616182090-jpg.thumb | /media/products/copa-de-vino-personalizada-taboo-44/02_copa-taboo-medidas-1616098761-jpg.thumb | /media/products/copa-de-vino-personalizada-taboo-44/03_caracteristicas-1616098761-jpg.thumb | /media/products/copa-de-vino-personalizada-taboo-44/04_calidad-grabado-1616098761-jpg.thumb | /media/products/copa-de-vino-personalizada-taboo-44/05_logo.jpg | /media/products/copa-de-vino-personalizada-taboo-44/06_presupuestos-1692439054-x128-f-gb.jpg | /media/products/copa-de-vino-personalizada-taboo-44/07_mod-ph-42-1663147591.png | /media/products/copa-de-vino-personalizada-taboo-44/08_mod-ph44-61-cl-1663147591.png | /media/products/copa-de-vino-personalizada-taboo-44/09_canguro-airlaid-con-qr-1663147591.png | /media/products/copa-de-vino-personalizada-taboo-44/10_img-20200128-123820-1663171355.jpg | /media/products/copa-de-vino-personalizada-taboo-44/11_aqui-su-publicidad-1-1670758718.png | /media/products/copa-de-vino-personalizada-taboo-44/12_servilleta-canguro-personalizada-eco-1679684414.png | /media/products/copa-de-vino-personalizada-taboo-44/13_mod-57-1689071732.png | /media/products/copa-de-vino-personalizada-taboo-44/14_compra-1-1612367413-x128-f-gb.jpg | /media/products/copa-de-vino-personalizada-taboo-44/15_optima-1609073646-x128-f-gb.png | /media/products/copa-de-vino-personalizada-taboo-44/16_deja-tu-impresion-de-compra-aqui-queremos-saber-si.png | /media/products/copa-de-vino-personalizada-taboo-44/17_camion-phcom-1610453500-x128-f-gb.png | /media/products/copa-de-vino-personalizada-taboo-44/18_blank.png | /media/products/copa-de-vino-personalizada-taboo-44/26_transparent.png | /media/products/copa-de-vino-personalizada-taboo-44/29_copa-de-vino-personalizada-taboo-1616182090.jpg | /media/products/copa-de-vino-personalizada-taboo-44/34_tazay-platillo-personalizados-ischia-1611430321-pn.thumb;2026-02-18T11:44:23.299084;;;;;;;
/cristaleria-personalizada/;/copas-de-vino-personalizadas/;copa-de-vino-personalizada-taboo-58;8419691;;COPA DE VINO PERSONALIZADA TABOO 58  cl;https://www.personalizadoshosteleria.com/p8419691-copa-de-vino-personalizada-taboo-58.html;/media/products/copa-de-vino-personalizada-taboo-58/01_copa-vino-taboo-1616095677-jpg.thumb | /media/products/copa-de-vino-personalizada-taboo-58/02_copa-taboo-medidas-1616095677-jpg.thumb | /media/products/copa-de-vino-personalizada-taboo-58/03_caracteristicas-1616095677-jpg.thumb | /media/products/copa-de-vino-personalizada-taboo-58/04_calidad-grabado-1616095738-jpg.thumb | /media/products/copa-de-vino-personalizada-taboo-58/05_logo.jpg | /media/products/copa-de-vino-personalizada-taboo-58/06_presupuestos-1692439054-x128-f-gb.jpg | /media/products/copa-de-vino-personalizada-taboo-58/07_mod-ph-42-1663147591.png | /media/products/copa-de-vino-personalizada-taboo-58/08_mod-ph44-61-cl-1663147591.png | /media/products/copa-de-vino-personalizada-taboo-58/09_canguro-airlaid-con-qr-1663147591.png | /media/products/copa-de-vino-personalizada-taboo-58/10_img-20200128-123820-1663171355.jpg | /media/products/copa-de-vino-personalizada-taboo-58/11_aqui-su-publicidad-1-1670758718.png | /media/products/copa-de-vino-personalizada-taboo-58/12_servilleta-canguro-personalizada-eco-1679684414.png | /media/products/copa-de-vino-personalizada-taboo-58/13_mod-57-1689071732.png | /media/products/copa-de-vino-personalizada-taboo-58/14_compra-1-1612367413-x128-f-gb.jpg | /media/products/copa-de-vino-personalizada-taboo-58/15_optima-1609073646-x128-f-gb.png | /media/products/copa-de-vino-personalizada-taboo-58/16_deja-tu-impresion-de-compra-aqui-queremos-saber-si.png | /media/products/copa-de-vino-personalizada-taboo-58/17_camion-phcom-1610453500-x128-f-gb.png | /media/products/copa-de-vino-personalizada-taboo-58/18_blank.png | /media/products/copa-de-vino-personalizada-taboo-58/26_transparent.png | /media/products/copa-de-vino-personalizada-taboo-58/29_copa-vino-taboo-1616095677.jpg | /media/products/copa-de-vino-personalizada-taboo-58/34_jarra-de-cerveza-personalizada-amberes-1610737582-.thumb;2026-02-18T11:44:20.763502;;;;;;;
/cristaleria-personalizada/;/copas-de-vino-personalizadas/;copa-de-vino-sublym-45cl-grabada-con-su-logo;8454022;;COPA DE VINO SUBLYM 45cl, GRABADA CON SU LOGO;https://www.personalizadoshosteleria.com/p8454022-copa-de-vino-sublym-45cl-grabada-con-su-logo.html;/media/products/copa-de-vino-sublym-45cl-grabada-con-su-logo/01_sublym-1617811142-jpg.thumb | /media/products/copa-de-vino-sublym-45cl-grabada-con-su-logo/02_sublym45-1617811133-jpg.thumb | /media/products/copa-de-vino-sublym-45cl-grabada-con-su-logo/03_calidad-cristal-perssonalizados-hosteleria-1617814.thumb | /media/products/copa-de-vino-sublym-45cl-grabada-con-su-logo/04_logo.jpg | /media/products/copa-de-vino-sublym-45cl-grabada-con-su-logo/05_presupuestos-1692439054-x128-f-gb.jpg | /media/products/copa-de-vino-sublym-45cl-grabada-con-su-logo/06_mod-ph-42-1663147591.png | /media/products/copa-de-vino-sublym-45cl-grabada-con-su-logo/07_mod-ph44-61-cl-1663147591.png | /media/products/copa-de-vino-sublym-45cl-grabada-con-su-logo/08_canguro-airlaid-con-qr-1663147591.png | /media/products/copa-de-vino-sublym-45cl-grabada-con-su-logo/09_img-20200128-123820-1663171355.jpg | /media/products/copa-de-vino-sublym-45cl-grabada-con-su-logo/10_aqui-su-publicidad-1-1670758718.png | /media/products/copa-de-vino-sublym-45cl-grabada-con-su-logo/11_servilleta-canguro-personalizada-eco-1679684414.png | /media/products/copa-de-vino-sublym-45cl-grabada-con-su-logo/12_mod-57-1689071732.png | /media/products/copa-de-vino-sublym-45cl-grabada-con-su-logo/13_compra-1-1612367413-x128-f-gb.jpg | /media/products/copa-de-vino-sublym-45cl-grabada-con-su-logo/14_optima-1609073646-x128-f-gb.png | /media/products/copa-de-vino-sublym-45cl-grabada-con-su-logo/15_deja-tu-impresion-de-compra-aqui-queremos-saber-si.png | /media/products/copa-de-vino-sublym-45cl-grabada-con-su-logo/16_camion-phcom-1610453500-x128-f-gb.png | /media/products/copa-de-vino-sublym-45cl-grabada-con-su-logo/17_blank.png | /media/products/copa-de-vino-sublym-45cl-grabada-con-su-logo/25_transparent.png | /media/products/copa-de-vino-sublym-45cl-grabada-con-su-logo/28_sublym-1617811142.jpg | /media/products/copa-de-vino-sublym-45cl-grabada-con-su-logo/32_facebook-4.png | /media/products/copa-de-vino-sublym-45cl-grabada-con-su-logo/33_instagram-4.png;2026-02-18T11:44:33.202454;;;;;;;
/cristaleria-personalizada/;/copas-de-vino-personalizadas/;copa-de-vino-sublym-55-grabada-con-tu-logo;7295638;;COPA DE VINO SUBLYM 55 cl, GRABADA CON SU LOGO;https://www.personalizadoshosteleria.com/p7295638-copa-de-vino-sublym-55-grabada-con-tu-logo.html;/media/products/copa-de-vino-sublym-55-grabada-con-tu-logo/01_sublym-1606637975-jpg.thumb | /media/products/copa-de-vino-sublym-55-grabada-con-tu-logo/02_sublim55-1593193711-jpg.thumb | /media/products/copa-de-vino-sublym-55-grabada-con-tu-logo/03_calidad-cristal-perssonalizados-hosteleria-1610991.thumb | /media/products/copa-de-vino-sublym-55-grabada-con-tu-logo/04_logo.jpg | /media/products/copa-de-vino-sublym-55-grabada-con-tu-logo/05_presupuestos-1692439054-x128-f-gb.jpg | /media/products/copa-de-vino-sublym-55-grabada-con-tu-logo/06_mod-ph-42-1663147591.png | /media/products/copa-de-vino-sublym-55-grabada-con-tu-logo/07_mod-ph44-61-cl-1663147591.png | /media/products/copa-de-vino-sublym-55-grabada-con-tu-logo/08_canguro-airlaid-con-qr-1663147591.png | /media/products/copa-de-vino-sublym-55-grabada-con-tu-logo/09_img-20200128-123820-1663171355.jpg | /media/products/copa-de-vino-sublym-55-grabada-con-tu-logo/10_aqui-su-publicidad-1-1670758718.png | /media/products/copa-de-vino-sublym-55-grabada-con-tu-logo/11_servilleta-canguro-personalizada-eco-1679684414.png | /media/products/copa-de-vino-sublym-55-grabada-con-tu-logo/12_mod-57-1689071732.png | /media/products/copa-de-vino-sublym-55-grabada-con-tu-logo/13_compra-1-1612367413-x128-f-gb.jpg | /media/products/copa-de-vino-sublym-55-grabada-con-tu-logo/14_optima-1609073646-x128-f-gb.png | /media/products/copa-de-vino-sublym-55-grabada-con-tu-logo/15_deja-tu-impresion-de-compra-aqui-queremos-saber-si.png | /media/products/copa-de-vino-sublym-55-grabada-con-tu-logo/16_camion-phcom-1610453500-x128-f-gb.png | /media/products/copa-de-vino-sublym-55-grabada-con-tu-logo/17_blank.png | /media/products/copa-de-vino-sublym-55-grabada-con-tu-logo/25_transparent.png | /media/products/copa-de-vino-sublym-55-grabada-con-tu-logo/28_sublym-1606637975.jpg | /media/products/copa-de-vino-sublym-55-grabada-con-tu-logo/32_facebook-4.png | /media/products/copa-de-vino-sublym-55-grabada-con-tu-logo/33_instagram-4.png;2026-02-18T12:32:22.595352;;;;;;;
/cristaleria-personalizada/;/copas-de-vino-personalizadas/;copa-grand-cepage-grabada-con-tu-logo;7303108;;COPA GRAND CEPAGE 62 cl, GRABADA CON SU LOGO;https://www.personalizadoshosteleria.com/p7303108-copa-grand-cepage-grabada-con-tu-logo.html;/media/products/copa-grand-cepage-grabada-con-tu-logo/01_grand-cepag-1606636548-jpg.thumb | /media/products/copa-grand-cepage-grabada-con-tu-logo/02_diapositiva2-1617810415-jpg.thumb | /media/products/copa-grand-cepage-grabada-con-tu-logo/03_calidad-cristal-perssonalizados-hosteleria-1610990.thumb | /media/products/copa-grand-cepage-grabada-con-tu-logo/04_logo.jpg | /media/products/copa-grand-cepage-grabada-con-tu-logo/05_presupuestos-1692439054-x128-f-gb.jpg | /media/products/copa-grand-cepage-grabada-con-tu-logo/06_mod-ph-42-1663147591.png | /media/products/copa-grand-cepage-grabada-con-tu-logo/07_mod-ph44-61-cl-1663147591.png | /media/products/copa-grand-cepage-grabada-con-tu-logo/08_canguro-airlaid-con-qr-1663147591.png | /media/products/copa-grand-cepage-grabada-con-tu-logo/09_img-20200128-123820-1663171355.jpg | /media/products/copa-grand-cepage-grabada-con-tu-logo/10_aqui-su-publicidad-1-1670758718.png | /media/products/copa-grand-cepage-grabada-con-tu-logo/11_servilleta-canguro-personalizada-eco-1679684414.png | /media/products/copa-grand-cepage-grabada-con-tu-logo/12_mod-57-1689071732.png | /media/products/copa-grand-cepage-grabada-con-tu-logo/13_compra-1-1612367413-x128-f-gb.jpg | /media/products/copa-grand-cepage-grabada-con-tu-logo/14_optima-1609073646-x128-f-gb.png | /media/products/copa-grand-cepage-grabada-con-tu-logo/15_deja-tu-impresion-de-compra-aqui-queremos-saber-si.png | /media/products/copa-grand-cepage-grabada-con-tu-logo/16_camion-phcom-1610453500-x128-f-gb.png | /media/products/copa-grand-cepage-grabada-con-tu-logo/17_blank.png | /media/products/copa-grand-cepage-grabada-con-tu-logo/25_transparent.png | /media/products/copa-grand-cepage-grabada-con-tu-logo/28_grand-cepag-1606636548.jpg | /media/products/copa-grand-cepage-grabada-con-tu-logo/32_facebook-4.png | /media/products/copa-grand-cepage-grabada-con-tu-logo/33_instagram-4.png;2026-02-18T12:32:39.643813;;;;;;;
/cristaleria-personalizada/;/copas-de-vino-personalizadas/;copa-mencia-templada-grabada-con-tu-logo;7348503;;COPA DE VINO PERSONALIZADA. MENCIA 58cl;https://www.personalizadoshosteleria.com/p7348503-copa-mencia-templada-grabada-con-tu-logo.html;/media/products/copa-mencia-templada-grabada-con-tu-logo/01_principal-mencia-1606654630-jpg.thumb | /media/products/copa-mencia-templada-grabada-con-tu-logo/02_mencia58-1617873789-jpg.thumb | /media/products/copa-mencia-templada-grabada-con-tu-logo/03_calidad-cristal-perssonalizados-hosteleria-1610989.thumb | /media/products/copa-mencia-templada-grabada-con-tu-logo/04_logo.jpg | /media/products/copa-mencia-templada-grabada-con-tu-logo/05_presupuestos-1692439054-x128-f-gb.jpg | /media/products/copa-mencia-templada-grabada-con-tu-logo/06_mod-ph-42-1663147591.png | /media/products/copa-mencia-templada-grabada-con-tu-logo/07_mod-ph44-61-cl-1663147591.png | /media/products/copa-mencia-templada-grabada-con-tu-logo/08_canguro-airlaid-con-qr-1663147591.png | /media/products/copa-mencia-templada-grabada-con-tu-logo/09_img-20200128-123820-1663171355.jpg | /media/products/copa-mencia-templada-grabada-con-tu-logo/10_aqui-su-publicidad-1-1670758718.png | /media/products/copa-mencia-templada-grabada-con-tu-logo/11_servilleta-canguro-personalizada-eco-1679684414.png | /media/products/copa-mencia-templada-grabada-con-tu-logo/12_mod-57-1689071732.png | /media/products/copa-mencia-templada-grabada-con-tu-logo/13_compra-1-1612367413-x128-f-gb.jpg | /media/products/copa-mencia-templada-grabada-con-tu-logo/14_optima-1609073646-x128-f-gb.png | /media/products/copa-mencia-templada-grabada-con-tu-logo/15_deja-tu-impresion-de-compra-aqui-queremos-saber-si.png | /media/products/copa-mencia-templada-grabada-con-tu-logo/16_camion-phcom-1610453500-x128-f-gb.png | /media/products/copa-mencia-templada-grabada-con-tu-logo/17_blank.png | /media/products/copa-mencia-templada-grabada-con-tu-logo/25_transparent.png | /media/products/copa-mencia-templada-grabada-con-tu-logo/28_principal-mencia-1606654630.jpg | /media/products/copa-mencia-templada-grabada-con-tu-logo/32_copas-de-vino-personalizadas-classic-1610996309-jp.thumb | /media/products/copa-mencia-templada-grabada-con-tu-logo/33_imagen-principal-1606640258-jpg.thumb;2026-02-18T11:42:51.026002;;;;;;;
/cristaleria-personalizada/;/copas-de-vino-personalizadas/;copa-personalizada-vino-albariza-47;8534804;;COPA PERSONALIZADA VINO. ALBARIZA 47;https://www.personalizadoshosteleria.com/p8534804-copa-personalizada-vino-albariza-47.html;/media/products/copa-personalizada-vino-albariza-47/01_copa-albariza-47-personalizada-1620303512-jpg.thumb | /media/products/copa-personalizada-vino-albariza-47/02_copa-personalizada-vino-albariza-47-1620303520-jpg.thumb | /media/products/copa-personalizada-vino-albariza-47/03_copa-albariza-fabricacion-1620303542-jpg.thumb | /media/products/copa-personalizada-vino-albariza-47/04_copa-albariza-caracteristicas-1620303547-jpg.thumb | /media/products/copa-personalizada-vino-albariza-47/05_logo.jpg | /media/products/copa-personalizada-vino-albariza-47/06_presupuestos-1692439054-x128-f-gb.jpg | /media/products/copa-personalizada-vino-albariza-47/07_mod-ph-42-1663147591.png | /media/products/copa-personalizada-vino-albariza-47/08_mod-ph44-61-cl-1663147591.png | /media/products/copa-personalizada-vino-albariza-47/09_canguro-airlaid-con-qr-1663147591.png | /media/products/copa-personalizada-vino-albariza-47/10_img-20200128-123820-1663171355.jpg | /media/products/copa-personalizada-vino-albariza-47/11_aqui-su-publicidad-1-1670758718.png | /media/products/copa-personalizada-vino-albariza-47/12_servilleta-canguro-personalizada-eco-1679684414.png | /media/products/copa-personalizada-vino-albariza-47/13_mod-57-1689071732.png | /media/products/copa-personalizada-vino-albariza-47/14_compra-1-1612367413-x128-f-gb.jpg | /media/products/copa-personalizada-vino-albariza-47/15_optima-1609073646-x128-f-gb.png | /media/products/copa-personalizada-vino-albariza-47/16_deja-tu-impresion-de-compra-aqui-queremos-saber-si.png | /media/products/copa-personalizada-vino-albariza-47/17_camion-phcom-1610453500-x128-f-gb.png | /media/products/copa-personalizada-vino-albariza-47/18_blank.png | /media/products/copa-personalizada-vino-albariza-47/26_transparent.png | /media/products/copa-personalizada-vino-albariza-47/29_copa-albariza-47-personalizada-1620303512.jpg | /media/products/copa-personalizada-vino-albariza-47/34_default.jpg;2026-02-18T11:57:01.482600;;;;;;;
/cristaleria-personalizada/;/copas-de-vino-personalizadas/;copa-personalizada-vino-degustacion-31;8534817;;COPA PERSONALIZADA VINO. DEGUSTACIÓN 31;https://www.personalizadoshosteleria.com/p8534817-copa-personalizada-vino-degustacion-31.html;/media/products/copa-personalizada-vino-degustacion-31/01_copa-degustacion-31-personalizada-1620304142-jpg.thumb | /media/products/copa-personalizada-vino-degustacion-31/02_copa-personalizada-degustacion-31-1633607981-jpg.thumb | /media/products/copa-personalizada-vino-degustacion-31/03_copa-albariza-caracteristicas-1620304178-jpg.thumb | /media/products/copa-personalizada-vino-degustacion-31/04_copa-albariza-fabricacion-1620304191-jpg.thumb | /media/products/copa-personalizada-vino-degustacion-31/05_logo.jpg | /media/products/copa-personalizada-vino-degustacion-31/06_presupuestos-1692439054-x128-f-gb.jpg | /media/products/copa-personalizada-vino-degustacion-31/07_mod-ph-42-1663147591.png | /media/products/copa-personalizada-vino-degustacion-31/08_mod-ph44-61-cl-1663147591.png | /media/products/copa-personalizada-vino-degustacion-31/09_canguro-airlaid-con-qr-1663147591.png | /media/products/copa-personalizada-vino-degustacion-31/10_img-20200128-123820-1663171355.jpg | /media/products/copa-personalizada-vino-degustacion-31/11_aqui-su-publicidad-1-1670758718.png | /media/products/copa-personalizada-vino-degustacion-31/12_servilleta-canguro-personalizada-eco-1679684414.png | /media/products/copa-personalizada-vino-degustacion-31/13_mod-57-1689071732.png | /media/products/copa-personalizada-vino-degustacion-31/14_compra-1-1612367413-x128-f-gb.jpg | /media/products/copa-personalizada-vino-degustacion-31/15_optima-1609073646-x128-f-gb.png | /media/products/copa-personalizada-vino-degustacion-31/16_deja-tu-impresion-de-compra-aqui-queremos-saber-si.png | /media/products/copa-personalizada-vino-degustacion-31/17_camion-phcom-1610453500-x128-f-gb.png | /media/products/copa-personalizada-vino-degustacion-31/18_blank.png | /media/products/copa-personalizada-vino-degustacion-31/26_transparent.png | /media/products/copa-personalizada-vino-degustacion-31/29_copa-degustacion-31-personalizada-1620304142.jpg | /media/products/copa-personalizada-vino-degustacion-31/34_default.jpg;2026-02-18T11:58:58.583574;;;;;;;
/cristaleria-personalizada/;/copas-de-vino-personalizadas/;copa-reveal-up-oenology-grabada-con-tu-logo;7457529;;COPA REVEAL UP OENOLOGY 50 cl GRABADA CON TU LOGO A LASER O COLOR;https://www.personalizadoshosteleria.com/p7457529-copa-reveal-up-oenology-grabada-con-tu-logo.html;/media/products/copa-reveal-up-oenology-grabada-con-tu-logo/01_reveal-up1-1606639607-jpg.thumb | /media/products/copa-reveal-up-oenology-grabada-con-tu-logo/02_reveal-up-color-1592494662-jpg.thumb | /media/products/copa-reveal-up-oenology-grabada-con-tu-logo/03_calidad-cristal-perssonalizados-hosteleria-1610979.thumb | /media/products/copa-reveal-up-oenology-grabada-con-tu-logo/04_logo.jpg | /media/products/copa-reveal-up-oenology-grabada-con-tu-logo/05_presupuestos-1692439054-x128-f-gb.jpg | /media/products/copa-reveal-up-oenology-grabada-con-tu-logo/06_mod-ph-42-1663147591.png | /media/products/copa-reveal-up-oenology-grabada-con-tu-logo/07_mod-ph44-61-cl-1663147591.png | /media/products/copa-reveal-up-oenology-grabada-con-tu-logo/08_canguro-airlaid-con-qr-1663147591.png | /media/products/copa-reveal-up-oenology-grabada-con-tu-logo/09_img-20200128-123820-1663171355.jpg | /media/products/copa-reveal-up-oenology-grabada-con-tu-logo/10_aqui-su-publicidad-1-1670758718.png | /media/products/copa-reveal-up-oenology-grabada-con-tu-logo/11_servilleta-canguro-personalizada-eco-1679684414.png | /media/products/copa-reveal-up-oenology-grabada-con-tu-logo/12_mod-57-1689071732.png | /media/products/copa-reveal-up-oenology-grabada-con-tu-logo/13_compra-1-1612367413-x128-f-gb.jpg | /media/products/copa-reveal-up-oenology-grabada-con-tu-logo/14_optima-1609073646-x128-f-gb.png | /media/products/copa-reveal-up-oenology-grabada-con-tu-logo/15_deja-tu-impresion-de-compra-aqui-queremos-saber-si.png | /media/products/copa-reveal-up-oenology-grabada-con-tu-logo/16_camion-phcom-1610453500-x128-f-gb.png | /media/products/copa-reveal-up-oenology-grabada-con-tu-logo/17_blank.png | /media/products/copa-reveal-up-oenology-grabada-con-tu-logo/25_transparent.png | /media/products/copa-reveal-up-oenology-grabada-con-tu-logo/28_reveal-up1-1606639607.jpg | /media/products/copa-reveal-up-oenology-grabada-con-tu-logo/32_copas-de-vino-personalizadas-classic-1610996309-jp.thumb | /media/products/copa-reveal-up-oenology-grabada-con-tu-logo/33_ejemplo-mantelin-35cms-ancho50cmslargo-impreso-en-.thumb;2026-02-18T11:42:59.026320;;;;;;;
/cristaleria-personalizada/;/copas-de-vino-personalizadas/;copa-tanic-55-cl-krista-cerveza-grabados-con-su-logo;8467649;;COPA TANIC 55 CL KRISTA CERVEZA, GRABADOS CON SU LOGO;https://www.personalizadoshosteleria.com/p8467649-copa-tanic-55-cl-krista-cerveza-grabados-con-su-logo.html;/media/products/copa-tanic-55-cl-krista-cerveza-grabados-con-su-logo/01_krista-tanic-1618328093-jpg.thumb | /media/products/copa-tanic-55-cl-krista-cerveza-grabados-con-su-logo/02_collection-1618328111-jpg.thumb | /media/products/copa-tanic-55-cl-krista-cerveza-grabados-con-su-logo/03_logo.jpg | /media/products/copa-tanic-55-cl-krista-cerveza-grabados-con-su-logo/04_presupuestos-1692439054-x128-f-gb.jpg | /media/products/copa-tanic-55-cl-krista-cerveza-grabados-con-su-logo/05_mod-ph-42-1663147591.png | /media/products/copa-tanic-55-cl-krista-cerveza-grabados-con-su-logo/06_mod-ph44-61-cl-1663147591.png | /media/products/copa-tanic-55-cl-krista-cerveza-grabados-con-su-logo/07_canguro-airlaid-con-qr-1663147591.png | /media/products/copa-tanic-55-cl-krista-cerveza-grabados-con-su-logo/08_img-20200128-123820-1663171355.jpg | /media/products/copa-tanic-55-cl-krista-cerveza-grabados-con-su-logo/09_aqui-su-publicidad-1-1670758718.png | /media/products/copa-tanic-55-cl-krista-cerveza-grabados-con-su-logo/10_servilleta-canguro-personalizada-eco-1679684414.png | /media/products/copa-tanic-55-cl-krista-cerveza-grabados-con-su-logo/11_mod-57-1689071732.png | /media/products/copa-tanic-55-cl-krista-cerveza-grabados-con-su-logo/12_compra-1-1612367413-x128-f-gb.jpg | /media/products/copa-tanic-55-cl-krista-cerveza-grabados-con-su-logo/13_optima-1609073646-x128-f-gb.png | /media/products/copa-tanic-55-cl-krista-cerveza-grabados-con-su-logo/14_deja-tu-impresion-de-compra-aqui-queremos-saber-si.png | /media/products/copa-tanic-55-cl-krista-cerveza-grabados-con-su-logo/15_camion-phcom-1610453500-x128-f-gb.png | /media/products/copa-tanic-55-cl-krista-cerveza-grabados-con-su-logo/16_blank.png | /media/products/copa-tanic-55-cl-krista-cerveza-grabados-con-su-logo/24_transparent.png | /media/products/copa-tanic-55-cl-krista-cerveza-grabados-con-su-logo/27_krista-tanic-1618328093.jpg | /media/products/copa-tanic-55-cl-krista-cerveza-grabados-con-su-logo/30_default.jpg | /media/products/copa-tanic-55-cl-krista-cerveza-grabados-con-su-logo/31_harmonia-principal-1606665579-jpg.thumb | /media/products/copa-tanic-55-cl-krista-cerveza-grabados-con-su-logo/32_1-1606664708-jpg.thumb;2026-02-18T11:47:02.549095;;;;;;;
/cristaleria-personalizada/;/copas-de-vino-personalizadas/;copa-tulipe-cabernet-grabada-con-tu-logo;8452172;;COPA TULIPE CABERNET 58 cl GRABADA CON TU LOGO;https://www.personalizadoshosteleria.com/p8452172-copa-tulipe-cabernet-grabada-con-tu-logo.html;/media/products/copa-tulipe-cabernet-grabada-con-tu-logo/01_imagen-principal-1617728877-jpg.thumb | /media/products/copa-tulipe-cabernet-grabada-con-tu-logo/02_tulip-58-1617728865-jpg.thumb | /media/products/copa-tulipe-cabernet-grabada-con-tu-logo/03_calidad-para-cristal-1617728949-jpg.thumb | /media/products/copa-tulipe-cabernet-grabada-con-tu-logo/04_logo.jpg | /media/products/copa-tulipe-cabernet-grabada-con-tu-logo/05_presupuestos-1692439054-x128-f-gb.jpg | /media/products/copa-tulipe-cabernet-grabada-con-tu-logo/06_mod-ph-42-1663147591.png | /media/products/copa-tulipe-cabernet-grabada-con-tu-logo/07_mod-ph44-61-cl-1663147591.png | /media/products/copa-tulipe-cabernet-grabada-con-tu-logo/08_canguro-airlaid-con-qr-1663147591.png | /media/products/copa-tulipe-cabernet-grabada-con-tu-logo/09_img-20200128-123820-1663171355.jpg | /media/products/copa-tulipe-cabernet-grabada-con-tu-logo/10_aqui-su-publicidad-1-1670758718.png | /media/products/copa-tulipe-cabernet-grabada-con-tu-logo/11_servilleta-canguro-personalizada-eco-1679684414.png | /media/products/copa-tulipe-cabernet-grabada-con-tu-logo/12_mod-57-1689071732.png | /media/products/copa-tulipe-cabernet-grabada-con-tu-logo/13_compra-1-1612367413-x128-f-gb.jpg | /media/products/copa-tulipe-cabernet-grabada-con-tu-logo/14_optima-1609073646-x128-f-gb.png | /media/products/copa-tulipe-cabernet-grabada-con-tu-logo/15_deja-tu-impresion-de-compra-aqui-queremos-saber-si.png | /media/products/copa-tulipe-cabernet-grabada-con-tu-logo/16_camion-phcom-1610453500-x128-f-gb.png | /media/products/copa-tulipe-cabernet-grabada-con-tu-logo/17_blank.png | /media/products/copa-tulipe-cabernet-grabada-con-tu-logo/25_transparent.png | /media/products/copa-tulipe-cabernet-grabada-con-tu-logo/28_imagen-principal-1617728877.jpg | /media/products/copa-tulipe-cabernet-grabada-con-tu-logo/32_categoria-vajilla-ph1-1615129263-jpg.thumb | /media/products/copa-tulipe-cabernet-grabada-con-tu-logo/33_copa-champagne-personalizada-refine-20-1610911381-.thumb;2026-02-18T11:44:25.729368;;;;;;;
/cristaleria-personalizada/;/copas-de-vino-personalizadas/;copa-vina-47-cl-grabada-con-su-logo-y-en-la-medida-optima;7792718;;COPA VINA 47 cl. GRABADA CON SU LOGO Y EN LA MEDIDA ÓPTIMA;https://www.personalizadoshosteleria.com/p7792718-copa-vina-47-cl-grabada-con-su-logo-y-en-la-medida-optima.html;/media/products/copa-vina-47-cl-grabada-con-su-logo-y-en-la-medida-optima/01_2-1607717922-jpg.thumb | /media/products/copa-vina-47-cl-grabada-con-su-logo-y-en-la-medida-optima/02_vina-47-1602949901-png.thumb | /media/products/copa-vina-47-cl-grabada-con-su-logo-y-en-la-medida-optima/03_vinas-imagen-general-1602949110-jpg.thumb | /media/products/copa-vina-47-cl-grabada-con-su-logo-y-en-la-medida-optima/04_calidad-cristal-perssonalizados-hosteleria-1610977.thumb | /media/products/copa-vina-47-cl-grabada-con-su-logo-y-en-la-medida-optima/05_logo.jpg | /media/products/copa-vina-47-cl-grabada-con-su-logo-y-en-la-medida-optima/06_presupuestos-1692439054-x128-f-gb.jpg | /media/products/copa-vina-47-cl-grabada-con-su-logo-y-en-la-medida-optima/07_mod-ph-42-1663147591.png | /media/products/copa-vina-47-cl-grabada-con-su-logo-y-en-la-medida-optima/08_mod-ph44-61-cl-1663147591.png | /media/products/copa-vina-47-cl-grabada-con-su-logo-y-en-la-medida-optima/09_canguro-airlaid-con-qr-1663147591.png | /media/products/copa-vina-47-cl-grabada-con-su-logo-y-en-la-medida-optima/10_img-20200128-123820-1663171355.jpg | /media/products/copa-vina-47-cl-grabada-con-su-logo-y-en-la-medida-optima/11_aqui-su-publicidad-1-1670758718.png | /media/products/copa-vina-47-cl-grabada-con-su-logo-y-en-la-medida-optima/12_servilleta-canguro-personalizada-eco-1679684414.png | /media/products/copa-vina-47-cl-grabada-con-su-logo-y-en-la-medida-optima/13_mod-57-1689071732.png | /media/products/copa-vina-47-cl-grabada-con-su-logo-y-en-la-medida-optima/14_compra-1-1612367413-x128-f-gb.jpg | /media/products/copa-vina-47-cl-grabada-con-su-logo-y-en-la-medida-optima/15_optima-1609073646-x128-f-gb.png | /media/products/copa-vina-47-cl-grabada-con-su-logo-y-en-la-medida-optima/16_deja-tu-impresion-de-compra-aqui-queremos-saber-si.png | /media/products/copa-vina-47-cl-grabada-con-su-logo-y-en-la-medida-optima/17_camion-phcom-1610453500-x128-f-gb.png | /media/products/copa-vina-47-cl-grabada-con-su-logo-y-en-la-medida-optima/18_blank.png | /media/products/copa-vina-47-cl-grabada-con-su-logo-y-en-la-medida-optima/26_transparent.png | /media/products/copa-vina-47-cl-grabada-con-su-logo-y-en-la-medida-optima/29_2-1607717922.jpg | /media/products/copa-vina-47-cl-grabada-con-su-logo-y-en-la-medida-optima/34_default.jpg;2026-02-18T11:43:16.923031;;;;;;;
/cristaleria-personalizada/;/copas-de-vino-personalizadas/;copa-vina-58-cl-grabada-con-su-logo-y-en-la-medida-optima;7792761;;COPA VINA 58 cl. GRABADA CON SU LOGO Y EN LA MEDIDA ÓPTIMA;https://www.personalizadoshosteleria.com/p7792761-copa-vina-58-cl-grabada-con-su-logo-y-en-la-medida-optima.html;/media/products/copa-vina-58-cl-grabada-con-su-logo-y-en-la-medida-optima/01_2-1607712271-jpg.thumb | /media/products/copa-vina-58-cl-grabada-con-su-logo-y-en-la-medida-optima/02_vina-58-1602950158-png.thumb | /media/products/copa-vina-58-cl-grabada-con-su-logo-y-en-la-medida-optima/03_vinas-imagen-general-1602941446-jpg.thumb | /media/products/copa-vina-58-cl-grabada-con-su-logo-y-en-la-medida-optima/04_calidad-cristal-perssonalizados-hosteleria-1610977.thumb | /media/products/copa-vina-58-cl-grabada-con-su-logo-y-en-la-medida-optima/05_logo.jpg | /media/products/copa-vina-58-cl-grabada-con-su-logo-y-en-la-medida-optima/06_presupuestos-1692439054-x128-f-gb.jpg | /media/products/copa-vina-58-cl-grabada-con-su-logo-y-en-la-medida-optima/07_mod-ph-42-1663147591.png | /media/products/copa-vina-58-cl-grabada-con-su-logo-y-en-la-medida-optima/08_mod-ph44-61-cl-1663147591.png | /media/products/copa-vina-58-cl-grabada-con-su-logo-y-en-la-medida-optima/09_canguro-airlaid-con-qr-1663147591.png | /media/products/copa-vina-58-cl-grabada-con-su-logo-y-en-la-medida-optima/10_img-20200128-123820-1663171355.jpg | /media/products/copa-vina-58-cl-grabada-con-su-logo-y-en-la-medida-optima/11_aqui-su-publicidad-1-1670758718.png | /media/products/copa-vina-58-cl-grabada-con-su-logo-y-en-la-medida-optima/12_servilleta-canguro-personalizada-eco-1679684414.png | /media/products/copa-vina-58-cl-grabada-con-su-logo-y-en-la-medida-optima/13_mod-57-1689071732.png | /media/products/copa-vina-58-cl-grabada-con-su-logo-y-en-la-medida-optima/14_compra-1-1612367413-x128-f-gb.jpg | /media/products/copa-vina-58-cl-grabada-con-su-logo-y-en-la-medida-optima/15_optima-1609073646-x128-f-gb.png | /media/products/copa-vina-58-cl-grabada-con-su-logo-y-en-la-medida-optima/16_deja-tu-impresion-de-compra-aqui-queremos-saber-si.png | /media/products/copa-vina-58-cl-grabada-con-su-logo-y-en-la-medida-optima/17_camion-phcom-1610453500-x128-f-gb.png | /media/products/copa-vina-58-cl-grabada-con-su-logo-y-en-la-medida-optima/18_blank.png | /media/products/copa-vina-58-cl-grabada-con-su-logo-y-en-la-medida-optima/26_transparent.png | /media/products/copa-vina-58-cl-grabada-con-su-logo-y-en-la-medida-optima/29_2-1607712271.jpg | /media/products/copa-vina-58-cl-grabada-con-su-logo-y-en-la-medida-optima/34_default.jpg;2026-02-18T11:43:19.448947;;;;;;;
/cristaleria-personalizada/;/copas-de-vino-personalizadas/;copa-vina-grabada-con-su-logo-3-volumenes-58-cl-47-cl-35-cl;7295934;;COPA VINA 35 cl. GRABADA CON SU LOGO Y EN LA MEDIDA ÓPTIMA;https://www.personalizadoshosteleria.com/p7295934-copa-vina-grabada-con-su-logo-3-volumenes-58-cl-47-cl-35-cl.html;/media/products/copa-vina-grabada-con-su-logo-3-volumenes-58-cl-47-cl-35-cl/01_1-1607712619-jpg.thumb | /media/products/copa-vina-grabada-con-su-logo-3-volumenes-58-cl-47-cl-35-cl/02_vina-35-1602949500-png.thumb | /media/products/copa-vina-grabada-con-su-logo-3-volumenes-58-cl-47-cl-35-cl/03_calidad-cristal-perssonalizados-hosteleria-1610977.thumb | /media/products/copa-vina-grabada-con-su-logo-3-volumenes-58-cl-47-cl-35-cl/04_generico-1602949559-png.thumb | /media/products/copa-vina-grabada-con-su-logo-3-volumenes-58-cl-47-cl-35-cl/05_logo.jpg | /media/products/copa-vina-grabada-con-su-logo-3-volumenes-58-cl-47-cl-35-cl/06_presupuestos-1692439054-x128-f-gb.jpg | /media/products/copa-vina-grabada-con-su-logo-3-volumenes-58-cl-47-cl-35-cl/07_mod-ph-42-1663147591.png | /media/products/copa-vina-grabada-con-su-logo-3-volumenes-58-cl-47-cl-35-cl/08_mod-ph44-61-cl-1663147591.png | /media/products/copa-vina-grabada-con-su-logo-3-volumenes-58-cl-47-cl-35-cl/09_canguro-airlaid-con-qr-1663147591.png | /media/products/copa-vina-grabada-con-su-logo-3-volumenes-58-cl-47-cl-35-cl/10_img-20200128-123820-1663171355.jpg | /media/products/copa-vina-grabada-con-su-logo-3-volumenes-58-cl-47-cl-35-cl/11_aqui-su-publicidad-1-1670758718.png | /media/products/copa-vina-grabada-con-su-logo-3-volumenes-58-cl-47-cl-35-cl/12_servilleta-canguro-personalizada-eco-1679684414.png | /media/products/copa-vina-grabada-con-su-logo-3-volumenes-58-cl-47-cl-35-cl/13_mod-57-1689071732.png | /media/products/copa-vina-grabada-con-su-logo-3-volumenes-58-cl-47-cl-35-cl/14_compra-1-1612367413-x128-f-gb.jpg | /media/products/copa-vina-grabada-con-su-logo-3-volumenes-58-cl-47-cl-35-cl/15_optima-1609073646-x128-f-gb.png | /media/products/copa-vina-grabada-con-su-logo-3-volumenes-58-cl-47-cl-35-cl/16_deja-tu-impresion-de-compra-aqui-queremos-saber-si.png | /media/products/copa-vina-grabada-con-su-logo-3-volumenes-58-cl-47-cl-35-cl/17_camion-phcom-1610453500-x128-f-gb.png | /media/products/copa-vina-grabada-con-su-logo-3-volumenes-58-cl-47-cl-35-cl/18_blank.png | /media/products/copa-vina-grabada-con-su-logo-3-volumenes-58-cl-47-cl-35-cl/26_transparent.png | /media/products/copa-vina-grabada-con-su-logo-3-volumenes-58-cl-47-cl-35-cl/29_1-1607712619.jpg | /media/products/copa-vina-grabada-con-su-logo-3-volumenes-58-cl-47-cl-35-cl/34_default.jpg;2026-02-18T12:04:24.376665;;;;;;;
/cristaleria-personalizada/;/copas-de-vino-personalizadas/;copa-vino-allegra-grabada-con-tu-personalizacion;7940487;;COPA VINO ALLEGRA 35 cl, GRABADA CON TU PERSONALIZACIÓN;https://www.personalizadoshosteleria.com/p7940487-copa-vino-allegra-grabada-con-tu-personalizacion.html;/media/products/copa-vino-allegra-grabada-con-tu-personalizacion/01_allegra1-1607713655-jpg.thumb | /media/products/copa-vino-allegra-grabada-con-tu-personalizacion/02_copa-vino-allegra-35-cl-personalizada-1620323943-j.thumb | /media/products/copa-vino-allegra-grabada-con-tu-personalizacion/03_copa-vino-personalizada-allegra-1610533598-png.thumb | /media/products/copa-vino-allegra-grabada-con-tu-personalizacion/04_calidad-cristal-perssonalizados-hosteleria-1610961.thumb | /media/products/copa-vino-allegra-grabada-con-tu-personalizacion/05_logo.jpg | /media/products/copa-vino-allegra-grabada-con-tu-personalizacion/06_presupuestos-1692439054-x128-f-gb.jpg | /media/products/copa-vino-allegra-grabada-con-tu-personalizacion/07_mod-ph-42-1663147591.png | /media/products/copa-vino-allegra-grabada-con-tu-personalizacion/08_mod-ph44-61-cl-1663147591.png | /media/products/copa-vino-allegra-grabada-con-tu-personalizacion/09_canguro-airlaid-con-qr-1663147591.png | /media/products/copa-vino-allegra-grabada-con-tu-personalizacion/10_img-20200128-123820-1663171355.jpg | /media/products/copa-vino-allegra-grabada-con-tu-personalizacion/11_aqui-su-publicidad-1-1670758718.png | /media/products/copa-vino-allegra-grabada-con-tu-personalizacion/12_servilleta-canguro-personalizada-eco-1679684414.png | /media/products/copa-vino-allegra-grabada-con-tu-personalizacion/13_mod-57-1689071732.png | /media/products/copa-vino-allegra-grabada-con-tu-personalizacion/14_compra-1-1612367413-x128-f-gb.jpg | /media/products/copa-vino-allegra-grabada-con-tu-personalizacion/15_optima-1609073646-x128-f-gb.png | /media/products/copa-vino-allegra-grabada-con-tu-personalizacion/16_deja-tu-impresion-de-compra-aqui-queremos-saber-si.png | /media/products/copa-vino-allegra-grabada-con-tu-personalizacion/17_camion-phcom-1610453500-x128-f-gb.png | /media/products/copa-vino-allegra-grabada-con-tu-personalizacion/18_blank.png | /media/products/copa-vino-allegra-grabada-con-tu-personalizacion/26_transparent.png | /media/products/copa-vino-allegra-grabada-con-tu-personalizacion/29_allegra1-1607713655.jpg | /media/products/copa-vino-allegra-grabada-con-tu-personalizacion/34_cabernete-1606642017-jpg.thumb;2026-02-18T11:43:22.003476;;;;;;;
/cristaleria-personalizada/;/copas-de-vino-personalizadas/;copa-vino-domaine-55-cl-grabada-con-su-logo;7721861;;COPA VINO SUPREME 52 CL. GRABADA CON SU LOGO;https://www.personalizadoshosteleria.com/p7721861-copa-vino-domaine-55-cl-grabada-con-su-logo.html;/media/products/copa-vino-domaine-55-cl-grabada-con-su-logo/01_supreme-1606637412-jpg.thumb | /media/products/copa-vino-domaine-55-cl-grabada-con-su-logo/02_supreme62-1593800184-png.thumb | /media/products/copa-vino-domaine-55-cl-grabada-con-su-logo/03_calidad-cristal-perssonalizados-hosteleria-1610979.thumb | /media/products/copa-vino-domaine-55-cl-grabada-con-su-logo/04_logo.jpg | /media/products/copa-vino-domaine-55-cl-grabada-con-su-logo/05_presupuestos-1692439054-x128-f-gb.jpg | /media/products/copa-vino-domaine-55-cl-grabada-con-su-logo/06_mod-ph-42-1663147591.png | /media/products/copa-vino-domaine-55-cl-grabada-con-su-logo/07_mod-ph44-61-cl-1663147591.png | /media/products/copa-vino-domaine-55-cl-grabada-con-su-logo/08_canguro-airlaid-con-qr-1663147591.png | /media/products/copa-vino-domaine-55-cl-grabada-con-su-logo/09_img-20200128-123820-1663171355.jpg | /media/products/copa-vino-domaine-55-cl-grabada-con-su-logo/10_aqui-su-publicidad-1-1670758718.png | /media/products/copa-vino-domaine-55-cl-grabada-con-su-logo/11_servilleta-canguro-personalizada-eco-1679684414.png | /media/products/copa-vino-domaine-55-cl-grabada-con-su-logo/12_mod-57-1689071732.png | /media/products/copa-vino-domaine-55-cl-grabada-con-su-logo/13_compra-1-1612367413-x128-f-gb.jpg | /media/products/copa-vino-domaine-55-cl-grabada-con-su-logo/14_optima-1609073646-x128-f-gb.png | /media/products/copa-vino-domaine-55-cl-grabada-con-su-logo/15_deja-tu-impresion-de-compra-aqui-queremos-saber-si.png | /media/products/copa-vino-domaine-55-cl-grabada-con-su-logo/16_camion-phcom-1610453500-x128-f-gb.png | /media/products/copa-vino-domaine-55-cl-grabada-con-su-logo/17_blank.png | /media/products/copa-vino-domaine-55-cl-grabada-con-su-logo/25_transparent.png | /media/products/copa-vino-domaine-55-cl-grabada-con-su-logo/28_supreme-1606637412.jpg | /media/products/copa-vino-domaine-55-cl-grabada-con-su-logo/32_allegra1-1607713655-jpg.thumb | /media/products/copa-vino-domaine-55-cl-grabada-con-su-logo/33_copa-combinados-personalizada-enoteca-78-161096022.thumb;2026-02-18T11:43:04.216165;;;;;;;
/cristaleria-personalizada/;/copas-de-vino-personalizadas/;copa-vino-enoteca-55-cl-grabada-con-su-logo-y-en-la-medida-optima-oferta-excepcional;7792612;;COPA VINO ENOTECA 55 CL.GRABADA CON SU LOGO Y EN LA MEDIDA ÓPTIMA (OFERTA EXCEPCIONAL);https://www.personalizadoshosteleria.com/p7792612-copa-vino-enoteca-55-cl-grabada-con-su-logo-y-en-la-medida-optima-oferta-excepcional.html;/media/products/copa-vino-enoteca-55-cl-grabada-con-su-logo-y-en-la-medida-optima-oferta-excepcional/01_copia-de-enoteca-1607710335-jpg.thumb | /media/products/copa-vino-enoteca-55-cl-grabada-con-su-logo-y-en-la-medida-optima-oferta-excepcional/02_enoteca-55-1596986285-jpg.thumb | /media/products/copa-vino-enoteca-55-cl-grabada-con-su-logo-y-en-la-medida-optima-oferta-excepcional/03_calidad-cristal-perssonalizados-hosteleria-1610963.thumb | /media/products/copa-vino-enoteca-55-cl-grabada-con-su-logo-y-en-la-medida-optima-oferta-excepcional/04_logo.jpg | /media/products/copa-vino-enoteca-55-cl-grabada-con-su-logo-y-en-la-medida-optima-oferta-excepcional/05_presupuestos-1692439054-x128-f-gb.jpg | /media/products/copa-vino-enoteca-55-cl-grabada-con-su-logo-y-en-la-medida-optima-oferta-excepcional/06_mod-ph-42-1663147591.png | /media/products/copa-vino-enoteca-55-cl-grabada-con-su-logo-y-en-la-medida-optima-oferta-excepcional/07_mod-ph44-61-cl-1663147591.png | /media/products/copa-vino-enoteca-55-cl-grabada-con-su-logo-y-en-la-medida-optima-oferta-excepcional/08_canguro-airlaid-con-qr-1663147591.png | /media/products/copa-vino-enoteca-55-cl-grabada-con-su-logo-y-en-la-medida-optima-oferta-excepcional/09_img-20200128-123820-1663171355.jpg | /media/products/copa-vino-enoteca-55-cl-grabada-con-su-logo-y-en-la-medida-optima-oferta-excepcional/10_aqui-su-publicidad-1-1670758718.png | /media/products/copa-vino-enoteca-55-cl-grabada-con-su-logo-y-en-la-medida-optima-oferta-excepcional/11_servilleta-canguro-personalizada-eco-1679684414.png | /media/products/copa-vino-enoteca-55-cl-grabada-con-su-logo-y-en-la-medida-optima-oferta-excepcional/12_mod-57-1689071732.png | /media/products/copa-vino-enoteca-55-cl-grabada-con-su-logo-y-en-la-medida-optima-oferta-excepcional/13_compra-1-1612367413-x128-f-gb.jpg | /media/products/copa-vino-enoteca-55-cl-grabada-con-su-logo-y-en-la-medida-optima-oferta-excepcional/14_optima-1609073646-x128-f-gb.png | /media/products/copa-vino-enoteca-55-cl-grabada-con-su-logo-y-en-la-medida-optima-oferta-excepcional/15_deja-tu-impresion-de-compra-aqui-queremos-saber-si.png | /media/products/copa-vino-enoteca-55-cl-grabada-con-su-logo-y-en-la-medida-optima-oferta-excepcional/16_camion-phcom-1610453500-x128-f-gb.png | /media/products/copa-vino-enoteca-55-cl-grabada-con-su-logo-y-en-la-medida-optima-oferta-excepcional/17_blank.png | /media/products/copa-vino-enoteca-55-cl-grabada-con-su-logo-y-en-la-medida-optima-oferta-excepcional/25_transparent.png | /media/products/copa-vino-enoteca-55-cl-grabada-con-su-logo-y-en-la-medida-optima-oferta-excepcional/28_copia-de-enoteca-1607710335.jpg | /media/products/copa-vino-enoteca-55-cl-grabada-con-su-logo-y-en-la-medida-optima-oferta-excepcional/32_manteleria-personalizada-1-1610441370-jpg.thumb | /media/products/copa-vino-enoteca-55-cl-grabada-con-su-logo-y-en-la-medida-optima-oferta-excepcional/33_magnum-130-1580490498-png.thumb;2026-02-18T11:43:12.013578;;;;;;;
/cristaleria-personalizada/;/copas-de-vino-personalizadas/;copa-vino-enoteca-61-5-cl-grabada-con-su-logo-y-en-la-medida-optima-oferta-excepcional;7792613;;COPA VINO ENOTECA 61.5 CL. GRABADA CON SU LOGO Y EN LA MEDIDA ÓPTIMA (OFERTA EXCEPCIONAL);https://www.personalizadoshosteleria.com/p7792613-copa-vino-enoteca-61-5-cl-grabada-con-su-logo-y-en-la-medida-optima-oferta-excepcional.html;/media/products/copa-vino-enoteca-61-5-cl-grabada-con-su-logo-y-en-la-medida-optima-oferta-excepcional/01_copia-de-enoteca-1607709202-jpg.thumb | /media/products/copa-vino-enoteca-61-5-cl-grabada-con-su-logo-y-en-la-medida-optima-oferta-excepcional/02_enoteca-61-1604508399-png.thumb | /media/products/copa-vino-enoteca-61-5-cl-grabada-con-su-logo-y-en-la-medida-optima-oferta-excepcional/03_calidad-cristal-perssonalizados-hosteleria-1610963.thumb | /media/products/copa-vino-enoteca-61-5-cl-grabada-con-su-logo-y-en-la-medida-optima-oferta-excepcional/04_logo.jpg | /media/products/copa-vino-enoteca-61-5-cl-grabada-con-su-logo-y-en-la-medida-optima-oferta-excepcional/05_presupuestos-1692439054-x128-f-gb.jpg | /media/products/copa-vino-enoteca-61-5-cl-grabada-con-su-logo-y-en-la-medida-optima-oferta-excepcional/06_mod-ph-42-1663147591.png | /media/products/copa-vino-enoteca-61-5-cl-grabada-con-su-logo-y-en-la-medida-optima-oferta-excepcional/07_mod-ph44-61-cl-1663147591.png | /media/products/copa-vino-enoteca-61-5-cl-grabada-con-su-logo-y-en-la-medida-optima-oferta-excepcional/08_canguro-airlaid-con-qr-1663147591.png | /media/products/copa-vino-enoteca-61-5-cl-grabada-con-su-logo-y-en-la-medida-optima-oferta-excepcional/09_img-20200128-123820-1663171355.jpg | /media/products/copa-vino-enoteca-61-5-cl-grabada-con-su-logo-y-en-la-medida-optima-oferta-excepcional/10_aqui-su-publicidad-1-1670758718.png | /media/products/copa-vino-enoteca-61-5-cl-grabada-con-su-logo-y-en-la-medida-optima-oferta-excepcional/11_servilleta-canguro-personalizada-eco-1679684414.png | /media/products/copa-vino-enoteca-61-5-cl-grabada-con-su-logo-y-en-la-medida-optima-oferta-excepcional/12_mod-57-1689071732.png | /media/products/copa-vino-enoteca-61-5-cl-grabada-con-su-logo-y-en-la-medida-optima-oferta-excepcional/13_compra-1-1612367413-x128-f-gb.jpg | /media/products/copa-vino-enoteca-61-5-cl-grabada-con-su-logo-y-en-la-medida-optima-oferta-excepcional/14_optima-1609073646-x128-f-gb.png | /media/products/copa-vino-enoteca-61-5-cl-grabada-con-su-logo-y-en-la-medida-optima-oferta-excepcional/15_deja-tu-impresion-de-compra-aqui-queremos-saber-si.png | /media/products/copa-vino-enoteca-61-5-cl-grabada-con-su-logo-y-en-la-medida-optima-oferta-excepcional/16_camion-phcom-1610453500-x128-f-gb.png | /media/products/copa-vino-enoteca-61-5-cl-grabada-con-su-logo-y-en-la-medida-optima-oferta-excepcional/17_blank.png | /media/products/copa-vino-enoteca-61-5-cl-grabada-con-su-logo-y-en-la-medida-optima-oferta-excepcional/25_transparent.png | /media/products/copa-vino-enoteca-61-5-cl-grabada-con-su-logo-y-en-la-medida-optima-oferta-excepcional/28_copia-de-enoteca-1607709202.jpg | /media/products/copa-vino-enoteca-61-5-cl-grabada-con-su-logo-y-en-la-medida-optima-oferta-excepcional/32_classic-1607418433-jpg.thumb | /media/products/copa-vino-enoteca-61-5-cl-grabada-con-su-logo-y-en-la-medida-optima-oferta-excepcional/33_copa-de-champagne-personalizada-subirat-1610958147.thumb;2026-02-18T11:43:14.323139;;;;;;;
/cristaleria-personalizada/;/copas-de-vino-personalizadas/;copa-vino-enoteca-grabada-con-su-logo-y-en-la-medida-optima-oferta-excepcional;7735955;;COPA VINO ENOTECA 44 CL. GRABADA CON SU LOGO Y EN LA MEDIDA ÓPTIMA (OFERTA EXCEPCIONAL);https://www.personalizadoshosteleria.com/p7735955-copa-vino-enoteca-grabada-con-su-logo-y-en-la-medida-optima-oferta-excepcional.html;/media/products/copa-vino-enoteca-grabada-con-su-logo-y-en-la-medida-optima-oferta-excepcional/01_copia-de-enoteca-1607710770-jpg.thumb | /media/products/copa-vino-enoteca-grabada-con-su-logo-y-en-la-medida-optima-oferta-excepcional/02_enoteca-44-1594139940-jpg.thumb | /media/products/copa-vino-enoteca-grabada-con-su-logo-y-en-la-medida-optima-oferta-excepcional/03_enoteca-party-1606040763-jpg.thumb | /media/products/copa-vino-enoteca-grabada-con-su-logo-y-en-la-medida-optima-oferta-excepcional/04_calidad-cristal-perssonalizados-hosteleria-1610963.thumb | /media/products/copa-vino-enoteca-grabada-con-su-logo-y-en-la-medida-optima-oferta-excepcional/05_logo.jpg | /media/products/copa-vino-enoteca-grabada-con-su-logo-y-en-la-medida-optima-oferta-excepcional/06_presupuestos-1692439054-x128-f-gb.jpg | /media/products/copa-vino-enoteca-grabada-con-su-logo-y-en-la-medida-optima-oferta-excepcional/07_mod-ph-42-1663147591.png | /media/products/copa-vino-enoteca-grabada-con-su-logo-y-en-la-medida-optima-oferta-excepcional/08_mod-ph44-61-cl-1663147591.png | /media/products/copa-vino-enoteca-grabada-con-su-logo-y-en-la-medida-optima-oferta-excepcional/09_canguro-airlaid-con-qr-1663147591.png | /media/products/copa-vino-enoteca-grabada-con-su-logo-y-en-la-medida-optima-oferta-excepcional/10_img-20200128-123820-1663171355.jpg | /media/products/copa-vino-enoteca-grabada-con-su-logo-y-en-la-medida-optima-oferta-excepcional/11_aqui-su-publicidad-1-1670758718.png | /media/products/copa-vino-enoteca-grabada-con-su-logo-y-en-la-medida-optima-oferta-excepcional/12_servilleta-canguro-personalizada-eco-1679684414.png | /media/products/copa-vino-enoteca-grabada-con-su-logo-y-en-la-medida-optima-oferta-excepcional/13_mod-57-1689071732.png | /media/products/copa-vino-enoteca-grabada-con-su-logo-y-en-la-medida-optima-oferta-excepcional/14_compra-1-1612367413-x128-f-gb.jpg | /media/products/copa-vino-enoteca-grabada-con-su-logo-y-en-la-medida-optima-oferta-excepcional/15_optima-1609073646-x128-f-gb.png | /media/products/copa-vino-enoteca-grabada-con-su-logo-y-en-la-medida-optima-oferta-excepcional/16_deja-tu-impresion-de-compra-aqui-queremos-saber-si.png | /media/products/copa-vino-enoteca-grabada-con-su-logo-y-en-la-medida-optima-oferta-excepcional/17_camion-phcom-1610453500-x128-f-gb.png | /media/products/copa-vino-enoteca-grabada-con-su-logo-y-en-la-medida-optima-oferta-excepcional/18_blank.png | /media/products/copa-vino-enoteca-grabada-con-su-logo-y-en-la-medida-optima-oferta-excepcional/26_transparent.png | /media/products/copa-vino-enoteca-grabada-con-su-logo-y-en-la-medida-optima-oferta-excepcional/29_copia-de-enoteca-1607710770.jpg | /media/products/copa-vino-enoteca-grabada-con-su-logo-y-en-la-medida-optima-oferta-excepcional/34_personalizacion-miniservice-1698137093-jpg.thumb;2026-02-18T11:43:09.399162;;;;;;;
/cristaleria-personalizada/;/copas-de-vino-personalizadas/;copa-vino-grabada-y-personalizada-resistente-mod-c105;10381440;;COPA VINO GRABADA Y PERSONALIZADA RESISTENTE, MOD. C105;https://www.personalizadoshosteleria.com/p10381440-copa-vino-grabada-y-personalizada-resistente-mod-c105.html;/media/products/copa-vino-grabada-y-personalizada-resistente-mod-c105/01_copas-vino-o-cerveza-personalizadas-phc105-1668423.thumb | /media/products/copa-vino-grabada-y-personalizada-resistente-mod-c105/02_copa-personalizada-phc105-1668423346-jpg.thumb | /media/products/copa-vino-grabada-y-personalizada-resistente-mod-c105/03_calidad-grabado-1668423346-jpg.thumb | /media/products/copa-vino-grabada-y-personalizada-resistente-mod-c105/04_logo.jpg | /media/products/copa-vino-grabada-y-personalizada-resistente-mod-c105/05_presupuestos-1692439054-x128-f-gb.jpg | /media/products/copa-vino-grabada-y-personalizada-resistente-mod-c105/06_mod-ph-42-1663147591.png | /media/products/copa-vino-grabada-y-personalizada-resistente-mod-c105/07_mod-ph44-61-cl-1663147591.png | /media/products/copa-vino-grabada-y-personalizada-resistente-mod-c105/08_canguro-airlaid-con-qr-1663147591.png | /media/products/copa-vino-grabada-y-personalizada-resistente-mod-c105/09_img-20200128-123820-1663171355.jpg | /media/products/copa-vino-grabada-y-personalizada-resistente-mod-c105/10_aqui-su-publicidad-1-1670758718.png | /media/products/copa-vino-grabada-y-personalizada-resistente-mod-c105/11_servilleta-canguro-personalizada-eco-1679684414.png | /media/products/copa-vino-grabada-y-personalizada-resistente-mod-c105/12_mod-57-1689071732.png | /media/products/copa-vino-grabada-y-personalizada-resistente-mod-c105/13_compra-1-1612367413-x128-f-gb.jpg | /media/products/copa-vino-grabada-y-personalizada-resistente-mod-c105/14_optima-1609073646-x128-f-gb.png | /media/products/copa-vino-grabada-y-personalizada-resistente-mod-c105/15_deja-tu-impresion-de-compra-aqui-queremos-saber-si.png | /media/products/copa-vino-grabada-y-personalizada-resistente-mod-c105/16_camion-phcom-1610453500-x128-f-gb.png | /media/products/copa-vino-grabada-y-personalizada-resistente-mod-c105/17_blank.png | /media/products/copa-vino-grabada-y-personalizada-resistente-mod-c105/25_transparent.png | /media/products/copa-vino-grabada-y-personalizada-resistente-mod-c105/28_copas-vino-o-cerveza-personalizadas-phc105-1668423.jpg | /media/products/copa-vino-grabada-y-personalizada-resistente-mod-c105/32_facebook-4.png | /media/products/copa-vino-grabada-y-personalizada-resistente-mod-c105/33_instagram-4.png;2026-02-18T11:44:53.983283;;;;;;;
/cristaleria-personalizada/;/copas-de-vino-personalizadas/;copa-vino-mineral-45-cl-grabada-con-logo;7721851;;COPA VINO MINERAL 45 CL. GRABADA CON LOGO;https://www.personalizadoshosteleria.com/p7721851-copa-vino-mineral-45-cl-grabada-con-logo.html;/media/products/copa-vino-mineral-45-cl-grabada-con-logo/01_mineral-45-cl-1606641559-jpg.thumb | /media/products/copa-vino-mineral-45-cl-grabada-con-logo/02_mineral45-1593338438-jpg.thumb | /media/products/copa-vino-mineral-45-cl-grabada-con-logo/03_calidad-cristal-perssonalizados-hosteleria-1610979.thumb | /media/products/copa-vino-mineral-45-cl-grabada-con-logo/04_logo.jpg | /media/products/copa-vino-mineral-45-cl-grabada-con-logo/05_presupuestos-1692439054-x128-f-gb.jpg | /media/products/copa-vino-mineral-45-cl-grabada-con-logo/06_mod-ph-42-1663147591.png | /media/products/copa-vino-mineral-45-cl-grabada-con-logo/07_mod-ph44-61-cl-1663147591.png | /media/products/copa-vino-mineral-45-cl-grabada-con-logo/08_canguro-airlaid-con-qr-1663147591.png | /media/products/copa-vino-mineral-45-cl-grabada-con-logo/09_img-20200128-123820-1663171355.jpg | /media/products/copa-vino-mineral-45-cl-grabada-con-logo/10_aqui-su-publicidad-1-1670758718.png | /media/products/copa-vino-mineral-45-cl-grabada-con-logo/11_servilleta-canguro-personalizada-eco-1679684414.png | /media/products/copa-vino-mineral-45-cl-grabada-con-logo/12_mod-57-1689071732.png | /media/products/copa-vino-mineral-45-cl-grabada-con-logo/13_compra-1-1612367413-x128-f-gb.jpg | /media/products/copa-vino-mineral-45-cl-grabada-con-logo/14_optima-1609073646-x128-f-gb.png | /media/products/copa-vino-mineral-45-cl-grabada-con-logo/15_deja-tu-impresion-de-compra-aqui-queremos-saber-si.png | /media/products/copa-vino-mineral-45-cl-grabada-con-logo/16_camion-phcom-1610453500-x128-f-gb.png | /media/products/copa-vino-mineral-45-cl-grabada-con-logo/17_blank.png | /media/products/copa-vino-mineral-45-cl-grabada-con-logo/25_transparent.png | /media/products/copa-vino-mineral-45-cl-grabada-con-logo/28_mineral-45-cl-1606641559.jpg | /media/products/copa-vino-mineral-45-cl-grabada-con-logo/32_cabernete-1606642017-jpg.thumb | /media/products/copa-vino-mineral-45-cl-grabada-con-logo/33_5-1612704446-jpg.thumb;2026-02-18T11:43:01.651740;;;;;;;
/cristaleria-personalizada/;/copas-de-vino-personalizadas/;copa-vino-personalizada-allegra-49-cl;8535188;;COPA VINO PERSONALIZADA, ALLEGRA 49 cl.;https://www.personalizadoshosteleria.com/p8535188-copa-vino-personalizada-allegra-49-cl.html;/media/products/copa-vino-personalizada-allegra-49-cl/01_allegra1-1620324249-jpg.thumb | /media/products/copa-vino-personalizada-allegra-49-cl/02_allegra49-1653649681-jpg.thumb | /media/products/copa-vino-personalizada-allegra-49-cl/03_copa-vino-personalizada-allegra-1620324259-jpg.thumb | /media/products/copa-vino-personalizada-allegra-49-cl/04_copa-gin-tonic-personalizada-allegra-1620324301-jp.thumb | /media/products/copa-vino-personalizada-allegra-49-cl/05_logo.jpg | /media/products/copa-vino-personalizada-allegra-49-cl/06_presupuestos-1692439054-x128-f-gb.jpg | /media/products/copa-vino-personalizada-allegra-49-cl/07_mod-ph-42-1663147591.png | /media/products/copa-vino-personalizada-allegra-49-cl/08_mod-ph44-61-cl-1663147591.png | /media/products/copa-vino-personalizada-allegra-49-cl/09_canguro-airlaid-con-qr-1663147591.png | /media/products/copa-vino-personalizada-allegra-49-cl/10_img-20200128-123820-1663171355.jpg | /media/products/copa-vino-personalizada-allegra-49-cl/11_aqui-su-publicidad-1-1670758718.png | /media/products/copa-vino-personalizada-allegra-49-cl/12_servilleta-canguro-personalizada-eco-1679684414.png | /media/products/copa-vino-personalizada-allegra-49-cl/13_mod-57-1689071732.png | /media/products/copa-vino-personalizada-allegra-49-cl/14_compra-1-1612367413-x128-f-gb.jpg | /media/products/copa-vino-personalizada-allegra-49-cl/15_optima-1609073646-x128-f-gb.png | /media/products/copa-vino-personalizada-allegra-49-cl/16_deja-tu-impresion-de-compra-aqui-queremos-saber-si.png | /media/products/copa-vino-personalizada-allegra-49-cl/17_camion-phcom-1610453500-x128-f-gb.png | /media/products/copa-vino-personalizada-allegra-49-cl/18_blank.png | /media/products/copa-vino-personalizada-allegra-49-cl/26_transparent.png | /media/products/copa-vino-personalizada-allegra-49-cl/29_allegra1-1620324249.jpg | /media/products/copa-vino-personalizada-allegra-49-cl/34_savoy1-1610794807-jpg.thumb;2026-02-18T11:48:10.041580;;;;;;;
/cristaleria-personalizada/;/copas-de-vino-personalizadas/;copa-vino-personalizada-mod-ph100;10854195;;COPA VINO PERSONALIZADA MOD. PH100;https://www.personalizadoshosteleria.com/p10854195-copa-vino-personalizada-mod-ph100.html;/media/products/copa-vino-personalizada-mod-ph100/01_ph100-1692462728-jpg.thumb | /media/products/copa-vino-personalizada-mod-ph100/02_mod-ph100-1692462728-jpg.thumb | /media/products/copa-vino-personalizada-mod-ph100/03_calidad-1692462728-jpg.thumb | /media/products/copa-vino-personalizada-mod-ph100/04_logo.jpg | /media/products/copa-vino-personalizada-mod-ph100/05_presupuestos-1692439054-x128-f-gb.jpg | /media/products/copa-vino-personalizada-mod-ph100/06_mod-ph-42-1663147591.png | /media/products/copa-vino-personalizada-mod-ph100/07_mod-ph44-61-cl-1663147591.png | /media/products/copa-vino-personalizada-mod-ph100/08_canguro-airlaid-con-qr-1663147591.png | /media/products/copa-vino-personalizada-mod-ph100/09_img-20200128-123820-1663171355.jpg | /media/products/copa-vino-personalizada-mod-ph100/10_aqui-su-publicidad-1-1670758718.png | /media/products/copa-vino-personalizada-mod-ph100/11_servilleta-canguro-personalizada-eco-1679684414.png | /media/products/copa-vino-personalizada-mod-ph100/12_mod-57-1689071732.png | /media/products/copa-vino-personalizada-mod-ph100/13_compra-1-1612367413-x128-f-gb.jpg | /media/products/copa-vino-personalizada-mod-ph100/14_optima-1609073646-x128-f-gb.png | /media/products/copa-vino-personalizada-mod-ph100/15_deja-tu-impresion-de-compra-aqui-queremos-saber-si.png | /media/products/copa-vino-personalizada-mod-ph100/16_camion-phcom-1610453500-x128-f-gb.png | /media/products/copa-vino-personalizada-mod-ph100/17_blank.png | /media/products/copa-vino-personalizada-mod-ph100/25_transparent.png | /media/products/copa-vino-personalizada-mod-ph100/28_ph100-1692462728.jpg | /media/products/copa-vino-personalizada-mod-ph100/32_personalizacion-miniservice-1698137093-jpg.thumb | /media/products/copa-vino-personalizada-mod-ph100/33_3-1677231729-jpg.thumb;2026-02-18T11:43:50.036075;;;;;;;
/cristaleria-personalizada/;/copas-de-vino-personalizadas/;copa-vino-personalizada-mod-ph58;11147514;;COPA VINO PERSONALIZADA MOD. PH58;https://www.personalizadoshosteleria.com/p11147514-copa-vino-personalizada-mod-ph58.html;/media/products/copa-vino-personalizada-mod-ph58/01_copa-de-vino-ph58-1733942007-jpg.thumb | /media/products/copa-vino-personalizada-mod-ph58/02_copa-de-vino-ph58-2-1733942007-jpg.thumb | /media/products/copa-vino-personalizada-mod-ph58/03_copa-vino-ph58-con-medida-1733942007-jpg.thumb | /media/products/copa-vino-personalizada-mod-ph58/04_sistema-personalizacion-phcom-1733942007-jpg.thumb | /media/products/copa-vino-personalizada-mod-ph58/05_logo.jpg | /media/products/copa-vino-personalizada-mod-ph58/06_presupuestos-1692439054-x128-f-gb.jpg | /media/products/copa-vino-personalizada-mod-ph58/07_mod-ph-42-1663147591.png | /media/products/copa-vino-personalizada-mod-ph58/08_mod-ph44-61-cl-1663147591.png | /media/products/copa-vino-personalizada-mod-ph58/09_canguro-airlaid-con-qr-1663147591.png | /media/products/copa-vino-personalizada-mod-ph58/10_img-20200128-123820-1663171355.jpg | /media/products/copa-vino-personalizada-mod-ph58/11_aqui-su-publicidad-1-1670758718.png | /media/products/copa-vino-personalizada-mod-ph58/12_servilleta-canguro-personalizada-eco-1679684414.png | /media/products/copa-vino-personalizada-mod-ph58/13_mod-57-1689071732.png | /media/products/copa-vino-personalizada-mod-ph58/14_compra-1-1612367413-x128-f-gb.jpg | /media/products/copa-vino-personalizada-mod-ph58/15_optima-1609073646-x128-f-gb.png | /media/products/copa-vino-personalizada-mod-ph58/16_deja-tu-impresion-de-compra-aqui-queremos-saber-si.png | /media/products/copa-vino-personalizada-mod-ph58/17_camion-phcom-1610453500-x128-f-gb.png | /media/products/copa-vino-personalizada-mod-ph58/18_blank.png | /media/products/copa-vino-personalizada-mod-ph58/26_transparent.png | /media/products/copa-vino-personalizada-mod-ph58/29_copa-de-vino-ph58-1733942007.jpg | /media/products/copa-vino-personalizada-mod-ph58/34_ph42-laser-1714818126-jpg.thumb;2026-02-18T11:43:52.316691;;;;;;;
/cristaleria-personalizada/;/copas-de-vino-personalizadas/;copa-vino-personalizada-mod-ph85;10681856;;COPA VINO PERSONALIZADA MOD. PH85;https://www.personalizadoshosteleria.com/p10681856-copa-vino-personalizada-mod-ph85.html;/media/products/copa-vino-personalizada-mod-ph85/01_modelo-ph85-1692461003-jpg.thumb | /media/products/copa-vino-personalizada-mod-ph85/02_mod-ph85-1692461003-jpg.thumb | /media/products/copa-vino-personalizada-mod-ph85/03_estandar-calidad-grabado-1692461007-jpg.thumb | /media/products/copa-vino-personalizada-mod-ph85/04_logo.jpg | /media/products/copa-vino-personalizada-mod-ph85/05_presupuestos-1692439054-x128-f-gb.jpg | /media/products/copa-vino-personalizada-mod-ph85/06_mod-ph-42-1663147591.png | /media/products/copa-vino-personalizada-mod-ph85/07_mod-ph44-61-cl-1663147591.png | /media/products/copa-vino-personalizada-mod-ph85/08_canguro-airlaid-con-qr-1663147591.png | /media/products/copa-vino-personalizada-mod-ph85/09_img-20200128-123820-1663171355.jpg | /media/products/copa-vino-personalizada-mod-ph85/10_aqui-su-publicidad-1-1670758718.png | /media/products/copa-vino-personalizada-mod-ph85/11_servilleta-canguro-personalizada-eco-1679684414.png | /media/products/copa-vino-personalizada-mod-ph85/12_mod-57-1689071732.png | /media/products/copa-vino-personalizada-mod-ph85/13_compra-1-1612367413-x128-f-gb.jpg | /media/products/copa-vino-personalizada-mod-ph85/14_optima-1609073646-x128-f-gb.png | /media/products/copa-vino-personalizada-mod-ph85/15_deja-tu-impresion-de-compra-aqui-queremos-saber-si.png | /media/products/copa-vino-personalizada-mod-ph85/16_camion-phcom-1610453500-x128-f-gb.png | /media/products/copa-vino-personalizada-mod-ph85/17_blank.png | /media/products/copa-vino-personalizada-mod-ph85/25_transparent.png | /media/products/copa-vino-personalizada-mod-ph85/28_modelo-ph85-1692461003.jpg | /media/products/copa-vino-personalizada-mod-ph85/32_principe-1607691048-jpg.thumb | /media/products/copa-vino-personalizada-mod-ph85/33_vajilla-personalizada-mod-ph2-1615140716-jpg.thumb;2026-02-18T11:43:47.757853;;;;;;;
/cristaleria-personalizada/;/copas-de-vino-personalizadas/;copa-vino-personalizada-resistente-mod-c103;10381391;;COPA VINO PERSONALIZADA RESISTENTE, MOD. C103;https://www.personalizadoshosteleria.com/p10381391-copa-vino-personalizada-resistente-mod-c103.html;/media/products/copa-vino-personalizada-resistente-mod-c103/01_copa-mod-phc103-1668418203-jpg.thumb | /media/products/copa-vino-personalizada-resistente-mod-c103/02_copa-vino-personalizada-mod-phc103-1668418203-jpg.thumb | /media/products/copa-vino-personalizada-resistente-mod-c103/03_copa-cerveza-personalizada-44-mod-phc103-166841820.thumb | /media/products/copa-vino-personalizada-resistente-mod-c103/04_calidad-de-grabado-1668418242-jpg.thumb | /media/products/copa-vino-personalizada-resistente-mod-c103/05_logo.jpg | /media/products/copa-vino-personalizada-resistente-mod-c103/06_presupuestos-1692439054-x128-f-gb.jpg | /media/products/copa-vino-personalizada-resistente-mod-c103/07_mod-ph-42-1663147591.png | /media/products/copa-vino-personalizada-resistente-mod-c103/08_mod-ph44-61-cl-1663147591.png | /media/products/copa-vino-personalizada-resistente-mod-c103/09_canguro-airlaid-con-qr-1663147591.png | /media/products/copa-vino-personalizada-resistente-mod-c103/10_img-20200128-123820-1663171355.jpg | /media/products/copa-vino-personalizada-resistente-mod-c103/11_aqui-su-publicidad-1-1670758718.png | /media/products/copa-vino-personalizada-resistente-mod-c103/12_servilleta-canguro-personalizada-eco-1679684414.png | /media/products/copa-vino-personalizada-resistente-mod-c103/13_mod-57-1689071732.png | /media/products/copa-vino-personalizada-resistente-mod-c103/14_compra-1-1612367413-x128-f-gb.jpg | /media/products/copa-vino-personalizada-resistente-mod-c103/15_optima-1609073646-x128-f-gb.png | /media/products/copa-vino-personalizada-resistente-mod-c103/16_deja-tu-impresion-de-compra-aqui-queremos-saber-si.png | /media/products/copa-vino-personalizada-resistente-mod-c103/17_camion-phcom-1610453500-x128-f-gb.png | /media/products/copa-vino-personalizada-resistente-mod-c103/18_blank.png | /media/products/copa-vino-personalizada-resistente-mod-c103/26_transparent.png | /media/products/copa-vino-personalizada-resistente-mod-c103/29_copa-mod-phc103-1668418203.jpg | /media/products/copa-vino-personalizada-resistente-mod-c103/34_facebook-4.png;2026-02-18T12:31:19.049136;;;;;;;
/cristaleria-personalizada/;/copas-de-vino-personalizadas/;copa-vino-primetime-grabada-con-tu-personalizacion;7940599;;COPA VINO PRIMETIME 52cl. GRABADA CON TU PERSONALIZACIÓN;https://www.personalizadoshosteleria.com/p7940599-copa-vino-primetime-grabada-con-tu-personalizacion.html;/media/products/copa-vino-primetime-grabada-con-tu-personalizacion/01_primetime-1607717033-jpg.thumb | /media/products/copa-vino-primetime-grabada-con-tu-personalizacion/02_vino-52-1602499041-png.thumb | /media/products/copa-vino-primetime-grabada-con-tu-personalizacion/03_primetime1-1604390289-jpg.thumb | /media/products/copa-vino-primetime-grabada-con-tu-personalizacion/04_logo.jpg | /media/products/copa-vino-primetime-grabada-con-tu-personalizacion/05_presupuestos-1692439054-x128-f-gb.jpg | /media/products/copa-vino-primetime-grabada-con-tu-personalizacion/06_mod-ph-42-1663147591.png | /media/products/copa-vino-primetime-grabada-con-tu-personalizacion/07_mod-ph44-61-cl-1663147591.png | /media/products/copa-vino-primetime-grabada-con-tu-personalizacion/08_canguro-airlaid-con-qr-1663147591.png | /media/products/copa-vino-primetime-grabada-con-tu-personalizacion/09_img-20200128-123820-1663171355.jpg | /media/products/copa-vino-primetime-grabada-con-tu-personalizacion/10_aqui-su-publicidad-1-1670758718.png | /media/products/copa-vino-primetime-grabada-con-tu-personalizacion/11_servilleta-canguro-personalizada-eco-1679684414.png | /media/products/copa-vino-primetime-grabada-con-tu-personalizacion/12_mod-57-1689071732.png | /media/products/copa-vino-primetime-grabada-con-tu-personalizacion/13_compra-1-1612367413-x128-f-gb.jpg | /media/products/copa-vino-primetime-grabada-con-tu-personalizacion/14_optima-1609073646-x128-f-gb.png | /media/products/copa-vino-primetime-grabada-con-tu-personalizacion/15_deja-tu-impresion-de-compra-aqui-queremos-saber-si.png | /media/products/copa-vino-primetime-grabada-con-tu-personalizacion/16_camion-phcom-1610453500-x128-f-gb.png | /media/products/copa-vino-primetime-grabada-con-tu-personalizacion/17_blank.png | /media/products/copa-vino-primetime-grabada-con-tu-personalizacion/25_transparent.png | /media/products/copa-vino-primetime-grabada-con-tu-personalizacion/28_primetime-1607717033.jpg | /media/products/copa-vino-primetime-grabada-con-tu-personalizacion/32_1-1607938683-png.thumb | /media/products/copa-vino-primetime-grabada-con-tu-personalizacion/33_cabernete-1606642017-jpg.thumb;2026-02-18T11:43:24.582570;;;;;;;
/cristaleria-personalizada/;/copas-de-vino-personalizadas/;copa-vino-schott-zwiesel-banquet-1-personalizada;8824016;;COPA VINO SCHOTT ZWIESEL BANQUET 1, PERSONALIZADA;https://www.personalizadoshosteleria.com/p8824016-copa-vino-schott-zwiesel-banquet-1-personalizada.html;/media/products/copa-vino-schott-zwiesel-banquet-1-personalizada/01_banquet-serie-1632160915-jpg.thumb | /media/products/copa-vino-schott-zwiesel-banquet-1-personalizada/02_banquet-1-1632160918-jpg.thumb | /media/products/copa-vino-schott-zwiesel-banquet-1-personalizada/03_calidad-cristal-grabado-1632160921-jpg.thumb | /media/products/copa-vino-schott-zwiesel-banquet-1-personalizada/04_marca-1632160924-jpg.thumb | /media/products/copa-vino-schott-zwiesel-banquet-1-personalizada/05_logo.jpg | /media/products/copa-vino-schott-zwiesel-banquet-1-personalizada/06_presupuestos-1692439054-x128-f-gb.jpg | /media/products/copa-vino-schott-zwiesel-banquet-1-personalizada/07_mod-ph-42-1663147591.png | /media/products/copa-vino-schott-zwiesel-banquet-1-personalizada/08_mod-ph44-61-cl-1663147591.png | /media/products/copa-vino-schott-zwiesel-banquet-1-personalizada/09_canguro-airlaid-con-qr-1663147591.png | /media/products/copa-vino-schott-zwiesel-banquet-1-personalizada/10_img-20200128-123820-1663171355.jpg | /media/products/copa-vino-schott-zwiesel-banquet-1-personalizada/11_aqui-su-publicidad-1-1670758718.png | /media/products/copa-vino-schott-zwiesel-banquet-1-personalizada/12_servilleta-canguro-personalizada-eco-1679684414.png | /media/products/copa-vino-schott-zwiesel-banquet-1-personalizada/13_mod-57-1689071732.png | /media/products/copa-vino-schott-zwiesel-banquet-1-personalizada/14_compra-1-1612367413-x128-f-gb.jpg | /media/products/copa-vino-schott-zwiesel-banquet-1-personalizada/15_optima-1609073646-x128-f-gb.png | /media/products/copa-vino-schott-zwiesel-banquet-1-personalizada/16_deja-tu-impresion-de-compra-aqui-queremos-saber-si.png | /media/products/copa-vino-schott-zwiesel-banquet-1-personalizada/17_camion-phcom-1610453500-x128-f-gb.png | /media/products/copa-vino-schott-zwiesel-banquet-1-personalizada/18_blank.png | /media/products/copa-vino-schott-zwiesel-banquet-1-personalizada/26_transparent.png | /media/products/copa-vino-schott-zwiesel-banquet-1-personalizada/29_banquet-serie-1632160915.jpg | /media/products/copa-vino-schott-zwiesel-banquet-1-personalizada/34_banquet-1632326428-jpg.thumb;2026-02-18T11:44:15.740854;;;;;;;
/cristaleria-personalizada/;/copas-de-vino-personalizadas/;copa-vino-schott-zwiesel-banquet-130-personalizada;8824011;;COPA VINO SCHOTT ZWIESEL BANQUET 130, PERSONALIZADA;https://www.personalizadoshosteleria.com/p8824011-copa-vino-schott-zwiesel-banquet-130-personalizada.html;/media/products/copa-vino-schott-zwiesel-banquet-130-personalizada/01_serie-banquet-1632160738-jpg.thumb | /media/products/copa-vino-schott-zwiesel-banquet-130-personalizada/02_banquet-130-1632160731-jpg.thumb | /media/products/copa-vino-schott-zwiesel-banquet-130-personalizada/03_calidad-cristal-grabado-1632160742-jpg.thumb | /media/products/copa-vino-schott-zwiesel-banquet-130-personalizada/04_marca-1632160749-jpg.thumb | /media/products/copa-vino-schott-zwiesel-banquet-130-personalizada/05_logo.jpg | /media/products/copa-vino-schott-zwiesel-banquet-130-personalizada/06_presupuestos-1692439054-x128-f-gb.jpg | /media/products/copa-vino-schott-zwiesel-banquet-130-personalizada/07_mod-ph-42-1663147591.png | /media/products/copa-vino-schott-zwiesel-banquet-130-personalizada/08_mod-ph44-61-cl-1663147591.png | /media/products/copa-vino-schott-zwiesel-banquet-130-personalizada/09_canguro-airlaid-con-qr-1663147591.png | /media/products/copa-vino-schott-zwiesel-banquet-130-personalizada/10_img-20200128-123820-1663171355.jpg | /media/products/copa-vino-schott-zwiesel-banquet-130-personalizada/11_aqui-su-publicidad-1-1670758718.png | /media/products/copa-vino-schott-zwiesel-banquet-130-personalizada/12_servilleta-canguro-personalizada-eco-1679684414.png | /media/products/copa-vino-schott-zwiesel-banquet-130-personalizada/13_mod-57-1689071732.png | /media/products/copa-vino-schott-zwiesel-banquet-130-personalizada/14_compra-1-1612367413-x128-f-gb.jpg | /media/products/copa-vino-schott-zwiesel-banquet-130-personalizada/15_optima-1609073646-x128-f-gb.png | /media/products/copa-vino-schott-zwiesel-banquet-130-personalizada/16_deja-tu-impresion-de-compra-aqui-queremos-saber-si.png | /media/products/copa-vino-schott-zwiesel-banquet-130-personalizada/17_camion-phcom-1610453500-x128-f-gb.png | /media/products/copa-vino-schott-zwiesel-banquet-130-personalizada/18_blank.png | /media/products/copa-vino-schott-zwiesel-banquet-130-personalizada/26_transparent.png | /media/products/copa-vino-schott-zwiesel-banquet-130-personalizada/29_serie-banquet-1632160738.jpg | /media/products/copa-vino-schott-zwiesel-banquet-130-personalizada/34_banquet-1632326428-jpg.thumb;2026-02-18T11:44:12.798814;;;;;;;
/cristaleria-personalizada/;/copas-de-vino-personalizadas/;copa-vino-schott-zwiesel-banquet-140-personalizada;8823999;;COPA VINO SCHOTT ZWIESEL BANQUET 140, PERSONALIZADA;https://www.personalizadoshosteleria.com/p8823999-copa-vino-schott-zwiesel-banquet-140-personalizada.html;/media/products/copa-vino-schott-zwiesel-banquet-140-personalizada/01_banquet-1632326428-jpg.thumb | /media/products/copa-vino-schott-zwiesel-banquet-140-personalizada/02_banquet-140-1632160107-jpg.thumb | /media/products/copa-vino-schott-zwiesel-banquet-140-personalizada/03_calidad-cristal-grabado-1632160161-jpg.thumb | /media/products/copa-vino-schott-zwiesel-banquet-140-personalizada/04_marca-1632160193-jpg.thumb | /media/products/copa-vino-schott-zwiesel-banquet-140-personalizada/05_logo.jpg | /media/products/copa-vino-schott-zwiesel-banquet-140-personalizada/06_presupuestos-1692439054-x128-f-gb.jpg | /media/products/copa-vino-schott-zwiesel-banquet-140-personalizada/07_mod-ph-42-1663147591.png | /media/products/copa-vino-schott-zwiesel-banquet-140-personalizada/08_mod-ph44-61-cl-1663147591.png | /media/products/copa-vino-schott-zwiesel-banquet-140-personalizada/09_canguro-airlaid-con-qr-1663147591.png | /media/products/copa-vino-schott-zwiesel-banquet-140-personalizada/10_img-20200128-123820-1663171355.jpg | /media/products/copa-vino-schott-zwiesel-banquet-140-personalizada/11_aqui-su-publicidad-1-1670758718.png | /media/products/copa-vino-schott-zwiesel-banquet-140-personalizada/12_servilleta-canguro-personalizada-eco-1679684414.png | /media/products/copa-vino-schott-zwiesel-banquet-140-personalizada/13_mod-57-1689071732.png | /media/products/copa-vino-schott-zwiesel-banquet-140-personalizada/14_compra-1-1612367413-x128-f-gb.jpg | /media/products/copa-vino-schott-zwiesel-banquet-140-personalizada/15_optima-1609073646-x128-f-gb.png | /media/products/copa-vino-schott-zwiesel-banquet-140-personalizada/16_deja-tu-impresion-de-compra-aqui-queremos-saber-si.png | /media/products/copa-vino-schott-zwiesel-banquet-140-personalizada/17_camion-phcom-1610453500-x128-f-gb.png | /media/products/copa-vino-schott-zwiesel-banquet-140-personalizada/18_blank.png | /media/products/copa-vino-schott-zwiesel-banquet-140-personalizada/26_transparent.png | /media/products/copa-vino-schott-zwiesel-banquet-140-personalizada/29_banquet-1632326428.jpg | /media/products/copa-vino-schott-zwiesel-banquet-140-personalizada/34_serie-banquet-1632160738-jpg.thumb;2026-02-18T11:44:18.225515;;;;;;;
/cristaleria-personalizada/;/copas-de-vino-personalizadas/;copa-vino-schott-zwiesel-fenix-0-personalizada;8812955;;COPA VINO SCHOTT ZWIESEL FENIX 0, PERSONALIZADA;https://www.personalizadoshosteleria.com/p8812955-copa-vino-schott-zwiesel-fenix-0-personalizada.html;/media/products/copa-vino-schott-zwiesel-fenix-0-personalizada/01_fenix-0-1632047924-jpg.thumb | /media/products/copa-vino-schott-zwiesel-fenix-0-personalizada/02_fenix-0-medidas-1632047932-jpg.thumb | /media/products/copa-vino-schott-zwiesel-fenix-0-personalizada/03_calidad-cristal-grabado-1632047936-jpg.thumb | /media/products/copa-vino-schott-zwiesel-fenix-0-personalizada/04_marca-1632047944-jpg.thumb | /media/products/copa-vino-schott-zwiesel-fenix-0-personalizada/05_logo.jpg | /media/products/copa-vino-schott-zwiesel-fenix-0-personalizada/06_presupuestos-1692439054-x128-f-gb.jpg | /media/products/copa-vino-schott-zwiesel-fenix-0-personalizada/07_mod-ph-42-1663147591.png | /media/products/copa-vino-schott-zwiesel-fenix-0-personalizada/08_mod-ph44-61-cl-1663147591.png | /media/products/copa-vino-schott-zwiesel-fenix-0-personalizada/09_canguro-airlaid-con-qr-1663147591.png | /media/products/copa-vino-schott-zwiesel-fenix-0-personalizada/10_img-20200128-123820-1663171355.jpg | /media/products/copa-vino-schott-zwiesel-fenix-0-personalizada/11_aqui-su-publicidad-1-1670758718.png | /media/products/copa-vino-schott-zwiesel-fenix-0-personalizada/12_servilleta-canguro-personalizada-eco-1679684414.png | /media/products/copa-vino-schott-zwiesel-fenix-0-personalizada/13_mod-57-1689071732.png | /media/products/copa-vino-schott-zwiesel-fenix-0-personalizada/14_compra-1-1612367413-x128-f-gb.jpg | /media/products/copa-vino-schott-zwiesel-fenix-0-personalizada/15_optima-1609073646-x128-f-gb.png | /media/products/copa-vino-schott-zwiesel-fenix-0-personalizada/16_deja-tu-impresion-de-compra-aqui-queremos-saber-si.png | /media/products/copa-vino-schott-zwiesel-fenix-0-personalizada/17_camion-phcom-1610453500-x128-f-gb.png | /media/products/copa-vino-schott-zwiesel-fenix-0-personalizada/18_blank.png | /media/products/copa-vino-schott-zwiesel-fenix-0-personalizada/26_transparent.png | /media/products/copa-vino-schott-zwiesel-fenix-0-personalizada/29_fenix-0-1632047924.jpg | /media/products/copa-vino-schott-zwiesel-fenix-0-personalizada/34_banquet-1632326428-jpg.thumb;2026-02-18T12:31:29.239782;;;;;;;
/cristaleria-personalizada/;/copas-de-vino-personalizadas/;copa-vino-schott-zwiesel-fenix-130;8812921;;COPA VINO SCHOTT ZWIESEL FENIX 130, PERSONALIZADA;https://www.personalizadoshosteleria.com/p8812921-copa-vino-schott-zwiesel-fenix-130.html;/media/products/copa-vino-schott-zwiesel-fenix-130/01_schott-zwiesel-fenix-130-1632046968-jpg.thumb | /media/products/copa-vino-schott-zwiesel-fenix-130/02_fenix-130-medidas-1632042273-jpg.thumb | /media/products/copa-vino-schott-zwiesel-fenix-130/03_calidad-cristal-grabado-1632045578-jpg.thumb | /media/products/copa-vino-schott-zwiesel-fenix-130/04_marca-1632047232-jpg.thumb | /media/products/copa-vino-schott-zwiesel-fenix-130/05_logo.jpg | /media/products/copa-vino-schott-zwiesel-fenix-130/06_presupuestos-1692439054-x128-f-gb.jpg | /media/products/copa-vino-schott-zwiesel-fenix-130/07_mod-ph-42-1663147591.png | /media/products/copa-vino-schott-zwiesel-fenix-130/08_mod-ph44-61-cl-1663147591.png | /media/products/copa-vino-schott-zwiesel-fenix-130/09_canguro-airlaid-con-qr-1663147591.png | /media/products/copa-vino-schott-zwiesel-fenix-130/10_img-20200128-123820-1663171355.jpg | /media/products/copa-vino-schott-zwiesel-fenix-130/11_aqui-su-publicidad-1-1670758718.png | /media/products/copa-vino-schott-zwiesel-fenix-130/12_servilleta-canguro-personalizada-eco-1679684414.png | /media/products/copa-vino-schott-zwiesel-fenix-130/13_mod-57-1689071732.png | /media/products/copa-vino-schott-zwiesel-fenix-130/14_compra-1-1612367413-x128-f-gb.jpg | /media/products/copa-vino-schott-zwiesel-fenix-130/15_optima-1609073646-x128-f-gb.png | /media/products/copa-vino-schott-zwiesel-fenix-130/16_deja-tu-impresion-de-compra-aqui-queremos-saber-si.png | /media/products/copa-vino-schott-zwiesel-fenix-130/17_camion-phcom-1610453500-x128-f-gb.png | /media/products/copa-vino-schott-zwiesel-fenix-130/18_blank.png | /media/products/copa-vino-schott-zwiesel-fenix-130/26_transparent.png | /media/products/copa-vino-schott-zwiesel-fenix-130/29_schott-zwiesel-fenix-130-1632046968.jpg | /media/products/copa-vino-schott-zwiesel-fenix-130/34_banquet-1632326428-jpg.thumb;2026-02-18T12:31:24.129060;;;;;;;
/cristaleria-personalizada/;/copas-de-vino-personalizadas/;copa-vino-schott-zwiesel-personalizada-ivento-130;8861425;;COPA VINO PERSONALIZADA  SCHOTT ZWIESEL IVENTO 130;https://www.personalizadoshosteleria.com/p8861425-copa-vino-schott-zwiesel-personalizada-ivento-130.html;/media/products/copa-vino-schott-zwiesel-personalizada-ivento-130/01_ivento-serie-1633335810-jpg.thumb | /media/products/copa-vino-schott-zwiesel-personalizada-ivento-130/02_ivento-130-1633335814-jpg.thumb | /media/products/copa-vino-schott-zwiesel-personalizada-ivento-130/03_calidad-cristal-grabado-1633335829-jpg.thumb | /media/products/copa-vino-schott-zwiesel-personalizada-ivento-130/04_marca-1633335838-jpg.thumb | /media/products/copa-vino-schott-zwiesel-personalizada-ivento-130/05_logo.jpg | /media/products/copa-vino-schott-zwiesel-personalizada-ivento-130/06_presupuestos-1692439054-x128-f-gb.jpg | /media/products/copa-vino-schott-zwiesel-personalizada-ivento-130/07_mod-ph-42-1663147591.png | /media/products/copa-vino-schott-zwiesel-personalizada-ivento-130/08_mod-ph44-61-cl-1663147591.png | /media/products/copa-vino-schott-zwiesel-personalizada-ivento-130/09_canguro-airlaid-con-qr-1663147591.png | /media/products/copa-vino-schott-zwiesel-personalizada-ivento-130/10_img-20200128-123820-1663171355.jpg | /media/products/copa-vino-schott-zwiesel-personalizada-ivento-130/11_aqui-su-publicidad-1-1670758718.png | /media/products/copa-vino-schott-zwiesel-personalizada-ivento-130/12_servilleta-canguro-personalizada-eco-1679684414.png | /media/products/copa-vino-schott-zwiesel-personalizada-ivento-130/13_mod-57-1689071732.png | /media/products/copa-vino-schott-zwiesel-personalizada-ivento-130/14_compra-1-1612367413-x128-f-gb.jpg | /media/products/copa-vino-schott-zwiesel-personalizada-ivento-130/15_optima-1609073646-x128-f-gb.png | /media/products/copa-vino-schott-zwiesel-personalizada-ivento-130/16_deja-tu-impresion-de-compra-aqui-queremos-saber-si.png | /media/products/copa-vino-schott-zwiesel-personalizada-ivento-130/17_camion-phcom-1610453500-x128-f-gb.png | /media/products/copa-vino-schott-zwiesel-personalizada-ivento-130/18_blank.png | /media/products/copa-vino-schott-zwiesel-personalizada-ivento-130/26_transparent.png | /media/products/copa-vino-schott-zwiesel-personalizada-ivento-130/29_ivento-serie-1633335810.jpg | /media/products/copa-vino-schott-zwiesel-personalizada-ivento-130/34_banquet-1632326428-jpg.thumb;2026-02-18T12:31:21.578289;;;;;;;
/cristaleria-personalizada/;/copas-de-vino-personalizadas/;copa-vino-schott-zwiesel-verbelle-130-personalizada;8826785;;COPA VINO SCHOTT ZWIESEL VERBELLE 130, PERSONALIZADA;https://www.personalizadoshosteleria.com/p8826785-copa-vino-schott-zwiesel-verbelle-130-personalizada.html;/media/products/copa-vino-schott-zwiesel-verbelle-130-personalizada/01_serie-verbelle-2-1632333200-jpg.thumb | /media/products/copa-vino-schott-zwiesel-verbelle-130-personalizada/02_verbelle-130-1632333205-jpg.thumb | /media/products/copa-vino-schott-zwiesel-verbelle-130-personalizada/03_calidad-cristal-grabado-1632333208-jpg.thumb | /media/products/copa-vino-schott-zwiesel-verbelle-130-personalizada/04_marca-1632333217-jpg.thumb | /media/products/copa-vino-schott-zwiesel-verbelle-130-personalizada/05_logo.jpg | /media/products/copa-vino-schott-zwiesel-verbelle-130-personalizada/06_presupuestos-1692439054-x128-f-gb.jpg | /media/products/copa-vino-schott-zwiesel-verbelle-130-personalizada/07_mod-ph-42-1663147591.png | /media/products/copa-vino-schott-zwiesel-verbelle-130-personalizada/08_mod-ph44-61-cl-1663147591.png | /media/products/copa-vino-schott-zwiesel-verbelle-130-personalizada/09_canguro-airlaid-con-qr-1663147591.png | /media/products/copa-vino-schott-zwiesel-verbelle-130-personalizada/10_img-20200128-123820-1663171355.jpg | /media/products/copa-vino-schott-zwiesel-verbelle-130-personalizada/11_aqui-su-publicidad-1-1670758718.png | /media/products/copa-vino-schott-zwiesel-verbelle-130-personalizada/12_servilleta-canguro-personalizada-eco-1679684414.png | /media/products/copa-vino-schott-zwiesel-verbelle-130-personalizada/13_mod-57-1689071732.png | /media/products/copa-vino-schott-zwiesel-verbelle-130-personalizada/14_compra-1-1612367413-x128-f-gb.jpg | /media/products/copa-vino-schott-zwiesel-verbelle-130-personalizada/15_optima-1609073646-x128-f-gb.png | /media/products/copa-vino-schott-zwiesel-verbelle-130-personalizada/16_deja-tu-impresion-de-compra-aqui-queremos-saber-si.png | /media/products/copa-vino-schott-zwiesel-verbelle-130-personalizada/17_camion-phcom-1610453500-x128-f-gb.png | /media/products/copa-vino-schott-zwiesel-verbelle-130-personalizada/18_blank.png | /media/products/copa-vino-schott-zwiesel-verbelle-130-personalizada/26_transparent.png | /media/products/copa-vino-schott-zwiesel-verbelle-130-personalizada/29_serie-verbelle-2-1632333200.jpg | /media/products/copa-vino-schott-zwiesel-verbelle-130-personalizada/34_banquet-1632326428-jpg.thumb;2026-02-18T12:31:26.686832;;;;;;;
/cristaleria-personalizada/;/copas-de-vino-personalizadas/;copa-vino-schott-zwiesel-verbelle-140-personalizada;8826773;;COPA VINO SCHOTT ZWIESEL VERBELLE 140, PERSONALIZADA;https://www.personalizadoshosteleria.com/p8826773-copa-vino-schott-zwiesel-verbelle-140-personalizada.html;/media/products/copa-vino-schott-zwiesel-verbelle-140-personalizada/01_serie-verbelle-1632332646-jpg.thumb | /media/products/copa-vino-schott-zwiesel-verbelle-140-personalizada/02_verbelle-140-1632332649-jpg.thumb | /media/products/copa-vino-schott-zwiesel-verbelle-140-personalizada/03_calidad-cristal-grabado-1632332714-jpg.thumb | /media/products/copa-vino-schott-zwiesel-verbelle-140-personalizada/04_marca-1632332719-jpg.thumb | /media/products/copa-vino-schott-zwiesel-verbelle-140-personalizada/05_logo.jpg | /media/products/copa-vino-schott-zwiesel-verbelle-140-personalizada/06_presupuestos-1692439054-x128-f-gb.jpg | /media/products/copa-vino-schott-zwiesel-verbelle-140-personalizada/07_mod-ph-42-1663147591.png | /media/products/copa-vino-schott-zwiesel-verbelle-140-personalizada/08_mod-ph44-61-cl-1663147591.png | /media/products/copa-vino-schott-zwiesel-verbelle-140-personalizada/09_canguro-airlaid-con-qr-1663147591.png | /media/products/copa-vino-schott-zwiesel-verbelle-140-personalizada/10_img-20200128-123820-1663171355.jpg | /media/products/copa-vino-schott-zwiesel-verbelle-140-personalizada/11_aqui-su-publicidad-1-1670758718.png | /media/products/copa-vino-schott-zwiesel-verbelle-140-personalizada/12_servilleta-canguro-personalizada-eco-1679684414.png | /media/products/copa-vino-schott-zwiesel-verbelle-140-personalizada/13_mod-57-1689071732.png | /media/products/copa-vino-schott-zwiesel-verbelle-140-personalizada/14_compra-1-1612367413-x128-f-gb.jpg | /media/products/copa-vino-schott-zwiesel-verbelle-140-personalizada/15_optima-1609073646-x128-f-gb.png | /media/products/copa-vino-schott-zwiesel-verbelle-140-personalizada/16_deja-tu-impresion-de-compra-aqui-queremos-saber-si.png | /media/products/copa-vino-schott-zwiesel-verbelle-140-personalizada/17_camion-phcom-1610453500-x128-f-gb.png | /media/products/copa-vino-schott-zwiesel-verbelle-140-personalizada/18_blank.png | /media/products/copa-vino-schott-zwiesel-verbelle-140-personalizada/26_transparent.png | /media/products/copa-vino-schott-zwiesel-verbelle-140-personalizada/29_serie-verbelle-1632332646.jpg | /media/products/copa-vino-schott-zwiesel-verbelle-140-personalizada/34_banquet-1632326428-jpg.thumb;2026-02-18T12:31:31.782470;;;;;;;
/cristaleria-personalizada/;/copas-de-vino-personalizadas/;copa-vino-sequence-oenology-53-cl-grabada-con-su-logo;7722075;;COPA VINO SEQUENCE OENOLOGY 53 CL. GRABADA CON SU LOGO;https://www.personalizadoshosteleria.com/p7722075-copa-vino-sequence-oenology-53-cl-grabada-con-su-logo.html;/media/products/copa-vino-sequence-oenology-53-cl-grabada-con-su-logo/01_sequenc-1606640682-jpg.thumb | /media/products/copa-vino-sequence-oenology-53-cl-grabada-con-su-logo/02_sequence-53-1593798471-png.thumb | /media/products/copa-vino-sequence-oenology-53-cl-grabada-con-su-logo/03_calidad-cristal-perssonalizados-hosteleria-1610979.thumb | /media/products/copa-vino-sequence-oenology-53-cl-grabada-con-su-logo/04_logo.jpg | /media/products/copa-vino-sequence-oenology-53-cl-grabada-con-su-logo/05_presupuestos-1692439054-x128-f-gb.jpg | /media/products/copa-vino-sequence-oenology-53-cl-grabada-con-su-logo/06_mod-ph-42-1663147591.png | /media/products/copa-vino-sequence-oenology-53-cl-grabada-con-su-logo/07_mod-ph44-61-cl-1663147591.png | /media/products/copa-vino-sequence-oenology-53-cl-grabada-con-su-logo/08_canguro-airlaid-con-qr-1663147591.png | /media/products/copa-vino-sequence-oenology-53-cl-grabada-con-su-logo/09_img-20200128-123820-1663171355.jpg | /media/products/copa-vino-sequence-oenology-53-cl-grabada-con-su-logo/10_aqui-su-publicidad-1-1670758718.png | /media/products/copa-vino-sequence-oenology-53-cl-grabada-con-su-logo/11_servilleta-canguro-personalizada-eco-1679684414.png | /media/products/copa-vino-sequence-oenology-53-cl-grabada-con-su-logo/12_mod-57-1689071732.png | /media/products/copa-vino-sequence-oenology-53-cl-grabada-con-su-logo/13_compra-1-1612367413-x128-f-gb.jpg | /media/products/copa-vino-sequence-oenology-53-cl-grabada-con-su-logo/14_optima-1609073646-x128-f-gb.png | /media/products/copa-vino-sequence-oenology-53-cl-grabada-con-su-logo/15_deja-tu-impresion-de-compra-aqui-queremos-saber-si.png | /media/products/copa-vino-sequence-oenology-53-cl-grabada-con-su-logo/16_camion-phcom-1610453500-x128-f-gb.png | /media/products/copa-vino-sequence-oenology-53-cl-grabada-con-su-logo/17_blank.png | /media/products/copa-vino-sequence-oenology-53-cl-grabada-con-su-logo/25_transparent.png | /media/products/copa-vino-sequence-oenology-53-cl-grabada-con-su-logo/28_sequenc-1606640682.jpg | /media/products/copa-vino-sequence-oenology-53-cl-grabada-con-su-logo/32_default.jpg | /media/products/copa-vino-sequence-oenology-53-cl-grabada-con-su-logo/33_reveal-up1-1606639607-jpg.thumb;2026-02-18T11:43:06.821821;;;;;;;
/cristaleria-personalizada/;/copas-de-vino-personalizadas/;copas-de-vino-sopladas-y-personalizadas-ph-madehand2;11570725;;Copas de Vino Sopladas y Personalizadas PH MADEHAND2;https://www.personalizadoshosteleria.com/p11570725-copas-de-vino-sopladas-y-personalizadas-ph-madehand2.html;/media/products/copas-de-vino-sopladas-y-personalizadas-ph-madehand2/01_ph-hm5-1754557103-jpg.thumb | /media/products/copas-de-vino-sopladas-y-personalizadas-ph-madehand2/02_ph-hm6-1754557103-jpg.thumb | /media/products/copas-de-vino-sopladas-y-personalizadas-ph-madehand2/03_ph-hm7-1754558001-jpg.thumb | /media/products/copas-de-vino-sopladas-y-personalizadas-ph-madehand2/04_ph-hm4-1754557103-jpg.thumb | /media/products/copas-de-vino-sopladas-y-personalizadas-ph-madehand2/05_logo.jpg | /media/products/copas-de-vino-sopladas-y-personalizadas-ph-madehand2/06_presupuestos-1692439054-x128-f-gb.jpg | /media/products/copas-de-vino-sopladas-y-personalizadas-ph-madehand2/07_mod-ph-42-1663147591.png | /media/products/copas-de-vino-sopladas-y-personalizadas-ph-madehand2/08_mod-ph44-61-cl-1663147591.png | /media/products/copas-de-vino-sopladas-y-personalizadas-ph-madehand2/09_canguro-airlaid-con-qr-1663147591.png | /media/products/copas-de-vino-sopladas-y-personalizadas-ph-madehand2/10_img-20200128-123820-1663171355.jpg | /media/products/copas-de-vino-sopladas-y-personalizadas-ph-madehand2/11_aqui-su-publicidad-1-1670758718.png | /media/products/copas-de-vino-sopladas-y-personalizadas-ph-madehand2/12_servilleta-canguro-personalizada-eco-1679684414.png | /media/products/copas-de-vino-sopladas-y-personalizadas-ph-madehand2/13_mod-57-1689071732.png | /media/products/copas-de-vino-sopladas-y-personalizadas-ph-madehand2/14_compra-1-1612367413-x128-f-gb.jpg | /media/products/copas-de-vino-sopladas-y-personalizadas-ph-madehand2/15_optima-1609073646-x128-f-gb.png | /media/products/copas-de-vino-sopladas-y-personalizadas-ph-madehand2/16_deja-tu-impresion-de-compra-aqui-queremos-saber-si.png | /media/products/copas-de-vino-sopladas-y-personalizadas-ph-madehand2/17_camion-phcom-1610453500-x128-f-gb.png | /media/products/copas-de-vino-sopladas-y-personalizadas-ph-madehand2/18_blank.png | /media/products/copas-de-vino-sopladas-y-personalizadas-ph-madehand2/26_transparent.png | /media/products/copas-de-vino-sopladas-y-personalizadas-ph-madehand2/29_ph-hm5-1754557103.jpg | /media/products/copas-de-vino-sopladas-y-personalizadas-ph-madehand2/34_magnum-130-1580490498-png.thumb;2026-02-18T12:05:43.550335;;;;;;;
/cristaleria-personalizada/;/copas-de-vino-personalizadas/;copas-de-vino-sopladas-y-personalizadas;11570243;;Copas de Vino Sopladas y Personalizadas;https://www.personalizadoshosteleria.com/p11570243-copas-de-vino-sopladas-y-personalizadas.html;/media/products/copas-de-vino-sopladas-y-personalizadas/01_mod-ph-madehand1-1754498980-jpg.thumb | /media/products/copas-de-vino-sopladas-y-personalizadas/02_ph-hm1-1754498980-jpg.thumb | /media/products/copas-de-vino-sopladas-y-personalizadas/03_ph-hm2-1754498980-jpg.thumb | /media/products/copas-de-vino-sopladas-y-personalizadas/04_ph-hm3-1754498993-jpg.thumb | /media/products/copas-de-vino-sopladas-y-personalizadas/05_logo.jpg | /media/products/copas-de-vino-sopladas-y-personalizadas/06_presupuestos-1692439054-x128-f-gb.jpg | /media/products/copas-de-vino-sopladas-y-personalizadas/07_mod-ph-42-1663147591.png | /media/products/copas-de-vino-sopladas-y-personalizadas/08_mod-ph44-61-cl-1663147591.png | /media/products/copas-de-vino-sopladas-y-personalizadas/09_canguro-airlaid-con-qr-1663147591.png | /media/products/copas-de-vino-sopladas-y-personalizadas/10_img-20200128-123820-1663171355.jpg | /media/products/copas-de-vino-sopladas-y-personalizadas/11_aqui-su-publicidad-1-1670758718.png | /media/products/copas-de-vino-sopladas-y-personalizadas/12_servilleta-canguro-personalizada-eco-1679684414.png | /media/products/copas-de-vino-sopladas-y-personalizadas/13_mod-57-1689071732.png | /media/products/copas-de-vino-sopladas-y-personalizadas/14_compra-1-1612367413-x128-f-gb.jpg | /media/products/copas-de-vino-sopladas-y-personalizadas/15_optima-1609073646-x128-f-gb.png | /media/products/copas-de-vino-sopladas-y-personalizadas/16_deja-tu-impresion-de-compra-aqui-queremos-saber-si.png | /media/products/copas-de-vino-sopladas-y-personalizadas/17_camion-phcom-1610453500-x128-f-gb.png | /media/products/copas-de-vino-sopladas-y-personalizadas/18_blank.png | /media/products/copas-de-vino-sopladas-y-personalizadas/26_transparent.png | /media/products/copas-de-vino-sopladas-y-personalizadas/29_mod-ph-madehand1-1754498980.jpg | /media/products/copas-de-vino-sopladas-y-personalizadas/34_harmonia-principal-1606665579-jpg.thumb;2026-02-18T12:04:11.680871;;;;;;;
/cristaleria-personalizada/;/cristaleria-cerveza-personalizada/;copa-cerveza-executive-26-cl-grabada-con-su-logo;8467729;;COPA CERVEZA EXECUTIVE 26 CL GRABADA CON SU LOGO;https://www.personalizadoshosteleria.com/p8467729-copa-cerveza-executive-26-cl-grabada-con-su-logo.html;/media/products/copa-cerveza-executive-26-cl-grabada-con-su-logo/01_1-1618330978-jpg.thumb | /media/products/copa-cerveza-executive-26-cl-grabada-con-su-logo/02_conjunto-1618330981-jpg.thumb | /media/products/copa-cerveza-executive-26-cl-grabada-con-su-logo/03_logo.jpg | /media/products/copa-cerveza-executive-26-cl-grabada-con-su-logo/04_presupuestos-1692439054-x128-f-gb.jpg | /media/products/copa-cerveza-executive-26-cl-grabada-con-su-logo/05_mod-ph-42-1663147591.png | /media/products/copa-cerveza-executive-26-cl-grabada-con-su-logo/06_mod-ph44-61-cl-1663147591.png | /media/products/copa-cerveza-executive-26-cl-grabada-con-su-logo/07_canguro-airlaid-con-qr-1663147591.png | /media/products/copa-cerveza-executive-26-cl-grabada-con-su-logo/08_img-20200128-123820-1663171355.jpg | /media/products/copa-cerveza-executive-26-cl-grabada-con-su-logo/09_aqui-su-publicidad-1-1670758718.png | /media/products/copa-cerveza-executive-26-cl-grabada-con-su-logo/10_servilleta-canguro-personalizada-eco-1679684414.png | /media/products/copa-cerveza-executive-26-cl-grabada-con-su-logo/11_mod-57-1689071732.png | /media/products/copa-cerveza-executive-26-cl-grabada-con-su-logo/12_compra-1-1612367413-x128-f-gb.jpg | /media/products/copa-cerveza-executive-26-cl-grabada-con-su-logo/13_optima-1609073646-x128-f-gb.png | /media/products/copa-cerveza-executive-26-cl-grabada-con-su-logo/14_deja-tu-impresion-de-compra-aqui-queremos-saber-si.png | /media/products/copa-cerveza-executive-26-cl-grabada-con-su-logo/15_camion-phcom-1610453500-x128-f-gb.png | /media/products/copa-cerveza-executive-26-cl-grabada-con-su-logo/16_blank.png | /media/products/copa-cerveza-executive-26-cl-grabada-con-su-logo/24_transparent.png | /media/products/copa-cerveza-executive-26-cl-grabada-con-su-logo/27_1-1618330978.jpg | /media/products/copa-cerveza-executive-26-cl-grabada-con-su-logo/30_facebook-4.png | /media/products/copa-cerveza-executive-26-cl-grabada-con-su-logo/31_instagram-4.png | /media/products/copa-cerveza-executive-26-cl-grabada-con-su-logo/32_twitter-5.png;2026-02-18T11:46:57.490756;;;;;;;
/cristaleria-personalizada/;/cristaleria-cerveza-personalizada/;copa-cerveza-executive-grabada-con-su-logo;8467724;;COPA CERVEZA EXECUTIVE 39 CL GRABADA CON SU LOGO;https://www.personalizadoshosteleria.com/p8467724-copa-cerveza-executive-grabada-con-su-logo.html;/media/products/copa-cerveza-executive-grabada-con-su-logo/01_1-1618330803-jpg.thumb | /media/products/copa-cerveza-executive-grabada-con-su-logo/02_conjunto-1618330810-jpg.thumb | /media/products/copa-cerveza-executive-grabada-con-su-logo/03_logo.jpg | /media/products/copa-cerveza-executive-grabada-con-su-logo/04_presupuestos-1692439054-x128-f-gb.jpg | /media/products/copa-cerveza-executive-grabada-con-su-logo/05_mod-ph-42-1663147591.png | /media/products/copa-cerveza-executive-grabada-con-su-logo/06_mod-ph44-61-cl-1663147591.png | /media/products/copa-cerveza-executive-grabada-con-su-logo/07_canguro-airlaid-con-qr-1663147591.png | /media/products/copa-cerveza-executive-grabada-con-su-logo/08_img-20200128-123820-1663171355.jpg | /media/products/copa-cerveza-executive-grabada-con-su-logo/09_aqui-su-publicidad-1-1670758718.png | /media/products/copa-cerveza-executive-grabada-con-su-logo/10_servilleta-canguro-personalizada-eco-1679684414.png | /media/products/copa-cerveza-executive-grabada-con-su-logo/11_mod-57-1689071732.png | /media/products/copa-cerveza-executive-grabada-con-su-logo/12_compra-1-1612367413-x128-f-gb.jpg | /media/products/copa-cerveza-executive-grabada-con-su-logo/13_optima-1609073646-x128-f-gb.png | /media/products/copa-cerveza-executive-grabada-con-su-logo/14_deja-tu-impresion-de-compra-aqui-queremos-saber-si.png | /media/products/copa-cerveza-executive-grabada-con-su-logo/15_camion-phcom-1610453500-x128-f-gb.png | /media/products/copa-cerveza-executive-grabada-con-su-logo/16_blank.png | /media/products/copa-cerveza-executive-grabada-con-su-logo/24_transparent.png | /media/products/copa-cerveza-executive-grabada-con-su-logo/27_1-1618330803.jpg | /media/products/copa-cerveza-executive-grabada-con-su-logo/30_facebook-4.png | /media/products/copa-cerveza-executive-grabada-con-su-logo/31_instagram-4.png | /media/products/copa-cerveza-executive-grabada-con-su-logo/32_twitter-5.png;2026-02-18T11:46:59.993671;;;;;;;
/cristaleria-personalizada/;/cristaleria-cerveza-personalizada/;copa-cerveza-harmonia-38-cl-grabada-con-tu-logo;8467868;;COPA CERVEZA HARMONIA  38 CL GRABADA CON TU LOGO;https://www.personalizadoshosteleria.com/p8467868-copa-cerveza-harmonia-38-cl-grabada-con-tu-logo.html;/media/products/copa-cerveza-harmonia-38-cl-grabada-con-tu-logo/01_diapositiva3-1618334429-jpg.thumb | /media/products/copa-cerveza-harmonia-38-cl-grabada-con-tu-logo/02_diapositiva5-1618334397-jpg.thumb | /media/products/copa-cerveza-harmonia-38-cl-grabada-con-tu-logo/03_logo.jpg | /media/products/copa-cerveza-harmonia-38-cl-grabada-con-tu-logo/04_presupuestos-1692439054-x128-f-gb.jpg | /media/products/copa-cerveza-harmonia-38-cl-grabada-con-tu-logo/05_mod-ph-42-1663147591.png | /media/products/copa-cerveza-harmonia-38-cl-grabada-con-tu-logo/06_mod-ph44-61-cl-1663147591.png | /media/products/copa-cerveza-harmonia-38-cl-grabada-con-tu-logo/07_canguro-airlaid-con-qr-1663147591.png | /media/products/copa-cerveza-harmonia-38-cl-grabada-con-tu-logo/08_img-20200128-123820-1663171355.jpg | /media/products/copa-cerveza-harmonia-38-cl-grabada-con-tu-logo/09_aqui-su-publicidad-1-1670758718.png | /media/products/copa-cerveza-harmonia-38-cl-grabada-con-tu-logo/10_servilleta-canguro-personalizada-eco-1679684414.png | /media/products/copa-cerveza-harmonia-38-cl-grabada-con-tu-logo/11_mod-57-1689071732.png | /media/products/copa-cerveza-harmonia-38-cl-grabada-con-tu-logo/12_compra-1-1612367413-x128-f-gb.jpg | /media/products/copa-cerveza-harmonia-38-cl-grabada-con-tu-logo/13_optima-1609073646-x128-f-gb.png | /media/products/copa-cerveza-harmonia-38-cl-grabada-con-tu-logo/14_deja-tu-impresion-de-compra-aqui-queremos-saber-si.png | /media/products/copa-cerveza-harmonia-38-cl-grabada-con-tu-logo/15_camion-phcom-1610453500-x128-f-gb.png | /media/products/copa-cerveza-harmonia-38-cl-grabada-con-tu-logo/16_blank.png | /media/products/copa-cerveza-harmonia-38-cl-grabada-con-tu-logo/24_transparent.png | /media/products/copa-cerveza-harmonia-38-cl-grabada-con-tu-logo/27_diapositiva3-1618334429.jpg | /media/products/copa-cerveza-harmonia-38-cl-grabada-con-tu-logo/30_facebook-4.png | /media/products/copa-cerveza-harmonia-38-cl-grabada-con-tu-logo/31_instagram-4.png | /media/products/copa-cerveza-harmonia-38-cl-grabada-con-tu-logo/32_twitter-5.png;2026-02-18T11:46:49.702012;;;;;;;
/cristaleria-personalizada/;/cristaleria-cerveza-personalizada/;copa-cerveza-harmonia-grabada-con-tu-logo;7317021;;COPA CERVEZA HARMONIA  58 CL GRABADA CON TU LOGO;https://www.personalizadoshosteleria.com/p7317021-copa-cerveza-harmonia-grabada-con-tu-logo.html;/media/products/copa-cerveza-harmonia-grabada-con-tu-logo/01_harmonia-principal-1606665579-jpg.thumb | /media/products/copa-cerveza-harmonia-grabada-con-tu-logo/02_diapositiva3-1580644481-jpg.thumb | /media/products/copa-cerveza-harmonia-grabada-con-tu-logo/03_calidad-cristal-perssonalizados-hosteleria-1610990.thumb | /media/products/copa-cerveza-harmonia-grabada-con-tu-logo/04_logo.jpg | /media/products/copa-cerveza-harmonia-grabada-con-tu-logo/05_presupuestos-1692439054-x128-f-gb.jpg | /media/products/copa-cerveza-harmonia-grabada-con-tu-logo/06_mod-ph-42-1663147591.png | /media/products/copa-cerveza-harmonia-grabada-con-tu-logo/07_mod-ph44-61-cl-1663147591.png | /media/products/copa-cerveza-harmonia-grabada-con-tu-logo/08_canguro-airlaid-con-qr-1663147591.png | /media/products/copa-cerveza-harmonia-grabada-con-tu-logo/09_img-20200128-123820-1663171355.jpg | /media/products/copa-cerveza-harmonia-grabada-con-tu-logo/10_aqui-su-publicidad-1-1670758718.png | /media/products/copa-cerveza-harmonia-grabada-con-tu-logo/11_servilleta-canguro-personalizada-eco-1679684414.png | /media/products/copa-cerveza-harmonia-grabada-con-tu-logo/12_mod-57-1689071732.png | /media/products/copa-cerveza-harmonia-grabada-con-tu-logo/13_compra-1-1612367413-x128-f-gb.jpg | /media/products/copa-cerveza-harmonia-grabada-con-tu-logo/14_optima-1609073646-x128-f-gb.png | /media/products/copa-cerveza-harmonia-grabada-con-tu-logo/15_deja-tu-impresion-de-compra-aqui-queremos-saber-si.png | /media/products/copa-cerveza-harmonia-grabada-con-tu-logo/16_camion-phcom-1610453500-x128-f-gb.png | /media/products/copa-cerveza-harmonia-grabada-con-tu-logo/17_blank.png | /media/products/copa-cerveza-harmonia-grabada-con-tu-logo/25_transparent.png | /media/products/copa-cerveza-harmonia-grabada-con-tu-logo/28_harmonia-principal-1606665579.jpg | /media/products/copa-cerveza-harmonia-grabada-con-tu-logo/32_facebook-4.png | /media/products/copa-cerveza-harmonia-grabada-con-tu-logo/33_instagram-4.png;2026-02-18T11:45:21.509724;;;;;;;
/cristaleria-personalizada/;/cristaleria-cerveza-personalizada/;copa-cerveza-palladio-30cl-grabada-con-su-logo-a-laser-o-a-color;8467753;;COPA CERVEZA PALLADIO 30CL, GRABADA CON SU LOGO A LASER O A COLOR;https://www.personalizadoshosteleria.com/p8467753-copa-cerveza-palladio-30cl-grabada-con-su-logo-a-laser-o-a-color.html;/media/products/copa-cerveza-palladio-30cl-grabada-con-su-logo-a-laser-o-a-color/01_palladio-33-1618331917-jpg.thumb | /media/products/copa-cerveza-palladio-30cl-grabada-con-su-logo-a-laser-o-a-color/02_conjunto-palladio-1618331923-jpg.thumb | /media/products/copa-cerveza-palladio-30cl-grabada-con-su-logo-a-laser-o-a-color/03_logo.jpg | /media/products/copa-cerveza-palladio-30cl-grabada-con-su-logo-a-laser-o-a-color/04_presupuestos-1692439054-x128-f-gb.jpg | /media/products/copa-cerveza-palladio-30cl-grabada-con-su-logo-a-laser-o-a-color/05_mod-ph-42-1663147591.png | /media/products/copa-cerveza-palladio-30cl-grabada-con-su-logo-a-laser-o-a-color/06_mod-ph44-61-cl-1663147591.png | /media/products/copa-cerveza-palladio-30cl-grabada-con-su-logo-a-laser-o-a-color/07_canguro-airlaid-con-qr-1663147591.png | /media/products/copa-cerveza-palladio-30cl-grabada-con-su-logo-a-laser-o-a-color/08_img-20200128-123820-1663171355.jpg | /media/products/copa-cerveza-palladio-30cl-grabada-con-su-logo-a-laser-o-a-color/09_aqui-su-publicidad-1-1670758718.png | /media/products/copa-cerveza-palladio-30cl-grabada-con-su-logo-a-laser-o-a-color/10_servilleta-canguro-personalizada-eco-1679684414.png | /media/products/copa-cerveza-palladio-30cl-grabada-con-su-logo-a-laser-o-a-color/11_mod-57-1689071732.png | /media/products/copa-cerveza-palladio-30cl-grabada-con-su-logo-a-laser-o-a-color/12_compra-1-1612367413-x128-f-gb.jpg | /media/products/copa-cerveza-palladio-30cl-grabada-con-su-logo-a-laser-o-a-color/13_optima-1609073646-x128-f-gb.png | /media/products/copa-cerveza-palladio-30cl-grabada-con-su-logo-a-laser-o-a-color/14_deja-tu-impresion-de-compra-aqui-queremos-saber-si.png | /media/products/copa-cerveza-palladio-30cl-grabada-con-su-logo-a-laser-o-a-color/15_camion-phcom-1610453500-x128-f-gb.png | /media/products/copa-cerveza-palladio-30cl-grabada-con-su-logo-a-laser-o-a-color/16_blank.png | /media/products/copa-cerveza-palladio-30cl-grabada-con-su-logo-a-laser-o-a-color/24_transparent.png | /media/products/copa-cerveza-palladio-30cl-grabada-con-su-logo-a-laser-o-a-color/27_palladio-33-1618331917.jpg | /media/products/copa-cerveza-palladio-30cl-grabada-con-su-logo-a-laser-o-a-color/30_harmonia-principal-1606665579-jpg.thumb | /media/products/copa-cerveza-palladio-30cl-grabada-con-su-logo-a-laser-o-a-color/31_capricon-fond-1606741339-jpg.thumb | /media/products/copa-cerveza-palladio-30cl-grabada-con-su-logo-a-laser-o-a-color/32_palladio1-1606667783-jpg.thumb;2026-02-18T11:46:54.866539;;;;;;;
/cristaleria-personalizada/;/cristaleria-cerveza-personalizada/;copa-cerveza-palladio-grabada-con-su-logo;7437378;;COPA CERVEZA PALLADIO 50 CL, GRABADA CON SU LOGO A LASER O A COLOR;https://www.personalizadoshosteleria.com/p7437378-copa-cerveza-palladio-grabada-con-su-logo.html;/media/products/copa-cerveza-palladio-grabada-con-su-logo/01_palladio1-1606667783-jpg.thumb | /media/products/copa-cerveza-palladio-grabada-con-su-logo/02_palladio-50-1593270128-jpg.thumb | /media/products/copa-cerveza-palladio-grabada-con-su-logo/03_logo.jpg | /media/products/copa-cerveza-palladio-grabada-con-su-logo/04_presupuestos-1692439054-x128-f-gb.jpg | /media/products/copa-cerveza-palladio-grabada-con-su-logo/05_mod-ph-42-1663147591.png | /media/products/copa-cerveza-palladio-grabada-con-su-logo/06_mod-ph44-61-cl-1663147591.png | /media/products/copa-cerveza-palladio-grabada-con-su-logo/07_canguro-airlaid-con-qr-1663147591.png | /media/products/copa-cerveza-palladio-grabada-con-su-logo/08_img-20200128-123820-1663171355.jpg | /media/products/copa-cerveza-palladio-grabada-con-su-logo/09_aqui-su-publicidad-1-1670758718.png | /media/products/copa-cerveza-palladio-grabada-con-su-logo/10_servilleta-canguro-personalizada-eco-1679684414.png | /media/products/copa-cerveza-palladio-grabada-con-su-logo/11_mod-57-1689071732.png | /media/products/copa-cerveza-palladio-grabada-con-su-logo/12_compra-1-1612367413-x128-f-gb.jpg | /media/products/copa-cerveza-palladio-grabada-con-su-logo/13_optima-1609073646-x128-f-gb.png | /media/products/copa-cerveza-palladio-grabada-con-su-logo/14_deja-tu-impresion-de-compra-aqui-queremos-saber-si.png | /media/products/copa-cerveza-palladio-grabada-con-su-logo/15_camion-phcom-1610453500-x128-f-gb.png | /media/products/copa-cerveza-palladio-grabada-con-su-logo/16_blank.png | /media/products/copa-cerveza-palladio-grabada-con-su-logo/24_transparent.png | /media/products/copa-cerveza-palladio-grabada-con-su-logo/27_palladio1-1606667783.jpg | /media/products/copa-cerveza-palladio-grabada-con-su-logo/30_harmonia-principal-1606665579-jpg.thumb | /media/products/copa-cerveza-palladio-grabada-con-su-logo/31_1-1606664708-jpg.thumb | /media/products/copa-cerveza-palladio-grabada-con-su-logo/32_krista-exalt-1593448377-png.thumb;2026-02-18T11:45:31.398964;;;;;;;
/cristaleria-personalizada/;/cristaleria-cerveza-personalizada/;copa-cerveza-palladio20-cl-grabada-con-su-logo-a-laser-o-a-color;8467762;;COPA CERVEZA PALLADIO20 CL, GRABADA CON SU LOGO A LASER O A COLOR;https://www.personalizadoshosteleria.com/p8467762-copa-cerveza-palladio20-cl-grabada-con-su-logo-a-laser-o-a-color.html;/media/products/copa-cerveza-palladio20-cl-grabada-con-su-logo-a-laser-o-a-color/01_palladio-20-1618332205-jpg.thumb | /media/products/copa-cerveza-palladio20-cl-grabada-con-su-logo-a-laser-o-a-color/02_conjunto-palladio-1618332213-jpg.thumb | /media/products/copa-cerveza-palladio20-cl-grabada-con-su-logo-a-laser-o-a-color/03_logo.jpg | /media/products/copa-cerveza-palladio20-cl-grabada-con-su-logo-a-laser-o-a-color/04_presupuestos-1692439054-x128-f-gb.jpg | /media/products/copa-cerveza-palladio20-cl-grabada-con-su-logo-a-laser-o-a-color/05_mod-ph-42-1663147591.png | /media/products/copa-cerveza-palladio20-cl-grabada-con-su-logo-a-laser-o-a-color/06_mod-ph44-61-cl-1663147591.png | /media/products/copa-cerveza-palladio20-cl-grabada-con-su-logo-a-laser-o-a-color/07_canguro-airlaid-con-qr-1663147591.png | /media/products/copa-cerveza-palladio20-cl-grabada-con-su-logo-a-laser-o-a-color/08_img-20200128-123820-1663171355.jpg | /media/products/copa-cerveza-palladio20-cl-grabada-con-su-logo-a-laser-o-a-color/09_aqui-su-publicidad-1-1670758718.png | /media/products/copa-cerveza-palladio20-cl-grabada-con-su-logo-a-laser-o-a-color/10_servilleta-canguro-personalizada-eco-1679684414.png | /media/products/copa-cerveza-palladio20-cl-grabada-con-su-logo-a-laser-o-a-color/11_mod-57-1689071732.png | /media/products/copa-cerveza-palladio20-cl-grabada-con-su-logo-a-laser-o-a-color/12_compra-1-1612367413-x128-f-gb.jpg | /media/products/copa-cerveza-palladio20-cl-grabada-con-su-logo-a-laser-o-a-color/13_optima-1609073646-x128-f-gb.png | /media/products/copa-cerveza-palladio20-cl-grabada-con-su-logo-a-laser-o-a-color/14_deja-tu-impresion-de-compra-aqui-queremos-saber-si.png | /media/products/copa-cerveza-palladio20-cl-grabada-con-su-logo-a-laser-o-a-color/15_camion-phcom-1610453500-x128-f-gb.png | /media/products/copa-cerveza-palladio20-cl-grabada-con-su-logo-a-laser-o-a-color/16_blank.png | /media/products/copa-cerveza-palladio20-cl-grabada-con-su-logo-a-laser-o-a-color/24_transparent.png | /media/products/copa-cerveza-palladio20-cl-grabada-con-su-logo-a-laser-o-a-color/27_palladio-20-1618332205.jpg | /media/products/copa-cerveza-palladio20-cl-grabada-con-su-logo-a-laser-o-a-color/30_harmonia-principal-1606665579-jpg.thumb | /media/products/copa-cerveza-palladio20-cl-grabada-con-su-logo-a-laser-o-a-color/31_capricon-fond-1606741339-jpg.thumb | /media/products/copa-cerveza-palladio20-cl-grabada-con-su-logo-a-laser-o-a-color/32_palladio1-1606667783-jpg.thumb;2026-02-18T11:46:52.328175;;;;;;;
/cristaleria-personalizada/;/cristaleria-cerveza-personalizada/;copa-cerveza-personalizada-cheers;8168686;;COPA CERVEZA PERSONALIZADA. CHEERS;https://www.personalizadoshosteleria.com/p8168686-copa-cerveza-personalizada-cheers.html;/media/products/copa-cerveza-personalizada-cheers/01_copa-de-cerveza-personalizada-cheers-1610802388-jp.thumb | /media/products/copa-cerveza-personalizada-cheers/02_copa-de-cerveza-personalizada-cheers-medidas-16108.thumb | /media/products/copa-cerveza-personalizada-cheers/03_calidad-cristal-perssonalizados-hosteleria-1610800.thumb | /media/products/copa-cerveza-personalizada-cheers/04_logo.jpg | /media/products/copa-cerveza-personalizada-cheers/05_presupuestos-1692439054-x128-f-gb.jpg | /media/products/copa-cerveza-personalizada-cheers/06_mod-ph-42-1663147591.png | /media/products/copa-cerveza-personalizada-cheers/07_mod-ph44-61-cl-1663147591.png | /media/products/copa-cerveza-personalizada-cheers/08_canguro-airlaid-con-qr-1663147591.png | /media/products/copa-cerveza-personalizada-cheers/09_img-20200128-123820-1663171355.jpg | /media/products/copa-cerveza-personalizada-cheers/10_aqui-su-publicidad-1-1670758718.png | /media/products/copa-cerveza-personalizada-cheers/11_servilleta-canguro-personalizada-eco-1679684414.png | /media/products/copa-cerveza-personalizada-cheers/12_mod-57-1689071732.png | /media/products/copa-cerveza-personalizada-cheers/13_compra-1-1612367413-x128-f-gb.jpg | /media/products/copa-cerveza-personalizada-cheers/14_optima-1609073646-x128-f-gb.png | /media/products/copa-cerveza-personalizada-cheers/15_deja-tu-impresion-de-compra-aqui-queremos-saber-si.png | /media/products/copa-cerveza-personalizada-cheers/16_camion-phcom-1610453500-x128-f-gb.png | /media/products/copa-cerveza-personalizada-cheers/17_blank.png | /media/products/copa-cerveza-personalizada-cheers/25_transparent.png | /media/products/copa-cerveza-personalizada-cheers/28_copa-de-cerveza-personalizada-cheers-1610802388.jpg | /media/products/copa-cerveza-personalizada-cheers/32_capricon-fond-1606741339-jpg.thumb | /media/products/copa-cerveza-personalizada-cheers/33_vaso-de-cerveza-personalizado-nonix-29-1612703110-.thumb;2026-02-18T11:45:54.649010;;;;;;;
/cristaleria-personalizada/;/cristaleria-cerveza-personalizada/;copa-de-cerveza-capri-34-cl-grabada-con-su-logo;7421151;;COPA DE CERVEZA CAPRI 34 CL. GRABADA CON SU LOGO;https://www.personalizadoshosteleria.com/p7421151-copa-de-cerveza-capri-34-cl-grabada-con-su-logo.html;/media/products/copa-de-cerveza-capri-34-cl-grabada-con-su-logo/01_capricon-fond-1606741339-jpg.thumb | /media/products/copa-de-cerveza-capri-34-cl-grabada-con-su-logo/02_capri-1583344667-png.thumb | /media/products/copa-de-cerveza-capri-34-cl-grabada-con-su-logo/03_capri34-1605774113-jpg.thumb | /media/products/copa-de-cerveza-capri-34-cl-grabada-con-su-logo/04_logo.jpg | /media/products/copa-de-cerveza-capri-34-cl-grabada-con-su-logo/05_presupuestos-1692439054-x128-f-gb.jpg | /media/products/copa-de-cerveza-capri-34-cl-grabada-con-su-logo/06_mod-ph-42-1663147591.png | /media/products/copa-de-cerveza-capri-34-cl-grabada-con-su-logo/07_mod-ph44-61-cl-1663147591.png | /media/products/copa-de-cerveza-capri-34-cl-grabada-con-su-logo/08_canguro-airlaid-con-qr-1663147591.png | /media/products/copa-de-cerveza-capri-34-cl-grabada-con-su-logo/09_img-20200128-123820-1663171355.jpg | /media/products/copa-de-cerveza-capri-34-cl-grabada-con-su-logo/10_aqui-su-publicidad-1-1670758718.png | /media/products/copa-de-cerveza-capri-34-cl-grabada-con-su-logo/11_servilleta-canguro-personalizada-eco-1679684414.png | /media/products/copa-de-cerveza-capri-34-cl-grabada-con-su-logo/12_mod-57-1689071732.png | /media/products/copa-de-cerveza-capri-34-cl-grabada-con-su-logo/13_compra-1-1612367413-x128-f-gb.jpg | /media/products/copa-de-cerveza-capri-34-cl-grabada-con-su-logo/14_optima-1609073646-x128-f-gb.png | /media/products/copa-de-cerveza-capri-34-cl-grabada-con-su-logo/15_deja-tu-impresion-de-compra-aqui-queremos-saber-si.png | /media/products/copa-de-cerveza-capri-34-cl-grabada-con-su-logo/16_camion-phcom-1610453500-x128-f-gb.png | /media/products/copa-de-cerveza-capri-34-cl-grabada-con-su-logo/17_blank.png | /media/products/copa-de-cerveza-capri-34-cl-grabada-con-su-logo/25_transparent.png | /media/products/copa-de-cerveza-capri-34-cl-grabada-con-su-logo/28_capricon-fond-1606741339.jpg | /media/products/copa-de-cerveza-capri-34-cl-grabada-con-su-logo/32_facebook-4.png | /media/products/copa-de-cerveza-capri-34-cl-grabada-con-su-logo/33_instagram-4.png;2026-02-18T11:45:28.866091;;;;;;;
/cristaleria-personalizada/;/cristaleria-cerveza-personalizada/;copa-de-cerveza-krista-joven-41cl-grabados-con-su-logo;8467641;;COPA DE CERVEZA KRISTA JOVEN 41CL GRABADOS CON SU LOGO;https://www.personalizadoshosteleria.com/p8467641-copa-de-cerveza-krista-joven-41cl-grabados-con-su-logo.html;/media/products/copa-de-cerveza-krista-joven-41cl-grabados-con-su-logo/01_krista-joven-1618327454-jpg.thumb | /media/products/copa-de-cerveza-krista-joven-41cl-grabados-con-su-logo/02_collection-1618328136-jpg.thumb | /media/products/copa-de-cerveza-krista-joven-41cl-grabados-con-su-logo/03_logo.jpg | /media/products/copa-de-cerveza-krista-joven-41cl-grabados-con-su-logo/04_presupuestos-1692439054-x128-f-gb.jpg | /media/products/copa-de-cerveza-krista-joven-41cl-grabados-con-su-logo/05_mod-ph-42-1663147591.png | /media/products/copa-de-cerveza-krista-joven-41cl-grabados-con-su-logo/06_mod-ph44-61-cl-1663147591.png | /media/products/copa-de-cerveza-krista-joven-41cl-grabados-con-su-logo/07_canguro-airlaid-con-qr-1663147591.png | /media/products/copa-de-cerveza-krista-joven-41cl-grabados-con-su-logo/08_img-20200128-123820-1663171355.jpg | /media/products/copa-de-cerveza-krista-joven-41cl-grabados-con-su-logo/09_aqui-su-publicidad-1-1670758718.png | /media/products/copa-de-cerveza-krista-joven-41cl-grabados-con-su-logo/10_servilleta-canguro-personalizada-eco-1679684414.png | /media/products/copa-de-cerveza-krista-joven-41cl-grabados-con-su-logo/11_mod-57-1689071732.png | /media/products/copa-de-cerveza-krista-joven-41cl-grabados-con-su-logo/12_compra-1-1612367413-x128-f-gb.jpg | /media/products/copa-de-cerveza-krista-joven-41cl-grabados-con-su-logo/13_optima-1609073646-x128-f-gb.png | /media/products/copa-de-cerveza-krista-joven-41cl-grabados-con-su-logo/14_deja-tu-impresion-de-compra-aqui-queremos-saber-si.png | /media/products/copa-de-cerveza-krista-joven-41cl-grabados-con-su-logo/15_camion-phcom-1610453500-x128-f-gb.png | /media/products/copa-de-cerveza-krista-joven-41cl-grabados-con-su-logo/16_blank.png | /media/products/copa-de-cerveza-krista-joven-41cl-grabados-con-su-logo/24_transparent.png | /media/products/copa-de-cerveza-krista-joven-41cl-grabados-con-su-logo/27_krista-joven-1618327454.jpg | /media/products/copa-de-cerveza-krista-joven-41cl-grabados-con-su-logo/30_default.jpg | /media/products/copa-de-cerveza-krista-joven-41cl-grabados-con-su-logo/31_1-1607938683-png.thumb | /media/products/copa-de-cerveza-krista-joven-41cl-grabados-con-su-logo/32_1-1606664708-jpg.thumb;2026-02-18T11:47:05.109684;;;;;;;
/cristaleria-personalizada/;/cristaleria-cerveza-personalizada/;copa-de-cerveza-personalizada-mod-ph47;10446445;;COPA DE CERVEZA PERSONALIZADA MOD. PH47;https://www.personalizadoshosteleria.com/p10446445-copa-de-cerveza-personalizada-mod-ph47.html;/media/products/copa-de-cerveza-personalizada-mod-ph47/01_copa-de-vino-ph46-1670572798-jpg.thumb | /media/products/copa-de-cerveza-personalizada-mod-ph47/02_ph46-42-1670572802-jpg.thumb | /media/products/copa-de-cerveza-personalizada-mod-ph47/03_4-1670572805-jpg.thumb | /media/products/copa-de-cerveza-personalizada-mod-ph47/04_ph46-56-1670572813-jpg.thumb | /media/products/copa-de-cerveza-personalizada-mod-ph47/05_logo.jpg | /media/products/copa-de-cerveza-personalizada-mod-ph47/06_presupuestos-1692439054-x128-f-gb.jpg | /media/products/copa-de-cerveza-personalizada-mod-ph47/07_mod-ph-42-1663147591.png | /media/products/copa-de-cerveza-personalizada-mod-ph47/08_mod-ph44-61-cl-1663147591.png | /media/products/copa-de-cerveza-personalizada-mod-ph47/09_canguro-airlaid-con-qr-1663147591.png | /media/products/copa-de-cerveza-personalizada-mod-ph47/10_img-20200128-123820-1663171355.jpg | /media/products/copa-de-cerveza-personalizada-mod-ph47/11_aqui-su-publicidad-1-1670758718.png | /media/products/copa-de-cerveza-personalizada-mod-ph47/12_servilleta-canguro-personalizada-eco-1679684414.png | /media/products/copa-de-cerveza-personalizada-mod-ph47/13_mod-57-1689071732.png | /media/products/copa-de-cerveza-personalizada-mod-ph47/14_compra-1-1612367413-x128-f-gb.jpg | /media/products/copa-de-cerveza-personalizada-mod-ph47/15_optima-1609073646-x128-f-gb.png | /media/products/copa-de-cerveza-personalizada-mod-ph47/16_deja-tu-impresion-de-compra-aqui-queremos-saber-si.png | /media/products/copa-de-cerveza-personalizada-mod-ph47/17_camion-phcom-1610453500-x128-f-gb.png | /media/products/copa-de-cerveza-personalizada-mod-ph47/18_blank.png | /media/products/copa-de-cerveza-personalizada-mod-ph47/26_transparent.png | /media/products/copa-de-cerveza-personalizada-mod-ph47/29_copa-de-vino-ph46-1670572798.jpg | /media/products/copa-de-cerveza-personalizada-mod-ph47/34_facebook-4.png;2026-02-18T11:46:33.660661;;;;;;;
/cristaleria-personalizada/;/cristaleria-cerveza-personalizada/;jarra-cerveza-classic-grabada-con-su-logo;7303479;;JARRA DE CERVEZA PERSONALIZADA. CLASSIC 25 CL;https://www.personalizadoshosteleria.com/p7303479-jarra-cerveza-classic-grabada-con-su-logo.html;/media/products/jarra-cerveza-classic-grabada-con-su-logo/01_1-1607938683-png.thumb | /media/products/jarra-cerveza-classic-grabada-con-su-logo/02_3-1607938536-png.thumb | /media/products/jarra-cerveza-classic-grabada-con-su-logo/03_clasisca-1607938590-jpg.thumb | /media/products/jarra-cerveza-classic-grabada-con-su-logo/04_calidad-cristal-perssonalizados-hosteleria-1611061.thumb | /media/products/jarra-cerveza-classic-grabada-con-su-logo/05_logo.jpg | /media/products/jarra-cerveza-classic-grabada-con-su-logo/06_presupuestos-1692439054-x128-f-gb.jpg | /media/products/jarra-cerveza-classic-grabada-con-su-logo/07_mod-ph-42-1663147591.png | /media/products/jarra-cerveza-classic-grabada-con-su-logo/08_mod-ph44-61-cl-1663147591.png | /media/products/jarra-cerveza-classic-grabada-con-su-logo/09_canguro-airlaid-con-qr-1663147591.png | /media/products/jarra-cerveza-classic-grabada-con-su-logo/10_img-20200128-123820-1663171355.jpg | /media/products/jarra-cerveza-classic-grabada-con-su-logo/11_aqui-su-publicidad-1-1670758718.png | /media/products/jarra-cerveza-classic-grabada-con-su-logo/12_servilleta-canguro-personalizada-eco-1679684414.png | /media/products/jarra-cerveza-classic-grabada-con-su-logo/13_mod-57-1689071732.png | /media/products/jarra-cerveza-classic-grabada-con-su-logo/14_compra-1-1612367413-x128-f-gb.jpg | /media/products/jarra-cerveza-classic-grabada-con-su-logo/15_optima-1609073646-x128-f-gb.png | /media/products/jarra-cerveza-classic-grabada-con-su-logo/16_deja-tu-impresion-de-compra-aqui-queremos-saber-si.png | /media/products/jarra-cerveza-classic-grabada-con-su-logo/17_camion-phcom-1610453500-x128-f-gb.png | /media/products/jarra-cerveza-classic-grabada-con-su-logo/18_blank.png | /media/products/jarra-cerveza-classic-grabada-con-su-logo/26_transparent.png | /media/products/jarra-cerveza-classic-grabada-con-su-logo/29_1-1607938683.png | /media/products/jarra-cerveza-classic-grabada-con-su-logo/34_facebook-4.png;2026-02-18T11:45:18.971604;;;;;;;
/cristaleria-personalizada/;/cristaleria-cerveza-personalizada/;jarra-de-agua-km-0-personalizada;10514824;;JARRA DE AGUA KM.0 PERSONALIZADA;https://www.personalizadoshosteleria.com/p10514824-jarra-de-agua-km-0-personalizada.html;/media/products/jarra-de-agua-km-0-personalizada/01_11-1673788180-jpg.thumb | /media/products/jarra-de-agua-km-0-personalizada/02_calidad-de-grabado-1673788191-jpg.thumb | /media/products/jarra-de-agua-km-0-personalizada/03_phbj1000-1673788754-jpg.thumb | /media/products/jarra-de-agua-km-0-personalizada/04_logo.jpg | /media/products/jarra-de-agua-km-0-personalizada/05_presupuestos-1692439054-x128-f-gb.jpg | /media/products/jarra-de-agua-km-0-personalizada/06_mod-ph-42-1663147591.png | /media/products/jarra-de-agua-km-0-personalizada/07_mod-ph44-61-cl-1663147591.png | /media/products/jarra-de-agua-km-0-personalizada/08_canguro-airlaid-con-qr-1663147591.png | /media/products/jarra-de-agua-km-0-personalizada/09_img-20200128-123820-1663171355.jpg | /media/products/jarra-de-agua-km-0-personalizada/10_aqui-su-publicidad-1-1670758718.png | /media/products/jarra-de-agua-km-0-personalizada/11_servilleta-canguro-personalizada-eco-1679684414.png | /media/products/jarra-de-agua-km-0-personalizada/12_mod-57-1689071732.png | /media/products/jarra-de-agua-km-0-personalizada/13_compra-1-1612367413-x128-f-gb.jpg | /media/products/jarra-de-agua-km-0-personalizada/14_optima-1609073646-x128-f-gb.png | /media/products/jarra-de-agua-km-0-personalizada/15_deja-tu-impresion-de-compra-aqui-queremos-saber-si.png | /media/products/jarra-de-agua-km-0-personalizada/16_camion-phcom-1610453500-x128-f-gb.png | /media/products/jarra-de-agua-km-0-personalizada/17_blank.png | /media/products/jarra-de-agua-km-0-personalizada/25_transparent.png | /media/products/jarra-de-agua-km-0-personalizada/28_11-1673788180.jpg | /media/products/jarra-de-agua-km-0-personalizada/32_reveal-up1-1606639607-jpg.thumb | /media/products/jarra-de-agua-km-0-personalizada/33_mineral-45-cl-1606641559-jpg.thumb;2026-02-18T11:49:59.288383;;;;;;;
/cristaleria-personalizada/;/cristaleria-cerveza-personalizada/;jarra-de-cerveza-39-cl-clasica;8233722;;JARRA DE CERVEZA 39 cl. CLÁSICA;https://www.personalizadoshosteleria.com/p8233722-jarra-de-cerveza-39-cl-clasica.html;/media/products/jarra-de-cerveza-39-cl-clasica/01_13-1610034334-png.thumb | /media/products/jarra-de-cerveza-39-cl-clasica/02_12-1610034340-jpg.thumb | /media/products/jarra-de-cerveza-39-cl-clasica/03_jarra-de-cerveza-39-cl-clasica-1610034324-png.thumb | /media/products/jarra-de-cerveza-39-cl-clasica/04_calidad-para-cristal-1610034282-png.thumb | /media/products/jarra-de-cerveza-39-cl-clasica/05_logo.jpg | /media/products/jarra-de-cerveza-39-cl-clasica/06_presupuestos-1692439054-x128-f-gb.jpg | /media/products/jarra-de-cerveza-39-cl-clasica/07_mod-ph-42-1663147591.png | /media/products/jarra-de-cerveza-39-cl-clasica/08_mod-ph44-61-cl-1663147591.png | /media/products/jarra-de-cerveza-39-cl-clasica/09_canguro-airlaid-con-qr-1663147591.png | /media/products/jarra-de-cerveza-39-cl-clasica/10_img-20200128-123820-1663171355.jpg | /media/products/jarra-de-cerveza-39-cl-clasica/11_aqui-su-publicidad-1-1670758718.png | /media/products/jarra-de-cerveza-39-cl-clasica/12_servilleta-canguro-personalizada-eco-1679684414.png | /media/products/jarra-de-cerveza-39-cl-clasica/13_mod-57-1689071732.png | /media/products/jarra-de-cerveza-39-cl-clasica/14_compra-1-1612367413-x128-f-gb.jpg | /media/products/jarra-de-cerveza-39-cl-clasica/15_optima-1609073646-x128-f-gb.png | /media/products/jarra-de-cerveza-39-cl-clasica/16_deja-tu-impresion-de-compra-aqui-queremos-saber-si.png | /media/products/jarra-de-cerveza-39-cl-clasica/17_camion-phcom-1610453500-x128-f-gb.png | /media/products/jarra-de-cerveza-39-cl-clasica/18_blank.png | /media/products/jarra-de-cerveza-39-cl-clasica/26_transparent.png | /media/products/jarra-de-cerveza-39-cl-clasica/29_13-1610034334.png | /media/products/jarra-de-cerveza-39-cl-clasica/34_canguro-personalizada-airlaid-1670574108-jpg.thumb;2026-02-18T11:46:23.705906;;;;;;;
/cristaleria-personalizada/;/cristaleria-cerveza-personalizada/;jarra-de-cerveza-48-cl-clasica;8233632;;JARRA DE CERVEZA 48 cl. CLÁSICA;https://www.personalizadoshosteleria.com/p8233632-jarra-de-cerveza-48-cl-clasica.html;/media/products/jarra-de-cerveza-48-cl-clasica/01_jarra-de-cerveza-personalizada-1-1610029692-jpg.thumb | /media/products/jarra-de-cerveza-48-cl-clasica/02_jarra-de-cerveza-personalizada-5-1610029704-png.thumb | /media/products/jarra-de-cerveza-48-cl-clasica/03_jarra-de-cerveza-personalizada-clasica-9-161002972.thumb | /media/products/jarra-de-cerveza-48-cl-clasica/04_calidad-para-cristal-1610029764-png.thumb | /media/products/jarra-de-cerveza-48-cl-clasica/05_logo.jpg | /media/products/jarra-de-cerveza-48-cl-clasica/06_presupuestos-1692439054-x128-f-gb.jpg | /media/products/jarra-de-cerveza-48-cl-clasica/07_mod-ph-42-1663147591.png | /media/products/jarra-de-cerveza-48-cl-clasica/08_mod-ph44-61-cl-1663147591.png | /media/products/jarra-de-cerveza-48-cl-clasica/09_canguro-airlaid-con-qr-1663147591.png | /media/products/jarra-de-cerveza-48-cl-clasica/10_img-20200128-123820-1663171355.jpg | /media/products/jarra-de-cerveza-48-cl-clasica/11_aqui-su-publicidad-1-1670758718.png | /media/products/jarra-de-cerveza-48-cl-clasica/12_servilleta-canguro-personalizada-eco-1679684414.png | /media/products/jarra-de-cerveza-48-cl-clasica/13_mod-57-1689071732.png | /media/products/jarra-de-cerveza-48-cl-clasica/14_compra-1-1612367413-x128-f-gb.jpg | /media/products/jarra-de-cerveza-48-cl-clasica/15_optima-1609073646-x128-f-gb.png | /media/products/jarra-de-cerveza-48-cl-clasica/16_deja-tu-impresion-de-compra-aqui-queremos-saber-si.png | /media/products/jarra-de-cerveza-48-cl-clasica/17_camion-phcom-1610453500-x128-f-gb.png | /media/products/jarra-de-cerveza-48-cl-clasica/18_blank.png | /media/products/jarra-de-cerveza-48-cl-clasica/26_transparent.png | /media/products/jarra-de-cerveza-48-cl-clasica/29_jarra-de-cerveza-personalizada-1-1610029692.jpg | /media/products/jarra-de-cerveza-48-cl-clasica/34_2-1607712271-jpg.thumb;2026-02-18T11:46:26.291543;;;;;;;
/cristaleria-personalizada/;/cristaleria-cerveza-personalizada/;jarra-de-cerveza-maxim-grabada-con-su-logo;7444826;;JARRA DE CERVEZA PERSONALIZADA. AMBERES 38;https://www.personalizadoshosteleria.com/p7444826-jarra-de-cerveza-maxim-grabada-con-su-logo.html;/media/products/jarra-de-cerveza-maxim-grabada-con-su-logo/01_jarra-de-cerveza-personalizada-amberes-1610737582-.thumb | /media/products/jarra-de-cerveza-maxim-grabada-con-su-logo/02_jarra-de-cerveza-personalizada-38-cl-1610737556-jp.thumb | /media/products/jarra-de-cerveza-maxim-grabada-con-su-logo/03_8-1610022367-jpg.thumb | /media/products/jarra-de-cerveza-maxim-grabada-con-su-logo/04_calidad-grabado-laser-1610737572-png.thumb | /media/products/jarra-de-cerveza-maxim-grabada-con-su-logo/05_logo.jpg | /media/products/jarra-de-cerveza-maxim-grabada-con-su-logo/06_presupuestos-1692439054-x128-f-gb.jpg | /media/products/jarra-de-cerveza-maxim-grabada-con-su-logo/07_mod-ph-42-1663147591.png | /media/products/jarra-de-cerveza-maxim-grabada-con-su-logo/08_mod-ph44-61-cl-1663147591.png | /media/products/jarra-de-cerveza-maxim-grabada-con-su-logo/09_canguro-airlaid-con-qr-1663147591.png | /media/products/jarra-de-cerveza-maxim-grabada-con-su-logo/10_img-20200128-123820-1663171355.jpg | /media/products/jarra-de-cerveza-maxim-grabada-con-su-logo/11_aqui-su-publicidad-1-1670758718.png | /media/products/jarra-de-cerveza-maxim-grabada-con-su-logo/12_servilleta-canguro-personalizada-eco-1679684414.png | /media/products/jarra-de-cerveza-maxim-grabada-con-su-logo/13_mod-57-1689071732.png | /media/products/jarra-de-cerveza-maxim-grabada-con-su-logo/14_compra-1-1612367413-x128-f-gb.jpg | /media/products/jarra-de-cerveza-maxim-grabada-con-su-logo/15_optima-1609073646-x128-f-gb.png | /media/products/jarra-de-cerveza-maxim-grabada-con-su-logo/16_deja-tu-impresion-de-compra-aqui-queremos-saber-si.png | /media/products/jarra-de-cerveza-maxim-grabada-con-su-logo/17_camion-phcom-1610453500-x128-f-gb.png | /media/products/jarra-de-cerveza-maxim-grabada-con-su-logo/18_blank.png | /media/products/jarra-de-cerveza-maxim-grabada-con-su-logo/26_transparent.png | /media/products/jarra-de-cerveza-maxim-grabada-con-su-logo/29_jarra-de-cerveza-personalizada-amberes-1610737582.jpg | /media/products/jarra-de-cerveza-maxim-grabada-con-su-logo/34_imagen-principal-1606640258-jpg.thumb;2026-02-18T11:45:41.684820;;;;;;;
/cristaleria-personalizada/;/cristaleria-cerveza-personalizada/;jarra-de-cerveza-oktober-1-1-lt;8231532;;JARRA DE CERVEZA OKTOBER 1.1 lt;https://www.personalizadoshosteleria.com/p8231532-jarra-de-cerveza-oktober-1-1-lt.html;/media/products/jarra-de-cerveza-oktober-1-1-lt/01_1-1609878407-jpg.thumb | /media/products/jarra-de-cerveza-oktober-1-1-lt/02_3-1609878431-jpg.thumb | /media/products/jarra-de-cerveza-oktober-1-1-lt/03_2-1609950990-jpg.thumb | /media/products/jarra-de-cerveza-oktober-1-1-lt/04_logo.jpg | /media/products/jarra-de-cerveza-oktober-1-1-lt/05_presupuestos-1692439054-x128-f-gb.jpg | /media/products/jarra-de-cerveza-oktober-1-1-lt/06_mod-ph-42-1663147591.png | /media/products/jarra-de-cerveza-oktober-1-1-lt/07_mod-ph44-61-cl-1663147591.png | /media/products/jarra-de-cerveza-oktober-1-1-lt/08_canguro-airlaid-con-qr-1663147591.png | /media/products/jarra-de-cerveza-oktober-1-1-lt/09_img-20200128-123820-1663171355.jpg | /media/products/jarra-de-cerveza-oktober-1-1-lt/10_aqui-su-publicidad-1-1670758718.png | /media/products/jarra-de-cerveza-oktober-1-1-lt/11_servilleta-canguro-personalizada-eco-1679684414.png | /media/products/jarra-de-cerveza-oktober-1-1-lt/12_mod-57-1689071732.png | /media/products/jarra-de-cerveza-oktober-1-1-lt/13_compra-1-1612367413-x128-f-gb.jpg | /media/products/jarra-de-cerveza-oktober-1-1-lt/14_optima-1609073646-x128-f-gb.png | /media/products/jarra-de-cerveza-oktober-1-1-lt/15_deja-tu-impresion-de-compra-aqui-queremos-saber-si.png | /media/products/jarra-de-cerveza-oktober-1-1-lt/16_camion-phcom-1610453500-x128-f-gb.png | /media/products/jarra-de-cerveza-oktober-1-1-lt/17_blank.png | /media/products/jarra-de-cerveza-oktober-1-1-lt/25_transparent.png | /media/products/jarra-de-cerveza-oktober-1-1-lt/28_1-1609878407.jpg | /media/products/jarra-de-cerveza-oktober-1-1-lt/32_principal-mencia-1606654630-jpg.thumb | /media/products/jarra-de-cerveza-oktober-1-1-lt/33_canguro-personalizada-airlaid-1670574108-jpg.thumb;2026-02-18T09:36:26.068254;;;;;;;
/cristaleria-personalizada/;/cristaleria-cerveza-personalizada/;jarra-de-cerveza-personalizada-amberes-26;8233440;;JARRA DE CERVEZA PERSONALIZADA. AMBERES 26;https://www.personalizadoshosteleria.com/p8233440-jarra-de-cerveza-personalizada-amberes-26.html;/media/products/jarra-de-cerveza-personalizada-amberes-26/01_1-1610009759-jpg.thumb | /media/products/jarra-de-cerveza-personalizada-amberes-26/02_jarra-de-cerveza-personalizada-amberes-26-16107383.thumb | /media/products/jarra-de-cerveza-personalizada-amberes-26/03_24-1610022507-jpg.thumb | /media/products/jarra-de-cerveza-personalizada-amberes-26/04_calidad-para-cristal-1610009798-png.thumb | /media/products/jarra-de-cerveza-personalizada-amberes-26/05_logo.jpg | /media/products/jarra-de-cerveza-personalizada-amberes-26/06_presupuestos-1692439054-x128-f-gb.jpg | /media/products/jarra-de-cerveza-personalizada-amberes-26/07_mod-ph-42-1663147591.png | /media/products/jarra-de-cerveza-personalizada-amberes-26/08_mod-ph44-61-cl-1663147591.png | /media/products/jarra-de-cerveza-personalizada-amberes-26/09_canguro-airlaid-con-qr-1663147591.png | /media/products/jarra-de-cerveza-personalizada-amberes-26/10_img-20200128-123820-1663171355.jpg | /media/products/jarra-de-cerveza-personalizada-amberes-26/11_aqui-su-publicidad-1-1670758718.png | /media/products/jarra-de-cerveza-personalizada-amberes-26/12_servilleta-canguro-personalizada-eco-1679684414.png | /media/products/jarra-de-cerveza-personalizada-amberes-26/13_mod-57-1689071732.png | /media/products/jarra-de-cerveza-personalizada-amberes-26/14_compra-1-1612367413-x128-f-gb.jpg | /media/products/jarra-de-cerveza-personalizada-amberes-26/15_optima-1609073646-x128-f-gb.png | /media/products/jarra-de-cerveza-personalizada-amberes-26/16_deja-tu-impresion-de-compra-aqui-queremos-saber-si.png | /media/products/jarra-de-cerveza-personalizada-amberes-26/17_camion-phcom-1610453500-x128-f-gb.png | /media/products/jarra-de-cerveza-personalizada-amberes-26/18_blank.png | /media/products/jarra-de-cerveza-personalizada-amberes-26/26_transparent.png | /media/products/jarra-de-cerveza-personalizada-amberes-26/29_1-1610009759.jpg | /media/products/jarra-de-cerveza-personalizada-amberes-26/34_principal-mencia-1606654630-jpg.thumb;2026-02-18T11:46:28.898953;;;;;;;
/cristaleria-personalizada/;/cristaleria-cerveza-personalizada/;jarra-de-cerveza-personalizada-baviera-26;8233943;;Jarra de Cerveza Personalizada Baviera 26;https://www.personalizadoshosteleria.com/p8233943-jarra-de-cerveza-personalizada-baviera-26.html;/media/products/jarra-de-cerveza-personalizada-baviera-26/01_jarra-de-cerveza-personalizada-baviera-26-cl-16100.thumb | /media/products/jarra-de-cerveza-personalizada-baviera-26/02_jarra-de-cerveza-baviera-26-cl-1610044890-png.thumb | /media/products/jarra-de-cerveza-personalizada-baviera-26/03_calidad-para-cristal-1610044893-png.thumb | /media/products/jarra-de-cerveza-personalizada-baviera-26/04_baviera-20-1610045015-jpg.thumb | /media/products/jarra-de-cerveza-personalizada-baviera-26/05_logo.jpg | /media/products/jarra-de-cerveza-personalizada-baviera-26/06_presupuestos-1692439054-x128-f-gb.jpg | /media/products/jarra-de-cerveza-personalizada-baviera-26/07_mod-ph-42-1663147591.png | /media/products/jarra-de-cerveza-personalizada-baviera-26/08_mod-ph44-61-cl-1663147591.png | /media/products/jarra-de-cerveza-personalizada-baviera-26/09_canguro-airlaid-con-qr-1663147591.png | /media/products/jarra-de-cerveza-personalizada-baviera-26/10_img-20200128-123820-1663171355.jpg | /media/products/jarra-de-cerveza-personalizada-baviera-26/11_aqui-su-publicidad-1-1670758718.png | /media/products/jarra-de-cerveza-personalizada-baviera-26/12_servilleta-canguro-personalizada-eco-1679684414.png | /media/products/jarra-de-cerveza-personalizada-baviera-26/13_mod-57-1689071732.png | /media/products/jarra-de-cerveza-personalizada-baviera-26/14_compra-1-1612367413-x128-f-gb.jpg | /media/products/jarra-de-cerveza-personalizada-baviera-26/15_optima-1609073646-x128-f-gb.png | /media/products/jarra-de-cerveza-personalizada-baviera-26/16_deja-tu-impresion-de-compra-aqui-queremos-saber-si.png | /media/products/jarra-de-cerveza-personalizada-baviera-26/17_camion-phcom-1610453500-x128-f-gb.png | /media/products/jarra-de-cerveza-personalizada-baviera-26/18_blank.png | /media/products/jarra-de-cerveza-personalizada-baviera-26/26_transparent.png | /media/products/jarra-de-cerveza-personalizada-baviera-26/29_jarra-de-cerveza-personalizada-baviera-26-cl-16100.jpg | /media/products/jarra-de-cerveza-personalizada-baviera-26/34_2-1607712271-jpg.thumb;2026-02-18T11:46:18.444730;;;;;;;
/cristaleria-personalizada/;/cristaleria-cerveza-personalizada/;jarra-de-cerveza-personalizada-baviera-38;8233945;;Jarra de Cerveza Personalizada Baviera 38 cl;https://www.personalizadoshosteleria.com/p8233945-jarra-de-cerveza-personalizada-baviera-38.html;/media/products/jarra-de-cerveza-personalizada-baviera-38/01_jarra-de-cerveza-personalizada-baviera-38-cl-16100.thumb | /media/products/jarra-de-cerveza-personalizada-baviera-38/02_jarra-de-cerveza-baviera-38-cl-1610045312-png.thumb | /media/products/jarra-de-cerveza-personalizada-baviera-38/03_calidad-para-cristal-1610045315-png.thumb | /media/products/jarra-de-cerveza-personalizada-baviera-38/04_logo.jpg | /media/products/jarra-de-cerveza-personalizada-baviera-38/05_presupuestos-1692439054-x128-f-gb.jpg | /media/products/jarra-de-cerveza-personalizada-baviera-38/06_mod-ph-42-1663147591.png | /media/products/jarra-de-cerveza-personalizada-baviera-38/07_mod-ph44-61-cl-1663147591.png | /media/products/jarra-de-cerveza-personalizada-baviera-38/08_canguro-airlaid-con-qr-1663147591.png | /media/products/jarra-de-cerveza-personalizada-baviera-38/09_img-20200128-123820-1663171355.jpg | /media/products/jarra-de-cerveza-personalizada-baviera-38/10_aqui-su-publicidad-1-1670758718.png | /media/products/jarra-de-cerveza-personalizada-baviera-38/11_servilleta-canguro-personalizada-eco-1679684414.png | /media/products/jarra-de-cerveza-personalizada-baviera-38/12_mod-57-1689071732.png | /media/products/jarra-de-cerveza-personalizada-baviera-38/13_compra-1-1612367413-x128-f-gb.jpg | /media/products/jarra-de-cerveza-personalizada-baviera-38/14_optima-1609073646-x128-f-gb.png | /media/products/jarra-de-cerveza-personalizada-baviera-38/15_deja-tu-impresion-de-compra-aqui-queremos-saber-si.png | /media/products/jarra-de-cerveza-personalizada-baviera-38/16_camion-phcom-1610453500-x128-f-gb.png | /media/products/jarra-de-cerveza-personalizada-baviera-38/17_blank.png | /media/products/jarra-de-cerveza-personalizada-baviera-38/25_transparent.png | /media/products/jarra-de-cerveza-personalizada-baviera-38/28_jarra-de-cerveza-personalizada-baviera-38-cl-16100.jpg | /media/products/jarra-de-cerveza-personalizada-baviera-38/32_cabernete-1606642017-jpg.thumb | /media/products/jarra-de-cerveza-personalizada-baviera-38/33_jarra-de-cerveza-sintra-29-cl-1610043712-png.thumb;2026-02-18T11:46:15.872927;;;;;;;
/cristaleria-personalizada/;/cristaleria-cerveza-personalizada/;jarra-de-cerveza-personalizada-baviera-50;8233969;;Jarra de Cerveza Personalizada Baviera 50 cl;https://www.personalizadoshosteleria.com/p8233969-jarra-de-cerveza-personalizada-baviera-50.html;/media/products/jarra-de-cerveza-personalizada-baviera-50/01_jarra-de-cerveza-personalizada-baviera-50-cl-16100.thumb | /media/products/jarra-de-cerveza-personalizada-baviera-50/02_jarra-de-cerveza-baviera-50-cl-1610046402-png.thumb | /media/products/jarra-de-cerveza-personalizada-baviera-50/03_calidad-para-cristal-1610046405-png.thumb | /media/products/jarra-de-cerveza-personalizada-baviera-50/04_logo.jpg | /media/products/jarra-de-cerveza-personalizada-baviera-50/05_presupuestos-1692439054-x128-f-gb.jpg | /media/products/jarra-de-cerveza-personalizada-baviera-50/06_mod-ph-42-1663147591.png | /media/products/jarra-de-cerveza-personalizada-baviera-50/07_mod-ph44-61-cl-1663147591.png | /media/products/jarra-de-cerveza-personalizada-baviera-50/08_canguro-airlaid-con-qr-1663147591.png | /media/products/jarra-de-cerveza-personalizada-baviera-50/09_img-20200128-123820-1663171355.jpg | /media/products/jarra-de-cerveza-personalizada-baviera-50/10_aqui-su-publicidad-1-1670758718.png | /media/products/jarra-de-cerveza-personalizada-baviera-50/11_servilleta-canguro-personalizada-eco-1679684414.png | /media/products/jarra-de-cerveza-personalizada-baviera-50/12_mod-57-1689071732.png | /media/products/jarra-de-cerveza-personalizada-baviera-50/13_compra-1-1612367413-x128-f-gb.jpg | /media/products/jarra-de-cerveza-personalizada-baviera-50/14_optima-1609073646-x128-f-gb.png | /media/products/jarra-de-cerveza-personalizada-baviera-50/15_deja-tu-impresion-de-compra-aqui-queremos-saber-si.png | /media/products/jarra-de-cerveza-personalizada-baviera-50/16_camion-phcom-1610453500-x128-f-gb.png | /media/products/jarra-de-cerveza-personalizada-baviera-50/17_blank.png | /media/products/jarra-de-cerveza-personalizada-baviera-50/25_transparent.png | /media/products/jarra-de-cerveza-personalizada-baviera-50/28_jarra-de-cerveza-personalizada-baviera-50-cl-16100.jpg | /media/products/jarra-de-cerveza-personalizada-baviera-50/32_imagen-principal-1606640258-jpg.thumb | /media/products/jarra-de-cerveza-personalizada-baviera-50/33_vina-1607420469-jpg.thumb;2026-02-18T11:46:13.145068;;;;;;;
/cristaleria-personalizada/;/cristaleria-cerveza-personalizada/;jarra-de-cerveza-personalizada-baviera-67;8233971;;Jarra de Cerveza Personalizada Baviera 67;https://www.personalizadoshosteleria.com/p8233971-jarra-de-cerveza-personalizada-baviera-67.html;/media/products/jarra-de-cerveza-personalizada-baviera-67/01_jarra-de-cerveza-personalizada-baviera-67-cl-16100.thumb | /media/products/jarra-de-cerveza-personalizada-baviera-67/02_jarra-de-cerveza-baviera-67-cl-1610046517-png.thumb | /media/products/jarra-de-cerveza-personalizada-baviera-67/03_calidad-para-cristal-1610046520-png.thumb | /media/products/jarra-de-cerveza-personalizada-baviera-67/04_logo.jpg | /media/products/jarra-de-cerveza-personalizada-baviera-67/05_presupuestos-1692439054-x128-f-gb.jpg | /media/products/jarra-de-cerveza-personalizada-baviera-67/06_mod-ph-42-1663147591.png | /media/products/jarra-de-cerveza-personalizada-baviera-67/07_mod-ph44-61-cl-1663147591.png | /media/products/jarra-de-cerveza-personalizada-baviera-67/08_canguro-airlaid-con-qr-1663147591.png | /media/products/jarra-de-cerveza-personalizada-baviera-67/09_img-20200128-123820-1663171355.jpg | /media/products/jarra-de-cerveza-personalizada-baviera-67/10_aqui-su-publicidad-1-1670758718.png | /media/products/jarra-de-cerveza-personalizada-baviera-67/11_servilleta-canguro-personalizada-eco-1679684414.png | /media/products/jarra-de-cerveza-personalizada-baviera-67/12_mod-57-1689071732.png | /media/products/jarra-de-cerveza-personalizada-baviera-67/13_compra-1-1612367413-x128-f-gb.jpg | /media/products/jarra-de-cerveza-personalizada-baviera-67/14_optima-1609073646-x128-f-gb.png | /media/products/jarra-de-cerveza-personalizada-baviera-67/15_deja-tu-impresion-de-compra-aqui-queremos-saber-si.png | /media/products/jarra-de-cerveza-personalizada-baviera-67/16_camion-phcom-1610453500-x128-f-gb.png | /media/products/jarra-de-cerveza-personalizada-baviera-67/17_blank.png | /media/products/jarra-de-cerveza-personalizada-baviera-67/25_transparent.png | /media/products/jarra-de-cerveza-personalizada-baviera-67/28_jarra-de-cerveza-personalizada-baviera-67-cl-16100.jpg | /media/products/jarra-de-cerveza-personalizada-baviera-67/32_premium-1607328791-jpg.thumb | /media/products/jarra-de-cerveza-personalizada-baviera-67/33_taza-y-platillo-personalizado-easy-23-1611430048-j.thumb;2026-02-18T11:46:10.398135;;;;;;;
/cristaleria-personalizada/;/cristaleria-cerveza-personalizada/;jarra-de-cerveza-personalizada-classic-50-cl;8232808;;JARRA DE CERVEZA PERSONALIZADA CLASSIC  50 CL.;https://www.personalizadoshosteleria.com/p8232808-jarra-de-cerveza-personalizada-classic-50-cl.html;/media/products/jarra-de-cerveza-personalizada-classic-50-cl/01_jarra-de-cerveza-personalizada-classic-50-16099542.thumb | /media/products/jarra-de-cerveza-personalizada-classic-50-cl/02_2-1609953427-png.thumb | /media/products/jarra-de-cerveza-personalizada-classic-50-cl/03_calidad-cristal-perssonalizados-hosteleria-1611061.thumb | /media/products/jarra-de-cerveza-personalizada-classic-50-cl/04_logo.jpg | /media/products/jarra-de-cerveza-personalizada-classic-50-cl/05_presupuestos-1692439054-x128-f-gb.jpg | /media/products/jarra-de-cerveza-personalizada-classic-50-cl/06_mod-ph-42-1663147591.png | /media/products/jarra-de-cerveza-personalizada-classic-50-cl/07_mod-ph44-61-cl-1663147591.png | /media/products/jarra-de-cerveza-personalizada-classic-50-cl/08_canguro-airlaid-con-qr-1663147591.png | /media/products/jarra-de-cerveza-personalizada-classic-50-cl/09_img-20200128-123820-1663171355.jpg | /media/products/jarra-de-cerveza-personalizada-classic-50-cl/10_aqui-su-publicidad-1-1670758718.png | /media/products/jarra-de-cerveza-personalizada-classic-50-cl/11_servilleta-canguro-personalizada-eco-1679684414.png | /media/products/jarra-de-cerveza-personalizada-classic-50-cl/12_mod-57-1689071732.png | /media/products/jarra-de-cerveza-personalizada-classic-50-cl/13_compra-1-1612367413-x128-f-gb.jpg | /media/products/jarra-de-cerveza-personalizada-classic-50-cl/14_optima-1609073646-x128-f-gb.png | /media/products/jarra-de-cerveza-personalizada-classic-50-cl/15_deja-tu-impresion-de-compra-aqui-queremos-saber-si.png | /media/products/jarra-de-cerveza-personalizada-classic-50-cl/16_camion-phcom-1610453500-x128-f-gb.png | /media/products/jarra-de-cerveza-personalizada-classic-50-cl/17_blank.png | /media/products/jarra-de-cerveza-personalizada-classic-50-cl/25_transparent.png | /media/products/jarra-de-cerveza-personalizada-classic-50-cl/28_jarra-de-cerveza-personalizada-classic-50-16099542.png | /media/products/jarra-de-cerveza-personalizada-classic-50-cl/32_facebook-4.png | /media/products/jarra-de-cerveza-personalizada-classic-50-cl/33_instagram-4.png;2026-02-18T11:46:31.160770;;;;;;;
/cristaleria-personalizada/;/cristaleria-cerveza-personalizada/;jarra-de-cerveza-sintra-grabada-con-su-logo;8233908;;JARRA DE CERVEZA PERSONALIZADA. SINTRA 55;https://www.personalizadoshosteleria.com/p8233908-jarra-de-cerveza-sintra-grabada-con-su-logo.html;/media/products/jarra-de-cerveza-sintra-grabada-con-su-logo/01_jarra-de-cerveza-personalizada-sintra-55-cl-161004.thumb | /media/products/jarra-de-cerveza-sintra-grabada-con-su-logo/02_jarra-de-cerveza-sintra-55-cl-1610044024-png.thumb | /media/products/jarra-de-cerveza-sintra-grabada-con-su-logo/03_calidad-para-cristal-1610044027-png.thumb | /media/products/jarra-de-cerveza-sintra-grabada-con-su-logo/04_logo.jpg | /media/products/jarra-de-cerveza-sintra-grabada-con-su-logo/05_presupuestos-1692439054-x128-f-gb.jpg | /media/products/jarra-de-cerveza-sintra-grabada-con-su-logo/06_mod-ph-42-1663147591.png | /media/products/jarra-de-cerveza-sintra-grabada-con-su-logo/07_mod-ph44-61-cl-1663147591.png | /media/products/jarra-de-cerveza-sintra-grabada-con-su-logo/08_canguro-airlaid-con-qr-1663147591.png | /media/products/jarra-de-cerveza-sintra-grabada-con-su-logo/09_img-20200128-123820-1663171355.jpg | /media/products/jarra-de-cerveza-sintra-grabada-con-su-logo/10_aqui-su-publicidad-1-1670758718.png | /media/products/jarra-de-cerveza-sintra-grabada-con-su-logo/11_servilleta-canguro-personalizada-eco-1679684414.png | /media/products/jarra-de-cerveza-sintra-grabada-con-su-logo/12_mod-57-1689071732.png | /media/products/jarra-de-cerveza-sintra-grabada-con-su-logo/13_compra-1-1612367413-x128-f-gb.jpg | /media/products/jarra-de-cerveza-sintra-grabada-con-su-logo/14_optima-1609073646-x128-f-gb.png | /media/products/jarra-de-cerveza-sintra-grabada-con-su-logo/15_deja-tu-impresion-de-compra-aqui-queremos-saber-si.png | /media/products/jarra-de-cerveza-sintra-grabada-con-su-logo/16_camion-phcom-1610453500-x128-f-gb.png | /media/products/jarra-de-cerveza-sintra-grabada-con-su-logo/17_blank.png | /media/products/jarra-de-cerveza-sintra-grabada-con-su-logo/25_transparent.png | /media/products/jarra-de-cerveza-sintra-grabada-con-su-logo/28_jarra-de-cerveza-personalizada-sintra-55-cl-161004.jpg | /media/products/jarra-de-cerveza-sintra-grabada-con-su-logo/32_facebook-4.png | /media/products/jarra-de-cerveza-sintra-grabada-con-su-logo/33_instagram-4.png;2026-02-18T11:46:21.016061;;;;;;;
/cristaleria-personalizada/;/cristaleria-cerveza-personalizada/;vaso-cerveza-personalizado-aleman-33;8168623;;VASO CERVEZA PERSONALIZADO. ALEMAN 33;https://www.personalizadoshosteleria.com/p8168623-vaso-cerveza-personalizado-aleman-33.html;/media/products/vaso-cerveza-personalizado-aleman-33/01_1-1607687309-jpg.thumb | /media/products/vaso-cerveza-personalizado-aleman-33/02_2-1607687315-jpg.thumb | /media/products/vaso-cerveza-personalizado-aleman-33/03_calidad-cristal-perssonalizados-hosteleria-1611062.thumb | /media/products/vaso-cerveza-personalizado-aleman-33/04_logo.jpg | /media/products/vaso-cerveza-personalizado-aleman-33/05_presupuestos-1692439054-x128-f-gb.jpg | /media/products/vaso-cerveza-personalizado-aleman-33/06_mod-ph-42-1663147591.png | /media/products/vaso-cerveza-personalizado-aleman-33/07_mod-ph44-61-cl-1663147591.png | /media/products/vaso-cerveza-personalizado-aleman-33/08_canguro-airlaid-con-qr-1663147591.png | /media/products/vaso-cerveza-personalizado-aleman-33/09_img-20200128-123820-1663171355.jpg | /media/products/vaso-cerveza-personalizado-aleman-33/10_aqui-su-publicidad-1-1670758718.png | /media/products/vaso-cerveza-personalizado-aleman-33/11_servilleta-canguro-personalizada-eco-1679684414.png | /media/products/vaso-cerveza-personalizado-aleman-33/12_mod-57-1689071732.png | /media/products/vaso-cerveza-personalizado-aleman-33/13_compra-1-1612367413-x128-f-gb.jpg | /media/products/vaso-cerveza-personalizado-aleman-33/14_optima-1609073646-x128-f-gb.png | /media/products/vaso-cerveza-personalizado-aleman-33/15_deja-tu-impresion-de-compra-aqui-queremos-saber-si.png | /media/products/vaso-cerveza-personalizado-aleman-33/16_camion-phcom-1610453500-x128-f-gb.png | /media/products/vaso-cerveza-personalizado-aleman-33/17_blank.png | /media/products/vaso-cerveza-personalizado-aleman-33/25_transparent.png | /media/products/vaso-cerveza-personalizado-aleman-33/28_1-1607687309.jpg | /media/products/vaso-cerveza-personalizado-aleman-33/32_facebook-4.png | /media/products/vaso-cerveza-personalizado-aleman-33/33_instagram-4.png;2026-02-18T11:45:51.998332;;;;;;;
/cristaleria-personalizada/;/cristaleria-cerveza-personalizada/;vaso-cerveza-personalizado-weizenbeer-52;8218337;;VASO CERVEZA PERSONALIZADO. WEIZENBEER 52 cl;https://www.personalizadoshosteleria.com/p8218337-vaso-cerveza-personalizado-weizenbeer-52.html;/media/products/vaso-cerveza-personalizado-weizenbeer-52/01_vaso-weizenbeer-personalizado-1612707577-jpg.thumb | /media/products/vaso-cerveza-personalizado-weizenbeer-52/02_vaso-de-cerveza-weizenbeer-41-1612707292-jpg.thumb | /media/products/vaso-cerveza-personalizado-weizenbeer-52/03_vaso-personalizado-weizenbeer-1612707361-jpg.thumb | /media/products/vaso-cerveza-personalizado-weizenbeer-52/04_calidad-cristal-perssonalizados-hosteleria-1611063.thumb | /media/products/vaso-cerveza-personalizado-weizenbeer-52/05_logo.jpg | /media/products/vaso-cerveza-personalizado-weizenbeer-52/06_presupuestos-1692439054-x128-f-gb.jpg | /media/products/vaso-cerveza-personalizado-weizenbeer-52/07_mod-ph-42-1663147591.png | /media/products/vaso-cerveza-personalizado-weizenbeer-52/08_mod-ph44-61-cl-1663147591.png | /media/products/vaso-cerveza-personalizado-weizenbeer-52/09_canguro-airlaid-con-qr-1663147591.png | /media/products/vaso-cerveza-personalizado-weizenbeer-52/10_img-20200128-123820-1663171355.jpg | /media/products/vaso-cerveza-personalizado-weizenbeer-52/11_aqui-su-publicidad-1-1670758718.png | /media/products/vaso-cerveza-personalizado-weizenbeer-52/12_servilleta-canguro-personalizada-eco-1679684414.png | /media/products/vaso-cerveza-personalizado-weizenbeer-52/13_mod-57-1689071732.png | /media/products/vaso-cerveza-personalizado-weizenbeer-52/14_compra-1-1612367413-x128-f-gb.jpg | /media/products/vaso-cerveza-personalizado-weizenbeer-52/15_optima-1609073646-x128-f-gb.png | /media/products/vaso-cerveza-personalizado-weizenbeer-52/16_deja-tu-impresion-de-compra-aqui-queremos-saber-si.png | /media/products/vaso-cerveza-personalizado-weizenbeer-52/17_camion-phcom-1610453500-x128-f-gb.png | /media/products/vaso-cerveza-personalizado-weizenbeer-52/18_blank.png | /media/products/vaso-cerveza-personalizado-weizenbeer-52/26_transparent.png | /media/products/vaso-cerveza-personalizado-weizenbeer-52/29_vaso-weizenbeer-personalizado-1612707577.jpg | /media/products/vaso-cerveza-personalizado-weizenbeer-52/34_harmonia-principal-1606665579-jpg.thumb;2026-02-18T11:47:28.480791;;;;;;;
/cristaleria-personalizada/;/cristaleria-cerveza-personalizada/;vaso-cerveza-principe-30-cl-grabado-con-su-logo;8467816;;VASO CERVEZA PRÍNCIPE 30 CL GRABADO CON SU LOGO;https://www.personalizadoshosteleria.com/p8467816-vaso-cerveza-principe-30-cl-grabado-con-su-logo.html;/media/products/vaso-cerveza-principe-30-cl-grabado-con-su-logo/01_principe-1618333202-jpg.thumb | /media/products/vaso-cerveza-principe-30-cl-grabado-con-su-logo/02_principe30-1618333206-jpg.thumb | /media/products/vaso-cerveza-principe-30-cl-grabado-con-su-logo/03_copas-y-vasos-cerveza-1618333211-jpg.thumb | /media/products/vaso-cerveza-principe-30-cl-grabado-con-su-logo/04_logo.jpg | /media/products/vaso-cerveza-principe-30-cl-grabado-con-su-logo/05_presupuestos-1692439054-x128-f-gb.jpg | /media/products/vaso-cerveza-principe-30-cl-grabado-con-su-logo/06_mod-ph-42-1663147591.png | /media/products/vaso-cerveza-principe-30-cl-grabado-con-su-logo/07_mod-ph44-61-cl-1663147591.png | /media/products/vaso-cerveza-principe-30-cl-grabado-con-su-logo/08_canguro-airlaid-con-qr-1663147591.png | /media/products/vaso-cerveza-principe-30-cl-grabado-con-su-logo/09_img-20200128-123820-1663171355.jpg | /media/products/vaso-cerveza-principe-30-cl-grabado-con-su-logo/10_aqui-su-publicidad-1-1670758718.png | /media/products/vaso-cerveza-principe-30-cl-grabado-con-su-logo/11_servilleta-canguro-personalizada-eco-1679684414.png | /media/products/vaso-cerveza-principe-30-cl-grabado-con-su-logo/12_mod-57-1689071732.png | /media/products/vaso-cerveza-principe-30-cl-grabado-con-su-logo/13_compra-1-1612367413-x128-f-gb.jpg | /media/products/vaso-cerveza-principe-30-cl-grabado-con-su-logo/14_optima-1609073646-x128-f-gb.png | /media/products/vaso-cerveza-principe-30-cl-grabado-con-su-logo/15_deja-tu-impresion-de-compra-aqui-queremos-saber-si.png | /media/products/vaso-cerveza-principe-30-cl-grabado-con-su-logo/16_camion-phcom-1610453500-x128-f-gb.png | /media/products/vaso-cerveza-principe-30-cl-grabado-con-su-logo/17_blank.png | /media/products/vaso-cerveza-principe-30-cl-grabado-con-su-logo/25_transparent.png | /media/products/vaso-cerveza-principe-30-cl-grabado-con-su-logo/28_principe-1618333202.jpg | /media/products/vaso-cerveza-principe-30-cl-grabado-con-su-logo/32_facebook-4.png | /media/products/vaso-cerveza-principe-30-cl-grabado-con-su-logo/33_instagram-4.png;2026-02-18T11:47:23.673098;;;;;;;
/cristaleria-personalizada/;/cristaleria-cerveza-personalizada/;vaso-cerveza-principe-37-cl-grabado-con-su-logo;8467822;;VASO CERVEZA PRÍNCIPE 37 CL GRABADO CON SU LOGO;https://www.personalizadoshosteleria.com/p8467822-vaso-cerveza-principe-37-cl-grabado-con-su-logo.html;/media/products/vaso-cerveza-principe-37-cl-grabado-con-su-logo/01_principe-1618333350-jpg.thumb | /media/products/vaso-cerveza-principe-37-cl-grabado-con-su-logo/02_principe37-1618333354-jpg.thumb | /media/products/vaso-cerveza-principe-37-cl-grabado-con-su-logo/03_copas-y-vasos-cerveza-1618333358-jpg.thumb | /media/products/vaso-cerveza-principe-37-cl-grabado-con-su-logo/04_logo.jpg | /media/products/vaso-cerveza-principe-37-cl-grabado-con-su-logo/05_presupuestos-1692439054-x128-f-gb.jpg | /media/products/vaso-cerveza-principe-37-cl-grabado-con-su-logo/06_mod-ph-42-1663147591.png | /media/products/vaso-cerveza-principe-37-cl-grabado-con-su-logo/07_mod-ph44-61-cl-1663147591.png | /media/products/vaso-cerveza-principe-37-cl-grabado-con-su-logo/08_canguro-airlaid-con-qr-1663147591.png | /media/products/vaso-cerveza-principe-37-cl-grabado-con-su-logo/09_img-20200128-123820-1663171355.jpg | /media/products/vaso-cerveza-principe-37-cl-grabado-con-su-logo/10_aqui-su-publicidad-1-1670758718.png | /media/products/vaso-cerveza-principe-37-cl-grabado-con-su-logo/11_servilleta-canguro-personalizada-eco-1679684414.png | /media/products/vaso-cerveza-principe-37-cl-grabado-con-su-logo/12_mod-57-1689071732.png | /media/products/vaso-cerveza-principe-37-cl-grabado-con-su-logo/13_compra-1-1612367413-x128-f-gb.jpg | /media/products/vaso-cerveza-principe-37-cl-grabado-con-su-logo/14_optima-1609073646-x128-f-gb.png | /media/products/vaso-cerveza-principe-37-cl-grabado-con-su-logo/15_deja-tu-impresion-de-compra-aqui-queremos-saber-si.png | /media/products/vaso-cerveza-principe-37-cl-grabado-con-su-logo/16_camion-phcom-1610453500-x128-f-gb.png | /media/products/vaso-cerveza-principe-37-cl-grabado-con-su-logo/17_blank.png | /media/products/vaso-cerveza-principe-37-cl-grabado-con-su-logo/25_transparent.png | /media/products/vaso-cerveza-principe-37-cl-grabado-con-su-logo/28_principe-1618333350.jpg | /media/products/vaso-cerveza-principe-37-cl-grabado-con-su-logo/32_facebook-4.png | /media/products/vaso-cerveza-principe-37-cl-grabado-con-su-logo/33_instagram-4.png;2026-02-18T11:47:21.049395;;;;;;;
/cristaleria-personalizada/;/cristaleria-cerveza-personalizada/;vaso-cerveza-principe-grabado-con-su-logo;7387249;;VASO CERVEZA PRÍNCIPE 25 CL GRABADO CON SU LOGO;https://www.personalizadoshosteleria.com/p7387249-vaso-cerveza-principe-grabado-con-su-logo.html;/media/products/vaso-cerveza-principe-grabado-con-su-logo/01_principe-1607691048-jpg.thumb | /media/products/vaso-cerveza-principe-grabado-con-su-logo/02_principe20-1593248835-png.thumb | /media/products/vaso-cerveza-principe-grabado-con-su-logo/03_logo.jpg | /media/products/vaso-cerveza-principe-grabado-con-su-logo/04_presupuestos-1692439054-x128-f-gb.jpg | /media/products/vaso-cerveza-principe-grabado-con-su-logo/05_mod-ph-42-1663147591.png | /media/products/vaso-cerveza-principe-grabado-con-su-logo/06_mod-ph44-61-cl-1663147591.png | /media/products/vaso-cerveza-principe-grabado-con-su-logo/07_canguro-airlaid-con-qr-1663147591.png | /media/products/vaso-cerveza-principe-grabado-con-su-logo/08_img-20200128-123820-1663171355.jpg | /media/products/vaso-cerveza-principe-grabado-con-su-logo/09_aqui-su-publicidad-1-1670758718.png | /media/products/vaso-cerveza-principe-grabado-con-su-logo/10_servilleta-canguro-personalizada-eco-1679684414.png | /media/products/vaso-cerveza-principe-grabado-con-su-logo/11_mod-57-1689071732.png | /media/products/vaso-cerveza-principe-grabado-con-su-logo/12_compra-1-1612367413-x128-f-gb.jpg | /media/products/vaso-cerveza-principe-grabado-con-su-logo/13_optima-1609073646-x128-f-gb.png | /media/products/vaso-cerveza-principe-grabado-con-su-logo/14_deja-tu-impresion-de-compra-aqui-queremos-saber-si.png | /media/products/vaso-cerveza-principe-grabado-con-su-logo/15_camion-phcom-1610453500-x128-f-gb.png | /media/products/vaso-cerveza-principe-grabado-con-su-logo/16_blank.png | /media/products/vaso-cerveza-principe-grabado-con-su-logo/24_transparent.png | /media/products/vaso-cerveza-principe-grabado-con-su-logo/27_principe-1607691048.jpg | /media/products/vaso-cerveza-principe-grabado-con-su-logo/30_facebook-4.png | /media/products/vaso-cerveza-principe-grabado-con-su-logo/31_instagram-4.png | /media/products/vaso-cerveza-principe-grabado-con-su-logo/32_twitter-5.png;2026-02-18T11:45:26.567916;;;;;;;
/cristaleria-personalizada/;/cristaleria-cerveza-personalizada/;vaso-cerveza-savoy-grabado-con-su-logo;7317042;;VASO CERVEZA SAVOY GRABADO CON SU LOGO A LASER O COLOR;https://www.personalizadoshosteleria.com/p7317042-vaso-cerveza-savoy-grabado-con-su-logo.html;/media/products/vaso-cerveza-savoy-grabado-con-su-logo/01_savoy1-1610794807-jpg.thumb | /media/products/vaso-cerveza-savoy-grabado-con-su-logo/02_vaso-de-cerveza-personalizado-savoy-medidas-161079.thumb | /media/products/vaso-cerveza-savoy-grabado-con-su-logo/03_vaso-de-cerveza-personalizado-savoy-1610794829-png.thumb | /media/products/vaso-cerveza-savoy-grabado-con-su-logo/04_calidad-cristal-perssonalizados-hosteleria-1610798.thumb | /media/products/vaso-cerveza-savoy-grabado-con-su-logo/05_logo.jpg | /media/products/vaso-cerveza-savoy-grabado-con-su-logo/06_presupuestos-1692439054-x128-f-gb.jpg | /media/products/vaso-cerveza-savoy-grabado-con-su-logo/07_mod-ph-42-1663147591.png | /media/products/vaso-cerveza-savoy-grabado-con-su-logo/08_mod-ph44-61-cl-1663147591.png | /media/products/vaso-cerveza-savoy-grabado-con-su-logo/09_canguro-airlaid-con-qr-1663147591.png | /media/products/vaso-cerveza-savoy-grabado-con-su-logo/10_img-20200128-123820-1663171355.jpg | /media/products/vaso-cerveza-savoy-grabado-con-su-logo/11_aqui-su-publicidad-1-1670758718.png | /media/products/vaso-cerveza-savoy-grabado-con-su-logo/12_servilleta-canguro-personalizada-eco-1679684414.png | /media/products/vaso-cerveza-savoy-grabado-con-su-logo/13_mod-57-1689071732.png | /media/products/vaso-cerveza-savoy-grabado-con-su-logo/14_compra-1-1612367413-x128-f-gb.jpg | /media/products/vaso-cerveza-savoy-grabado-con-su-logo/15_optima-1609073646-x128-f-gb.png | /media/products/vaso-cerveza-savoy-grabado-con-su-logo/16_deja-tu-impresion-de-compra-aqui-queremos-saber-si.png | /media/products/vaso-cerveza-savoy-grabado-con-su-logo/17_camion-phcom-1610453500-x128-f-gb.png | /media/products/vaso-cerveza-savoy-grabado-con-su-logo/18_blank.png | /media/products/vaso-cerveza-savoy-grabado-con-su-logo/26_transparent.png | /media/products/vaso-cerveza-savoy-grabado-con-su-logo/29_savoy1-1610794807.jpg | /media/products/vaso-cerveza-savoy-grabado-con-su-logo/34_palladio1-1606667783-jpg.thumb;2026-02-18T11:45:24.076284;;;;;;;
/cristaleria-personalizada/;/cristaleria-cerveza-personalizada/;vaso-cerveza-weizenbeer-grabado-con-tu-logo-a-laser-o-a-un-color;7736015;;VASO CERVEZA PERSONALIZADO WEIZENBEER, 41,5 cl;https://www.personalizadoshosteleria.com/p7736015-vaso-cerveza-weizenbeer-grabado-con-tu-logo-a-laser-o-a-un-color.html;/media/products/vaso-cerveza-weizenbeer-grabado-con-tu-logo-a-laser-o-a-un-color/01_5-1612704446-jpg.thumb | /media/products/vaso-cerveza-weizenbeer-grabado-con-tu-logo-a-laser-o-a-un-color/02_10-1612704441-jpg.thumb | /media/products/vaso-cerveza-weizenbeer-grabado-con-tu-logo-a-laser-o-a-un-color/03_weizenbeer-1606738800-jpg.thumb | /media/products/vaso-cerveza-weizenbeer-grabado-con-tu-logo-a-laser-o-a-un-color/04_calidad-cristal-perssonalizados-hosteleria-1611063.thumb | /media/products/vaso-cerveza-weizenbeer-grabado-con-tu-logo-a-laser-o-a-un-color/05_logo.jpg | /media/products/vaso-cerveza-weizenbeer-grabado-con-tu-logo-a-laser-o-a-un-color/06_presupuestos-1692439054-x128-f-gb.jpg | /media/products/vaso-cerveza-weizenbeer-grabado-con-tu-logo-a-laser-o-a-un-color/07_mod-ph-42-1663147591.png | /media/products/vaso-cerveza-weizenbeer-grabado-con-tu-logo-a-laser-o-a-un-color/08_mod-ph44-61-cl-1663147591.png | /media/products/vaso-cerveza-weizenbeer-grabado-con-tu-logo-a-laser-o-a-un-color/09_canguro-airlaid-con-qr-1663147591.png | /media/products/vaso-cerveza-weizenbeer-grabado-con-tu-logo-a-laser-o-a-un-color/10_img-20200128-123820-1663171355.jpg | /media/products/vaso-cerveza-weizenbeer-grabado-con-tu-logo-a-laser-o-a-un-color/11_aqui-su-publicidad-1-1670758718.png | /media/products/vaso-cerveza-weizenbeer-grabado-con-tu-logo-a-laser-o-a-un-color/12_servilleta-canguro-personalizada-eco-1679684414.png | /media/products/vaso-cerveza-weizenbeer-grabado-con-tu-logo-a-laser-o-a-un-color/13_mod-57-1689071732.png | /media/products/vaso-cerveza-weizenbeer-grabado-con-tu-logo-a-laser-o-a-un-color/14_compra-1-1612367413-x128-f-gb.jpg | /media/products/vaso-cerveza-weizenbeer-grabado-con-tu-logo-a-laser-o-a-un-color/15_optima-1609073646-x128-f-gb.png | /media/products/vaso-cerveza-weizenbeer-grabado-con-tu-logo-a-laser-o-a-un-color/16_deja-tu-impresion-de-compra-aqui-queremos-saber-si.png | /media/products/vaso-cerveza-weizenbeer-grabado-con-tu-logo-a-laser-o-a-un-color/17_camion-phcom-1610453500-x128-f-gb.png | /media/products/vaso-cerveza-weizenbeer-grabado-con-tu-logo-a-laser-o-a-un-color/18_blank.png | /media/products/vaso-cerveza-weizenbeer-grabado-con-tu-logo-a-laser-o-a-un-color/26_transparent.png | /media/products/vaso-cerveza-weizenbeer-grabado-con-tu-logo-a-laser-o-a-un-color/29_5-1612704446.jpg | /media/products/vaso-cerveza-weizenbeer-grabado-con-tu-logo-a-laser-o-a-un-color/34_harmonia-principal-1606665579-jpg.thumb;2026-02-18T11:45:46.847359;;;;;;;
/cristaleria-personalizada/;/cristaleria-cerveza-personalizada/;vaso-de-cerveza-personalizado-nonix-58;8266414;;VASO DE CERVEZA PERSONALIZADO. NONIX 58cl;https://www.personalizadoshosteleria.com/p8266414-vaso-de-cerveza-personalizado-nonix-58.html;/media/products/vaso-de-cerveza-personalizado-nonix-58/01_vasos-de-cerveza-personalizados-nonix-1612702864-j.thumb | /media/products/vaso-de-cerveza-personalizado-nonix-58/02_vaso-nonix-persoanalizado-58-1612702875-jpg.thumb | /media/products/vaso-de-cerveza-personalizado-nonix-58/03_vaso-nonix-58-medidas-1612702884-jpg.thumb | /media/products/vaso-de-cerveza-personalizado-nonix-58/04_calidad-cristal-perssonalizados-hosteleria-1610795.thumb | /media/products/vaso-de-cerveza-personalizado-nonix-58/05_logo.jpg | /media/products/vaso-de-cerveza-personalizado-nonix-58/06_presupuestos-1692439054-x128-f-gb.jpg | /media/products/vaso-de-cerveza-personalizado-nonix-58/07_mod-ph-42-1663147591.png | /media/products/vaso-de-cerveza-personalizado-nonix-58/08_mod-ph44-61-cl-1663147591.png | /media/products/vaso-de-cerveza-personalizado-nonix-58/09_canguro-airlaid-con-qr-1663147591.png | /media/products/vaso-de-cerveza-personalizado-nonix-58/10_img-20200128-123820-1663171355.jpg | /media/products/vaso-de-cerveza-personalizado-nonix-58/11_aqui-su-publicidad-1-1670758718.png | /media/products/vaso-de-cerveza-personalizado-nonix-58/12_servilleta-canguro-personalizada-eco-1679684414.png | /media/products/vaso-de-cerveza-personalizado-nonix-58/13_mod-57-1689071732.png | /media/products/vaso-de-cerveza-personalizado-nonix-58/14_compra-1-1612367413-x128-f-gb.jpg | /media/products/vaso-de-cerveza-personalizado-nonix-58/15_optima-1609073646-x128-f-gb.png | /media/products/vaso-de-cerveza-personalizado-nonix-58/16_deja-tu-impresion-de-compra-aqui-queremos-saber-si.png | /media/products/vaso-de-cerveza-personalizado-nonix-58/17_camion-phcom-1610453500-x128-f-gb.png | /media/products/vaso-de-cerveza-personalizado-nonix-58/18_blank.png | /media/products/vaso-de-cerveza-personalizado-nonix-58/26_transparent.png | /media/products/vaso-de-cerveza-personalizado-nonix-58/29_vasos-de-cerveza-personalizados-nonix-1612702864.jpg | /media/products/vaso-de-cerveza-personalizado-nonix-58/34_facebook-4.png;2026-02-18T11:47:25.948219;;;;;;;
/cristaleria-personalizada/;/cristaleria-cerveza-personalizada/;vaso-nonic-34-cl-grabado-a-laser-o-a-un-color;7855701;;VASO NONIC 34 CL. GRABADO A LÁSER O A UN COLOR;https://www.personalizadoshosteleria.com/p7855701-vaso-nonic-34-cl-grabado-a-laser-o-a-un-color.html;/media/products/vaso-nonic-34-cl-grabado-a-laser-o-a-un-color/01_nonic34lovehate-1599756134-jpg.thumb | /media/products/vaso-nonic-34-cl-grabado-a-laser-o-a-un-color/02_nonic-1599759739-jpg.thumb | /media/products/vaso-nonic-34-cl-grabado-a-laser-o-a-un-color/03_calidad-cristal-perssonalizados-hosteleria-1611062.thumb | /media/products/vaso-nonic-34-cl-grabado-a-laser-o-a-un-color/04_logo.jpg | /media/products/vaso-nonic-34-cl-grabado-a-laser-o-a-un-color/05_presupuestos-1692439054-x128-f-gb.jpg | /media/products/vaso-nonic-34-cl-grabado-a-laser-o-a-un-color/06_mod-ph-42-1663147591.png | /media/products/vaso-nonic-34-cl-grabado-a-laser-o-a-un-color/07_mod-ph44-61-cl-1663147591.png | /media/products/vaso-nonic-34-cl-grabado-a-laser-o-a-un-color/08_canguro-airlaid-con-qr-1663147591.png | /media/products/vaso-nonic-34-cl-grabado-a-laser-o-a-un-color/09_img-20200128-123820-1663171355.jpg | /media/products/vaso-nonic-34-cl-grabado-a-laser-o-a-un-color/10_aqui-su-publicidad-1-1670758718.png | /media/products/vaso-nonic-34-cl-grabado-a-laser-o-a-un-color/11_servilleta-canguro-personalizada-eco-1679684414.png | /media/products/vaso-nonic-34-cl-grabado-a-laser-o-a-un-color/12_mod-57-1689071732.png | /media/products/vaso-nonic-34-cl-grabado-a-laser-o-a-un-color/13_compra-1-1612367413-x128-f-gb.jpg | /media/products/vaso-nonic-34-cl-grabado-a-laser-o-a-un-color/14_optima-1609073646-x128-f-gb.png | /media/products/vaso-nonic-34-cl-grabado-a-laser-o-a-un-color/15_deja-tu-impresion-de-compra-aqui-queremos-saber-si.png | /media/products/vaso-nonic-34-cl-grabado-a-laser-o-a-un-color/16_camion-phcom-1610453500-x128-f-gb.png | /media/products/vaso-nonic-34-cl-grabado-a-laser-o-a-un-color/17_blank.png | /media/products/vaso-nonic-34-cl-grabado-a-laser-o-a-un-color/25_transparent.png | /media/products/vaso-nonic-34-cl-grabado-a-laser-o-a-un-color/28_nonic34lovehate-1599756134.jpg | /media/products/vaso-nonic-34-cl-grabado-a-laser-o-a-un-color/32_default.jpg | /media/products/vaso-nonic-34-cl-grabado-a-laser-o-a-un-color/33_harmonia-principal-1606665579-jpg.thumb;2026-02-18T11:45:49.432573;;;;;;;
/cristaleria-personalizada/;/cristaleria-cerveza-personalizada/;vaso-nonix-cerveza-grabado-con-tu-logo;7444475;;VASO DE CERVEZA PERSONALIZADO. NONIX 29 CL;https://www.personalizadoshosteleria.com/p7444475-vaso-nonix-cerveza-grabado-con-tu-logo.html;/media/products/vaso-nonix-cerveza-grabado-con-tu-logo/01_vaso-de-cerveza-personalizado-nonix-29-1612703110-.thumb | /media/products/vaso-nonix-cerveza-grabado-con-tu-logo/02_vaso-nonix-29-medidas-1612703124-jpg.thumb | /media/products/vaso-nonix-cerveza-grabado-con-tu-logo/03_vaso-de-cerveza-personalizado-nonix-pinta-16127031.thumb | /media/products/vaso-nonix-cerveza-grabado-con-tu-logo/04_calidad-cristal-perssonalizados-hosteleria-1611062.thumb | /media/products/vaso-nonix-cerveza-grabado-con-tu-logo/05_logo.jpg | /media/products/vaso-nonix-cerveza-grabado-con-tu-logo/06_presupuestos-1692439054-x128-f-gb.jpg | /media/products/vaso-nonix-cerveza-grabado-con-tu-logo/07_mod-ph-42-1663147591.png | /media/products/vaso-nonix-cerveza-grabado-con-tu-logo/08_mod-ph44-61-cl-1663147591.png | /media/products/vaso-nonix-cerveza-grabado-con-tu-logo/09_canguro-airlaid-con-qr-1663147591.png | /media/products/vaso-nonix-cerveza-grabado-con-tu-logo/10_img-20200128-123820-1663171355.jpg | /media/products/vaso-nonix-cerveza-grabado-con-tu-logo/11_aqui-su-publicidad-1-1670758718.png | /media/products/vaso-nonix-cerveza-grabado-con-tu-logo/12_servilleta-canguro-personalizada-eco-1679684414.png | /media/products/vaso-nonix-cerveza-grabado-con-tu-logo/13_mod-57-1689071732.png | /media/products/vaso-nonix-cerveza-grabado-con-tu-logo/14_compra-1-1612367413-x128-f-gb.jpg | /media/products/vaso-nonix-cerveza-grabado-con-tu-logo/15_optima-1609073646-x128-f-gb.png | /media/products/vaso-nonix-cerveza-grabado-con-tu-logo/16_deja-tu-impresion-de-compra-aqui-queremos-saber-si.png | /media/products/vaso-nonix-cerveza-grabado-con-tu-logo/17_camion-phcom-1610453500-x128-f-gb.png | /media/products/vaso-nonix-cerveza-grabado-con-tu-logo/18_blank.png | /media/products/vaso-nonix-cerveza-grabado-con-tu-logo/26_transparent.png | /media/products/vaso-nonix-cerveza-grabado-con-tu-logo/29_vaso-de-cerveza-personalizado-nonix-29-1612703110.jpg | /media/products/vaso-nonix-cerveza-grabado-con-tu-logo/34_facebook-4.png;2026-02-18T11:45:36.475844;;;;;;;
/cristaleria-personalizada/;/vasos-combinados-botellas-cava/;botella-de-agua-grabada-km0-phb100;10502763;;BOTELLA DE AGUA GRABADA  PHB100;https://www.personalizadoshosteleria.com/p10502763-botella-de-agua-grabada-km0-phb100.html;/media/products/botella-de-agua-grabada-km0-phb100/01_botellas-de-agua-personalizables-1673175194-jpg.thumb | /media/products/botella-de-agua-grabada-km0-phb100/02_botella-de-agua-personalizada-1-lt-1673175168-jpg.thumb | /media/products/botella-de-agua-grabada-km0-phb100/03_botella-de-agua-personalizada-50-cl-1673175187-jpg.thumb | /media/products/botella-de-agua-grabada-km0-phb100/04_botella-de-agua-personalizada-25-cl-1673175230-jpg.thumb | /media/products/botella-de-agua-grabada-km0-phb100/05_logo.jpg | /media/products/botella-de-agua-grabada-km0-phb100/06_presupuestos-1692439054-x128-f-gb.jpg | /media/products/botella-de-agua-grabada-km0-phb100/07_mod-ph-42-1663147591.png | /media/products/botella-de-agua-grabada-km0-phb100/08_mod-ph44-61-cl-1663147591.png | /media/products/botella-de-agua-grabada-km0-phb100/09_canguro-airlaid-con-qr-1663147591.png | /media/products/botella-de-agua-grabada-km0-phb100/10_img-20200128-123820-1663171355.jpg | /media/products/botella-de-agua-grabada-km0-phb100/11_aqui-su-publicidad-1-1670758718.png | /media/products/botella-de-agua-grabada-km0-phb100/12_servilleta-canguro-personalizada-eco-1679684414.png | /media/products/botella-de-agua-grabada-km0-phb100/13_mod-57-1689071732.png | /media/products/botella-de-agua-grabada-km0-phb100/14_compra-1-1612367413-x128-f-gb.jpg | /media/products/botella-de-agua-grabada-km0-phb100/15_optima-1609073646-x128-f-gb.png | /media/products/botella-de-agua-grabada-km0-phb100/16_deja-tu-impresion-de-compra-aqui-queremos-saber-si.png | /media/products/botella-de-agua-grabada-km0-phb100/17_camion-phcom-1610453500-x128-f-gb.png | /media/products/botella-de-agua-grabada-km0-phb100/18_blank.png | /media/products/botella-de-agua-grabada-km0-phb100/26_transparent.png | /media/products/botella-de-agua-grabada-km0-phb100/29_botellas-de-agua-personalizables-1673175194.jpg | /media/products/botella-de-agua-grabada-km0-phb100/34_savoy1-1610794807-jpg.thumb;2026-02-18T11:49:57.006719;;;;;;;
/cristaleria-personalizada/;/vasos-combinados-botellas-cava/;botella-de-agua-grabada-phb1200;10502758;;BOTELLA DE AGUA GRABADA PHB1200;https://www.personalizadoshosteleria.com/p10502758-botella-de-agua-grabada-phb1200.html;/media/products/botella-de-agua-grabada-phb1200/01_botella-de-agua-personalizada-12-lt-1673174248-jpg.thumb | /media/products/botella-de-agua-grabada-phb1200/02_calidad-de-grabado-1673174262-jpg.thumb | /media/products/botella-de-agua-grabada-phb1200/03_logo.jpg | /media/products/botella-de-agua-grabada-phb1200/04_presupuestos-1692439054-x128-f-gb.jpg | /media/products/botella-de-agua-grabada-phb1200/05_mod-ph-42-1663147591.png | /media/products/botella-de-agua-grabada-phb1200/06_mod-ph44-61-cl-1663147591.png | /media/products/botella-de-agua-grabada-phb1200/07_canguro-airlaid-con-qr-1663147591.png | /media/products/botella-de-agua-grabada-phb1200/08_img-20200128-123820-1663171355.jpg | /media/products/botella-de-agua-grabada-phb1200/09_aqui-su-publicidad-1-1670758718.png | /media/products/botella-de-agua-grabada-phb1200/10_servilleta-canguro-personalizada-eco-1679684414.png | /media/products/botella-de-agua-grabada-phb1200/11_mod-57-1689071732.png | /media/products/botella-de-agua-grabada-phb1200/12_compra-1-1612367413-x128-f-gb.jpg | /media/products/botella-de-agua-grabada-phb1200/13_optima-1609073646-x128-f-gb.png | /media/products/botella-de-agua-grabada-phb1200/14_deja-tu-impresion-de-compra-aqui-queremos-saber-si.png | /media/products/botella-de-agua-grabada-phb1200/15_camion-phcom-1610453500-x128-f-gb.png | /media/products/botella-de-agua-grabada-phb1200/16_blank.png | /media/products/botella-de-agua-grabada-phb1200/24_transparent.png | /media/products/botella-de-agua-grabada-phb1200/27_botella-de-agua-personalizada-12-lt-1673174248.jpg | /media/products/botella-de-agua-grabada-phb1200/30_jarra-de-cerveza-sintra-29-cl-1610043712-png.thumb | /media/products/botella-de-agua-grabada-phb1200/31_mineral-45-cl-1606641559-jpg.thumb | /media/products/botella-de-agua-grabada-phb1200/32_5-1612704446-jpg.thumb;2026-02-18T11:50:04.544789;;;;;;;
/cristaleria-personalizada/;/vasos-combinados-botellas-cava/;botella-de-agua-grabada-phb25;10502760;;BOTELLA DE AGUA GRABADA PHB25;https://www.personalizadoshosteleria.com/p10502760-botella-de-agua-grabada-phb25.html;/media/products/botella-de-agua-grabada-phb25/01_botella-de-agua-personalizada-25-cl-1673174862-jpg.thumb | /media/products/botella-de-agua-grabada-phb25/02_calidad-de-grabado-1673174874-jpg.thumb | /media/products/botella-de-agua-grabada-phb25/03_botella-de-agua-personalizada-1-lt-1673174888-jpg.thumb | /media/products/botella-de-agua-grabada-phb25/04_botella-de-agua-personalizada-50-cl-1673174896-jpg.thumb | /media/products/botella-de-agua-grabada-phb25/05_logo.jpg | /media/products/botella-de-agua-grabada-phb25/06_presupuestos-1692439054-x128-f-gb.jpg | /media/products/botella-de-agua-grabada-phb25/07_mod-ph-42-1663147591.png | /media/products/botella-de-agua-grabada-phb25/08_mod-ph44-61-cl-1663147591.png | /media/products/botella-de-agua-grabada-phb25/09_canguro-airlaid-con-qr-1663147591.png | /media/products/botella-de-agua-grabada-phb25/10_img-20200128-123820-1663171355.jpg | /media/products/botella-de-agua-grabada-phb25/11_aqui-su-publicidad-1-1670758718.png | /media/products/botella-de-agua-grabada-phb25/12_servilleta-canguro-personalizada-eco-1679684414.png | /media/products/botella-de-agua-grabada-phb25/13_mod-57-1689071732.png | /media/products/botella-de-agua-grabada-phb25/14_compra-1-1612367413-x128-f-gb.jpg | /media/products/botella-de-agua-grabada-phb25/15_optima-1609073646-x128-f-gb.png | /media/products/botella-de-agua-grabada-phb25/16_deja-tu-impresion-de-compra-aqui-queremos-saber-si.png | /media/products/botella-de-agua-grabada-phb25/17_camion-phcom-1610453500-x128-f-gb.png | /media/products/botella-de-agua-grabada-phb25/18_blank.png | /media/products/botella-de-agua-grabada-phb25/26_transparent.png | /media/products/botella-de-agua-grabada-phb25/29_botella-de-agua-personalizada-25-cl-1673174862.jpg | /media/products/botella-de-agua-grabada-phb25/34_vina-1607420469-jpg.thumb;2026-02-18T11:49:51.936358;;;;;;;
/cristaleria-personalizada/;/vasos-combinados-botellas-cava/;botella-de-agua-grabada-phb50;10502762;;BOTELLA DE AGUA GRABADA PHB50;https://www.personalizadoshosteleria.com/p10502762-botella-de-agua-grabada-phb50.html;/media/products/botella-de-agua-grabada-phb50/01_botella-de-agua-personalizada-50-cl-1673175038-jpg.thumb | /media/products/botella-de-agua-grabada-phb50/02_calidad-de-grabado-1673175043-jpg.thumb | /media/products/botella-de-agua-grabada-phb50/03_botella-de-agua-personalizada-1-lt-1673175052-jpg.thumb | /media/products/botella-de-agua-grabada-phb50/04_botella-de-agua-personalizada-25-cl-1673175062-jpg.thumb | /media/products/botella-de-agua-grabada-phb50/05_logo.jpg | /media/products/botella-de-agua-grabada-phb50/06_presupuestos-1692439054-x128-f-gb.jpg | /media/products/botella-de-agua-grabada-phb50/07_mod-ph-42-1663147591.png | /media/products/botella-de-agua-grabada-phb50/08_mod-ph44-61-cl-1663147591.png | /media/products/botella-de-agua-grabada-phb50/09_canguro-airlaid-con-qr-1663147591.png | /media/products/botella-de-agua-grabada-phb50/10_img-20200128-123820-1663171355.jpg | /media/products/botella-de-agua-grabada-phb50/11_aqui-su-publicidad-1-1670758718.png | /media/products/botella-de-agua-grabada-phb50/12_servilleta-canguro-personalizada-eco-1679684414.png | /media/products/botella-de-agua-grabada-phb50/13_mod-57-1689071732.png | /media/products/botella-de-agua-grabada-phb50/14_compra-1-1612367413-x128-f-gb.jpg | /media/products/botella-de-agua-grabada-phb50/15_optima-1609073646-x128-f-gb.png | /media/products/botella-de-agua-grabada-phb50/16_deja-tu-impresion-de-compra-aqui-queremos-saber-si.png | /media/products/botella-de-agua-grabada-phb50/17_camion-phcom-1610453500-x128-f-gb.png | /media/products/botella-de-agua-grabada-phb50/18_blank.png | /media/products/botella-de-agua-grabada-phb50/26_transparent.png | /media/products/botella-de-agua-grabada-phb50/29_botella-de-agua-personalizada-50-cl-1673175038.jpg | /media/products/botella-de-agua-grabada-phb50/34_magnum-130-1580490498-png.thumb;2026-02-18T11:49:54.454023;;;;;;;
/cristaleria-personalizada/;/vasos-combinados-botellas-cava/;botella-de-agua-personalizada-phb100;10502399;;BOTELLA DE AGUA PERSONALIZADA PHB100;https://www.personalizadoshosteleria.com/p10502399-botella-de-agua-personalizada-phb100.html;/media/products/botella-de-agua-personalizada-phb100/01_botella-de-agua-personalizada-33-cl-1673095456-jpg.thumb | /media/products/botella-de-agua-personalizada-phb100/02_botella-de-agua-personalizada-75-cl-1673095460-jpg.thumb | /media/products/botella-de-agua-personalizada-phb100/03_botella-agua-phb100-1673095541-jpg.thumb | /media/products/botella-de-agua-personalizada-phb100/04_calidad-de-grabado-1673095686-jpg.thumb | /media/products/botella-de-agua-personalizada-phb100/05_logo.jpg | /media/products/botella-de-agua-personalizada-phb100/06_presupuestos-1692439054-x128-f-gb.jpg | /media/products/botella-de-agua-personalizada-phb100/07_mod-ph-42-1663147591.png | /media/products/botella-de-agua-personalizada-phb100/08_mod-ph44-61-cl-1663147591.png | /media/products/botella-de-agua-personalizada-phb100/09_canguro-airlaid-con-qr-1663147591.png | /media/products/botella-de-agua-personalizada-phb100/10_img-20200128-123820-1663171355.jpg | /media/products/botella-de-agua-personalizada-phb100/11_aqui-su-publicidad-1-1670758718.png | /media/products/botella-de-agua-personalizada-phb100/12_servilleta-canguro-personalizada-eco-1679684414.png | /media/products/botella-de-agua-personalizada-phb100/13_mod-57-1689071732.png | /media/products/botella-de-agua-personalizada-phb100/14_compra-1-1612367413-x128-f-gb.jpg | /media/products/botella-de-agua-personalizada-phb100/15_optima-1609073646-x128-f-gb.png | /media/products/botella-de-agua-personalizada-phb100/16_deja-tu-impresion-de-compra-aqui-queremos-saber-si.png | /media/products/botella-de-agua-personalizada-phb100/17_camion-phcom-1610453500-x128-f-gb.png | /media/products/botella-de-agua-personalizada-phb100/18_blank.png | /media/products/botella-de-agua-personalizada-phb100/26_transparent.png | /media/products/botella-de-agua-personalizada-phb100/29_botella-de-agua-personalizada-33-cl-1673095456.jpg | /media/products/botella-de-agua-personalizada-phb100/34_1-1607938683-png.thumb;2026-02-18T11:50:01.972802;;;;;;;
/cristaleria-personalizada/;/vasos-combinados-botellas-cava/;botella-de-agua-personalizada-phb33;10502397;;BOTELLA DE AGUA PERSONALIZADA PHB33;https://www.personalizadoshosteleria.com/p10502397-botella-de-agua-personalizada-phb33.html;/media/products/botella-de-agua-personalizada-phb33/01_botella-de-agua-personalizada-33-cl-1673095294-jpg.thumb | /media/products/botella-de-agua-personalizada-phb33/02_botella-agua-phb100-1673020566-jpg.thumb | /media/products/botella-de-agua-personalizada-phb33/03_calidad-grabado-1673020548-jpg.thumb | /media/products/botella-de-agua-personalizada-phb33/04_botella-de-agua-personalizada-75-cl-1673095288-jpg.thumb | /media/products/botella-de-agua-personalizada-phb33/05_logo.jpg | /media/products/botella-de-agua-personalizada-phb33/06_presupuestos-1692439054-x128-f-gb.jpg | /media/products/botella-de-agua-personalizada-phb33/07_mod-ph-42-1663147591.png | /media/products/botella-de-agua-personalizada-phb33/08_mod-ph44-61-cl-1663147591.png | /media/products/botella-de-agua-personalizada-phb33/09_canguro-airlaid-con-qr-1663147591.png | /media/products/botella-de-agua-personalizada-phb33/10_img-20200128-123820-1663171355.jpg | /media/products/botella-de-agua-personalizada-phb33/11_aqui-su-publicidad-1-1670758718.png | /media/products/botella-de-agua-personalizada-phb33/12_servilleta-canguro-personalizada-eco-1679684414.png | /media/products/botella-de-agua-personalizada-phb33/13_mod-57-1689071732.png | /media/products/botella-de-agua-personalizada-phb33/14_compra-1-1612367413-x128-f-gb.jpg | /media/products/botella-de-agua-personalizada-phb33/15_optima-1609073646-x128-f-gb.png | /media/products/botella-de-agua-personalizada-phb33/16_deja-tu-impresion-de-compra-aqui-queremos-saber-si.png | /media/products/botella-de-agua-personalizada-phb33/17_camion-phcom-1610453500-x128-f-gb.png | /media/products/botella-de-agua-personalizada-phb33/18_blank.png | /media/products/botella-de-agua-personalizada-phb33/26_transparent.png | /media/products/botella-de-agua-personalizada-phb33/29_botella-de-agua-personalizada-33-cl-1673095294.jpg | /media/products/botella-de-agua-personalizada-phb33/34_jarra-de-cerveza-personalizada-amberes-1610737582-.thumb;2026-02-18T11:49:49.328341;;;;;;;
/cristaleria-personalizada/;/vasos-combinados-botellas-cava/;botella-de-agua-personalizada-phb75;10502318;;BOTELLA DE AGUA PERSONALIZADA PHB75;https://www.personalizadoshosteleria.com/p10502318-botella-de-agua-personalizada-phb75.html;/media/products/botella-de-agua-personalizada-phb75/01_botella-de-agua-personalizada-75-cl-1673095321-jpg.thumb | /media/products/botella-de-agua-personalizada-phb75/02_botella-agua-phb100-1673020013-jpg.thumb | /media/products/botella-de-agua-personalizada-phb75/03_calidad-grabado-1673020246-jpg.thumb | /media/products/botella-de-agua-personalizada-phb75/04_botella-de-agua-personalizada-33-cl-1673095315-jpg.thumb | /media/products/botella-de-agua-personalizada-phb75/05_logo.jpg | /media/products/botella-de-agua-personalizada-phb75/06_presupuestos-1692439054-x128-f-gb.jpg | /media/products/botella-de-agua-personalizada-phb75/07_mod-ph-42-1663147591.png | /media/products/botella-de-agua-personalizada-phb75/08_mod-ph44-61-cl-1663147591.png | /media/products/botella-de-agua-personalizada-phb75/09_canguro-airlaid-con-qr-1663147591.png | /media/products/botella-de-agua-personalizada-phb75/10_img-20200128-123820-1663171355.jpg | /media/products/botella-de-agua-personalizada-phb75/11_aqui-su-publicidad-1-1670758718.png | /media/products/botella-de-agua-personalizada-phb75/12_servilleta-canguro-personalizada-eco-1679684414.png | /media/products/botella-de-agua-personalizada-phb75/13_mod-57-1689071732.png | /media/products/botella-de-agua-personalizada-phb75/14_compra-1-1612367413-x128-f-gb.jpg | /media/products/botella-de-agua-personalizada-phb75/15_optima-1609073646-x128-f-gb.png | /media/products/botella-de-agua-personalizada-phb75/16_deja-tu-impresion-de-compra-aqui-queremos-saber-si.png | /media/products/botella-de-agua-personalizada-phb75/17_camion-phcom-1610453500-x128-f-gb.png | /media/products/botella-de-agua-personalizada-phb75/18_blank.png | /media/products/botella-de-agua-personalizada-phb75/26_transparent.png | /media/products/botella-de-agua-personalizada-phb75/29_botella-de-agua-personalizada-75-cl-1673095321.jpg | /media/products/botella-de-agua-personalizada-phb75/34_1-1607938683-png.thumb;2026-02-18T11:49:46.712450;;;;;;;
/cristaleria-personalizada/;/vasos-combinados-botellas-cava/;copa-brandy-o-cognac-magnum-130-cl-grabada-con-tu-logo;7318037;;COPA BRANDY O COGNAC MAGNUM 130 CL. GRABADA CON TU LOGO;https://www.personalizadoshosteleria.com/p7318037-copa-brandy-o-cognac-magnum-130-cl-grabada-con-tu-logo.html;/media/products/copa-brandy-o-cognac-magnum-130-cl-grabada-con-tu-logo/01_magnum-130-1580490498-png.thumb | /media/products/copa-brandy-o-cognac-magnum-130-cl-grabada-con-tu-logo/02_copas-brandy-y-cognac-1580491075-jpg.thumb | /media/products/copa-brandy-o-cognac-magnum-130-cl-grabada-con-tu-logo/03_calidad-cristal-perssonalizados-hosteleria-1610989.thumb | /media/products/copa-brandy-o-cognac-magnum-130-cl-grabada-con-tu-logo/04_logo.jpg | /media/products/copa-brandy-o-cognac-magnum-130-cl-grabada-con-tu-logo/05_presupuestos-1692439054-x128-f-gb.jpg | /media/products/copa-brandy-o-cognac-magnum-130-cl-grabada-con-tu-logo/06_mod-ph-42-1663147591.png | /media/products/copa-brandy-o-cognac-magnum-130-cl-grabada-con-tu-logo/07_mod-ph44-61-cl-1663147591.png | /media/products/copa-brandy-o-cognac-magnum-130-cl-grabada-con-tu-logo/08_canguro-airlaid-con-qr-1663147591.png | /media/products/copa-brandy-o-cognac-magnum-130-cl-grabada-con-tu-logo/09_img-20200128-123820-1663171355.jpg | /media/products/copa-brandy-o-cognac-magnum-130-cl-grabada-con-tu-logo/10_aqui-su-publicidad-1-1670758718.png | /media/products/copa-brandy-o-cognac-magnum-130-cl-grabada-con-tu-logo/11_servilleta-canguro-personalizada-eco-1679684414.png | /media/products/copa-brandy-o-cognac-magnum-130-cl-grabada-con-tu-logo/12_mod-57-1689071732.png | /media/products/copa-brandy-o-cognac-magnum-130-cl-grabada-con-tu-logo/13_compra-1-1612367413-x128-f-gb.jpg | /media/products/copa-brandy-o-cognac-magnum-130-cl-grabada-con-tu-logo/14_optima-1609073646-x128-f-gb.png | /media/products/copa-brandy-o-cognac-magnum-130-cl-grabada-con-tu-logo/15_deja-tu-impresion-de-compra-aqui-queremos-saber-si.png | /media/products/copa-brandy-o-cognac-magnum-130-cl-grabada-con-tu-logo/16_camion-phcom-1610453500-x128-f-gb.png | /media/products/copa-brandy-o-cognac-magnum-130-cl-grabada-con-tu-logo/17_blank.png | /media/products/copa-brandy-o-cognac-magnum-130-cl-grabada-con-tu-logo/25_transparent.png | /media/products/copa-brandy-o-cognac-magnum-130-cl-grabada-con-tu-logo/28_magnum-130-1580490498.png | /media/products/copa-brandy-o-cognac-magnum-130-cl-grabada-con-tu-logo/32_facebook-4.png | /media/products/copa-brandy-o-cognac-magnum-130-cl-grabada-con-tu-logo/33_instagram-4.png;2026-02-18T11:49:01.910589;;;;;;;
/cristaleria-personalizada/;/vasos-combinados-botellas-cava/;copa-cava-vina-19-cl-grabada-con-tu-logo-o-el-de-un-evento;7373943;;COPA CHAMPAGNE PERSONALIZADA. VINA;https://www.personalizadoshosteleria.com/p7373943-copa-cava-vina-19-cl-grabada-con-tu-logo-o-el-de-un-evento.html;/media/products/copa-cava-vina-19-cl-grabada-con-tu-logo-o-el-de-un-evento/01_vina-1607420469-jpg.thumb | /media/products/copa-cava-vina-19-cl-grabada-con-tu-logo-o-el-de-un-evento/02_copia-de-vina-1607420473-jpg.thumb | /media/products/copa-cava-vina-19-cl-grabada-con-tu-logo-o-el-de-un-evento/03_calidad-cristal-perssonalizados-hosteleria-1610979.thumb | /media/products/copa-cava-vina-19-cl-grabada-con-tu-logo-o-el-de-un-evento/04_logo.jpg | /media/products/copa-cava-vina-19-cl-grabada-con-tu-logo-o-el-de-un-evento/05_presupuestos-1692439054-x128-f-gb.jpg | /media/products/copa-cava-vina-19-cl-grabada-con-tu-logo-o-el-de-un-evento/06_mod-ph-42-1663147591.png | /media/products/copa-cava-vina-19-cl-grabada-con-tu-logo-o-el-de-un-evento/07_mod-ph44-61-cl-1663147591.png | /media/products/copa-cava-vina-19-cl-grabada-con-tu-logo-o-el-de-un-evento/08_canguro-airlaid-con-qr-1663147591.png | /media/products/copa-cava-vina-19-cl-grabada-con-tu-logo-o-el-de-un-evento/09_img-20200128-123820-1663171355.jpg | /media/products/copa-cava-vina-19-cl-grabada-con-tu-logo-o-el-de-un-evento/10_aqui-su-publicidad-1-1670758718.png | /media/products/copa-cava-vina-19-cl-grabada-con-tu-logo-o-el-de-un-evento/11_servilleta-canguro-personalizada-eco-1679684414.png | /media/products/copa-cava-vina-19-cl-grabada-con-tu-logo-o-el-de-un-evento/12_mod-57-1689071732.png | /media/products/copa-cava-vina-19-cl-grabada-con-tu-logo-o-el-de-un-evento/13_compra-1-1612367413-x128-f-gb.jpg | /media/products/copa-cava-vina-19-cl-grabada-con-tu-logo-o-el-de-un-evento/14_optima-1609073646-x128-f-gb.png | /media/products/copa-cava-vina-19-cl-grabada-con-tu-logo-o-el-de-un-evento/15_deja-tu-impresion-de-compra-aqui-queremos-saber-si.png | /media/products/copa-cava-vina-19-cl-grabada-con-tu-logo-o-el-de-un-evento/16_camion-phcom-1610453500-x128-f-gb.png | /media/products/copa-cava-vina-19-cl-grabada-con-tu-logo-o-el-de-un-evento/17_blank.png | /media/products/copa-cava-vina-19-cl-grabada-con-tu-logo-o-el-de-un-evento/25_transparent.png | /media/products/copa-cava-vina-19-cl-grabada-con-tu-logo-o-el-de-un-evento/28_vina-1607420469.jpg | /media/products/copa-cava-vina-19-cl-grabada-con-tu-logo-o-el-de-un-evento/32_facebook-4.png | /media/products/copa-cava-vina-19-cl-grabada-con-tu-logo-o-el-de-un-evento/33_instagram-4.png;2026-02-18T11:48:28.352541;;;;;;;
/cristaleria-personalizada/;/vasos-combinados-botellas-cava/;copa-champagne-cava-cueva;7317860;;COPA CHAMPAGNE PERSONALIZADA. CLASSIC;https://www.personalizadoshosteleria.com/p7317860-copa-champagne-cava-cueva.html;/media/products/copa-champagne-cava-cueva/01_classic-1607418433-jpg.thumb | /media/products/copa-champagne-cava-cueva/02_classic-1-1607418627-jpg.thumb | /media/products/copa-champagne-cava-cueva/03_calidad-cristal-perssonalizados-hosteleria-1611394.thumb | /media/products/copa-champagne-cava-cueva/04_logo.jpg | /media/products/copa-champagne-cava-cueva/05_presupuestos-1692439054-x128-f-gb.jpg | /media/products/copa-champagne-cava-cueva/06_mod-ph-42-1663147591.png | /media/products/copa-champagne-cava-cueva/07_mod-ph44-61-cl-1663147591.png | /media/products/copa-champagne-cava-cueva/08_canguro-airlaid-con-qr-1663147591.png | /media/products/copa-champagne-cava-cueva/09_img-20200128-123820-1663171355.jpg | /media/products/copa-champagne-cava-cueva/10_aqui-su-publicidad-1-1670758718.png | /media/products/copa-champagne-cava-cueva/11_servilleta-canguro-personalizada-eco-1679684414.png | /media/products/copa-champagne-cava-cueva/12_mod-57-1689071732.png | /media/products/copa-champagne-cava-cueva/13_compra-1-1612367413-x128-f-gb.jpg | /media/products/copa-champagne-cava-cueva/14_optima-1609073646-x128-f-gb.png | /media/products/copa-champagne-cava-cueva/15_deja-tu-impresion-de-compra-aqui-queremos-saber-si.png | /media/products/copa-champagne-cava-cueva/16_camion-phcom-1610453500-x128-f-gb.png | /media/products/copa-champagne-cava-cueva/17_blank.png | /media/products/copa-champagne-cava-cueva/25_transparent.png | /media/products/copa-champagne-cava-cueva/28_classic-1607418433.jpg | /media/products/copa-champagne-cava-cueva/32_facebook-4.png | /media/products/copa-champagne-cava-cueva/33_instagram-4.png;2026-02-18T11:48:25.766268;;;;;;;
/cristaleria-personalizada/;/vasos-combinados-botellas-cava/;copa-champagne-personalizada-allegra;8165721;;COPA CHAMPAGNE PERSONALIZADA. ALLEGRA;https://www.personalizadoshosteleria.com/p8165721-copa-champagne-personalizada-allegra.html;/media/products/copa-champagne-personalizada-allegra/01_copa-cava-personalizada-allegra-1610534082-png.thumb | /media/products/copa-champagne-personalizada-allegra/02_copa-champagne-personalizada-allegra-1610534085-pn.thumb | /media/products/copa-champagne-personalizada-allegra/03_allegra-1-1607609584-jpg.thumb | /media/products/copa-champagne-personalizada-allegra/04_calidad-cristal-perssonalizados-hosteleria-1610911.thumb | /media/products/copa-champagne-personalizada-allegra/05_logo.jpg | /media/products/copa-champagne-personalizada-allegra/06_presupuestos-1692439054-x128-f-gb.jpg | /media/products/copa-champagne-personalizada-allegra/07_mod-ph-42-1663147591.png | /media/products/copa-champagne-personalizada-allegra/08_mod-ph44-61-cl-1663147591.png | /media/products/copa-champagne-personalizada-allegra/09_canguro-airlaid-con-qr-1663147591.png | /media/products/copa-champagne-personalizada-allegra/10_img-20200128-123820-1663171355.jpg | /media/products/copa-champagne-personalizada-allegra/11_aqui-su-publicidad-1-1670758718.png | /media/products/copa-champagne-personalizada-allegra/12_servilleta-canguro-personalizada-eco-1679684414.png | /media/products/copa-champagne-personalizada-allegra/13_mod-57-1689071732.png | /media/products/copa-champagne-personalizada-allegra/14_compra-1-1612367413-x128-f-gb.jpg | /media/products/copa-champagne-personalizada-allegra/15_optima-1609073646-x128-f-gb.png | /media/products/copa-champagne-personalizada-allegra/16_deja-tu-impresion-de-compra-aqui-queremos-saber-si.png | /media/products/copa-champagne-personalizada-allegra/17_camion-phcom-1610453500-x128-f-gb.png | /media/products/copa-champagne-personalizada-allegra/18_blank.png | /media/products/copa-champagne-personalizada-allegra/26_transparent.png | /media/products/copa-champagne-personalizada-allegra/29_copa-cava-personalizada-allegra-1610534082.png | /media/products/copa-champagne-personalizada-allegra/34_ph-com62-personalizacion-1692433999-jpg.thumb;2026-02-18T11:48:40.852741;;;;;;;
/cristaleria-personalizada/;/vasos-combinados-botellas-cava/;copa-champagne-personalizada-aurum;8165665;;COPA CHAMPAGNE PERSONALIZADA. AURUM;https://www.personalizadoshosteleria.com/p8165665-copa-champagne-personalizada-aurum.html;/media/products/copa-champagne-personalizada-aurum/01_copa-champagne-personalizada-aurum-1610957068-jpg.thumb | /media/products/copa-champagne-personalizada-aurum/02_copa-cava-personalizada-aurum-medidas-1610957075-j.thumb | /media/products/copa-champagne-personalizada-aurum/03_calidad-cristal-perssonalizados-hosteleria-1610956.thumb | /media/products/copa-champagne-personalizada-aurum/04_logo.jpg | /media/products/copa-champagne-personalizada-aurum/05_presupuestos-1692439054-x128-f-gb.jpg | /media/products/copa-champagne-personalizada-aurum/06_mod-ph-42-1663147591.png | /media/products/copa-champagne-personalizada-aurum/07_mod-ph44-61-cl-1663147591.png | /media/products/copa-champagne-personalizada-aurum/08_canguro-airlaid-con-qr-1663147591.png | /media/products/copa-champagne-personalizada-aurum/09_img-20200128-123820-1663171355.jpg | /media/products/copa-champagne-personalizada-aurum/10_aqui-su-publicidad-1-1670758718.png | /media/products/copa-champagne-personalizada-aurum/11_servilleta-canguro-personalizada-eco-1679684414.png | /media/products/copa-champagne-personalizada-aurum/12_mod-57-1689071732.png | /media/products/copa-champagne-personalizada-aurum/13_compra-1-1612367413-x128-f-gb.jpg | /media/products/copa-champagne-personalizada-aurum/14_optima-1609073646-x128-f-gb.png | /media/products/copa-champagne-personalizada-aurum/15_deja-tu-impresion-de-compra-aqui-queremos-saber-si.png | /media/products/copa-champagne-personalizada-aurum/16_camion-phcom-1610453500-x128-f-gb.png | /media/products/copa-champagne-personalizada-aurum/17_blank.png | /media/products/copa-champagne-personalizada-aurum/25_transparent.png | /media/products/copa-champagne-personalizada-aurum/28_copa-champagne-personalizada-aurum-1610957068.jpg | /media/products/copa-champagne-personalizada-aurum/32_classic-1607418433-jpg.thumb | /media/products/copa-champagne-personalizada-aurum/33_supreme-1606637412-jpg.thumb;2026-02-18T11:48:38.244837;;;;;;;
/cristaleria-personalizada/;/vasos-combinados-botellas-cava/;copa-champagne-personalizada-kalix;8154118;;COPA CHAMPAGNE PERSONALIZADA, KALIX;https://www.personalizadoshosteleria.com/p8154118-copa-champagne-personalizada-kalix.html;/media/products/copa-champagne-personalizada-kalix/01_copa-champagne-personalizada-kalix-1610957690-jpg.thumb | /media/products/copa-champagne-personalizada-kalix/02_copa-cava-personalizada-kalix-medidas-1610957690-j.thumb | /media/products/copa-champagne-personalizada-kalix/03_calidad-cristal-perssonalizados-hosteleria-1610957.thumb | /media/products/copa-champagne-personalizada-kalix/04_copa-cava-personalizada-kalix-1610957690-jpg.thumb | /media/products/copa-champagne-personalizada-kalix/05_logo.jpg | /media/products/copa-champagne-personalizada-kalix/06_presupuestos-1692439054-x128-f-gb.jpg | /media/products/copa-champagne-personalizada-kalix/07_mod-ph-42-1663147591.png | /media/products/copa-champagne-personalizada-kalix/08_mod-ph44-61-cl-1663147591.png | /media/products/copa-champagne-personalizada-kalix/09_canguro-airlaid-con-qr-1663147591.png | /media/products/copa-champagne-personalizada-kalix/10_img-20200128-123820-1663171355.jpg | /media/products/copa-champagne-personalizada-kalix/11_aqui-su-publicidad-1-1670758718.png | /media/products/copa-champagne-personalizada-kalix/12_servilleta-canguro-personalizada-eco-1679684414.png | /media/products/copa-champagne-personalizada-kalix/13_mod-57-1689071732.png | /media/products/copa-champagne-personalizada-kalix/14_compra-1-1612367413-x128-f-gb.jpg | /media/products/copa-champagne-personalizada-kalix/15_optima-1609073646-x128-f-gb.png | /media/products/copa-champagne-personalizada-kalix/16_deja-tu-impresion-de-compra-aqui-queremos-saber-si.png | /media/products/copa-champagne-personalizada-kalix/17_camion-phcom-1610453500-x128-f-gb.png | /media/products/copa-champagne-personalizada-kalix/18_blank.png | /media/products/copa-champagne-personalizada-kalix/26_transparent.png | /media/products/copa-champagne-personalizada-kalix/29_copa-champagne-personalizada-kalix-1610957690.jpg | /media/products/copa-champagne-personalizada-kalix/34_personalizacion-miniservice-1698137093-jpg.thumb;2026-02-18T11:48:35.673337;;;;;;;
/cristaleria-personalizada/;/vasos-combinados-botellas-cava/;copa-champagne-personalizada-montecarlo;8166437;;COPA CHAMPAGNE PERSONALIZADA. Montecarlo;https://www.personalizadoshosteleria.com/p8166437-copa-champagne-personalizada-montecarlo.html;/media/products/copa-champagne-personalizada-montecarlo/01_copa-champagne-personalizada-montecarlo-22-5-16108.thumb | /media/products/copa-champagne-personalizada-montecarlo/02_copa-cava-personalizada-montecarlo-22-5-1610889674.thumb | /media/products/copa-champagne-personalizada-montecarlo/03_calidad-cristal-perssonalizados-hosteleria-1610889.thumb | /media/products/copa-champagne-personalizada-montecarlo/04_logo.jpg | /media/products/copa-champagne-personalizada-montecarlo/05_presupuestos-1692439054-x128-f-gb.jpg | /media/products/copa-champagne-personalizada-montecarlo/06_mod-ph-42-1663147591.png | /media/products/copa-champagne-personalizada-montecarlo/07_mod-ph44-61-cl-1663147591.png | /media/products/copa-champagne-personalizada-montecarlo/08_canguro-airlaid-con-qr-1663147591.png | /media/products/copa-champagne-personalizada-montecarlo/09_img-20200128-123820-1663171355.jpg | /media/products/copa-champagne-personalizada-montecarlo/10_aqui-su-publicidad-1-1670758718.png | /media/products/copa-champagne-personalizada-montecarlo/11_servilleta-canguro-personalizada-eco-1679684414.png | /media/products/copa-champagne-personalizada-montecarlo/12_mod-57-1689071732.png | /media/products/copa-champagne-personalizada-montecarlo/13_compra-1-1612367413-x128-f-gb.jpg | /media/products/copa-champagne-personalizada-montecarlo/14_optima-1609073646-x128-f-gb.png | /media/products/copa-champagne-personalizada-montecarlo/15_deja-tu-impresion-de-compra-aqui-queremos-saber-si.png | /media/products/copa-champagne-personalizada-montecarlo/16_camion-phcom-1610453500-x128-f-gb.png | /media/products/copa-champagne-personalizada-montecarlo/17_blank.png | /media/products/copa-champagne-personalizada-montecarlo/25_transparent.png | /media/products/copa-champagne-personalizada-montecarlo/28_copa-champagne-personalizada-montecarlo-22-5-16108.jpg | /media/products/copa-champagne-personalizada-montecarlo/32_magnum-130-1580490498-png.thumb | /media/products/copa-champagne-personalizada-montecarlo/33_capricon-fond-1606741339-jpg.thumb;2026-02-18T11:48:45.979327;;;;;;;
/cristaleria-personalizada/;/vasos-combinados-botellas-cava/;copa-champagne-personalizada-refine;8166114;;COPA CHAMPAGNE PERSONALIZADA. REFINE;https://www.personalizadoshosteleria.com/p8166114-copa-champagne-personalizada-refine.html;/media/products/copa-champagne-personalizada-refine/01_copa-champagne-personalizada-refine-20-1610911381-.thumb | /media/products/copa-champagne-personalizada-refine/02_copa-champagne-personalizada-refine-20-medidas-161.thumb | /media/products/copa-champagne-personalizada-refine/03_calidad-cristal-perssonalizados-hosteleria-1610911.thumb | /media/products/copa-champagne-personalizada-refine/04_logo.jpg | /media/products/copa-champagne-personalizada-refine/05_presupuestos-1692439054-x128-f-gb.jpg | /media/products/copa-champagne-personalizada-refine/06_mod-ph-42-1663147591.png | /media/products/copa-champagne-personalizada-refine/07_mod-ph44-61-cl-1663147591.png | /media/products/copa-champagne-personalizada-refine/08_canguro-airlaid-con-qr-1663147591.png | /media/products/copa-champagne-personalizada-refine/09_img-20200128-123820-1663171355.jpg | /media/products/copa-champagne-personalizada-refine/10_aqui-su-publicidad-1-1670758718.png | /media/products/copa-champagne-personalizada-refine/11_servilleta-canguro-personalizada-eco-1679684414.png | /media/products/copa-champagne-personalizada-refine/12_mod-57-1689071732.png | /media/products/copa-champagne-personalizada-refine/13_compra-1-1612367413-x128-f-gb.jpg | /media/products/copa-champagne-personalizada-refine/14_optima-1609073646-x128-f-gb.png | /media/products/copa-champagne-personalizada-refine/15_deja-tu-impresion-de-compra-aqui-queremos-saber-si.png | /media/products/copa-champagne-personalizada-refine/16_camion-phcom-1610453500-x128-f-gb.png | /media/products/copa-champagne-personalizada-refine/17_blank.png | /media/products/copa-champagne-personalizada-refine/25_transparent.png | /media/products/copa-champagne-personalizada-refine/28_copa-champagne-personalizada-refine-20-1610911381.jpg | /media/products/copa-champagne-personalizada-refine/32_jarra-de-cerveza-personalizada-amberes-1610737582-.thumb | /media/products/copa-champagne-personalizada-refine/33_supreme-1606637412-jpg.thumb;2026-02-18T11:48:43.475136;;;;;;;
/cristaleria-personalizada/;/vasos-combinados-botellas-cava/;copa-champagne-personalizada-subirats;8153634;;COPA CHAMPAGNE PERSONALIZADA. SUBIRATS;https://www.personalizadoshosteleria.com/p8153634-copa-champagne-personalizada-subirats.html;/media/products/copa-champagne-personalizada-subirats/01_copa-de-champagne-personalizada-subirat-1610958147.thumb | /media/products/copa-champagne-personalizada-subirats/02_copa-de-cava-personalizada-subirat-1610958147-jpg.thumb | /media/products/copa-champagne-personalizada-subirats/03_calidad-cristal-perssonalizados-hosteleria-1610958.thumb | /media/products/copa-champagne-personalizada-subirats/04_logo.jpg | /media/products/copa-champagne-personalizada-subirats/05_presupuestos-1692439054-x128-f-gb.jpg | /media/products/copa-champagne-personalizada-subirats/06_mod-ph-42-1663147591.png | /media/products/copa-champagne-personalizada-subirats/07_mod-ph44-61-cl-1663147591.png | /media/products/copa-champagne-personalizada-subirats/08_canguro-airlaid-con-qr-1663147591.png | /media/products/copa-champagne-personalizada-subirats/09_img-20200128-123820-1663171355.jpg | /media/products/copa-champagne-personalizada-subirats/10_aqui-su-publicidad-1-1670758718.png | /media/products/copa-champagne-personalizada-subirats/11_servilleta-canguro-personalizada-eco-1679684414.png | /media/products/copa-champagne-personalizada-subirats/12_mod-57-1689071732.png | /media/products/copa-champagne-personalizada-subirats/13_compra-1-1612367413-x128-f-gb.jpg | /media/products/copa-champagne-personalizada-subirats/14_optima-1609073646-x128-f-gb.png | /media/products/copa-champagne-personalizada-subirats/15_deja-tu-impresion-de-compra-aqui-queremos-saber-si.png | /media/products/copa-champagne-personalizada-subirats/16_camion-phcom-1610453500-x128-f-gb.png | /media/products/copa-champagne-personalizada-subirats/17_blank.png | /media/products/copa-champagne-personalizada-subirats/25_transparent.png | /media/products/copa-champagne-personalizada-subirats/28_copa-de-champagne-personalizada-subirat-1610958147.jpg | /media/products/copa-champagne-personalizada-subirats/32_principal-mencia-1606654630-jpg.thumb | /media/products/copa-champagne-personalizada-subirats/33_ph-com62-personalizacion-1692433999-jpg.thumb;2026-02-18T11:48:33.074487;;;;;;;
/cristaleria-personalizada/;/vasos-combinados-botellas-cava/;copa-champagne-personalizada-xarel;8153592;;COPA CHAMPAGNE PERSONALIZADA. XAREL;https://www.personalizadoshosteleria.com/p8153592-copa-champagne-personalizada-xarel.html;/media/products/copa-champagne-personalizada-xarel/01_copa-champagne-personalizada-xarel-1610958446-png.thumb | /media/products/copa-champagne-personalizada-xarel/02_copa-cava-personalizada-xarel-medidas-1610958446-p.thumb | /media/products/copa-champagne-personalizada-xarel/03_calidad-cristal-perssonalizados-hosteleria-1610958.thumb | /media/products/copa-champagne-personalizada-xarel/04_logo.jpg | /media/products/copa-champagne-personalizada-xarel/05_presupuestos-1692439054-x128-f-gb.jpg | /media/products/copa-champagne-personalizada-xarel/06_mod-ph-42-1663147591.png | /media/products/copa-champagne-personalizada-xarel/07_mod-ph44-61-cl-1663147591.png | /media/products/copa-champagne-personalizada-xarel/08_canguro-airlaid-con-qr-1663147591.png | /media/products/copa-champagne-personalizada-xarel/09_img-20200128-123820-1663171355.jpg | /media/products/copa-champagne-personalizada-xarel/10_aqui-su-publicidad-1-1670758718.png | /media/products/copa-champagne-personalizada-xarel/11_servilleta-canguro-personalizada-eco-1679684414.png | /media/products/copa-champagne-personalizada-xarel/12_mod-57-1689071732.png | /media/products/copa-champagne-personalizada-xarel/13_compra-1-1612367413-x128-f-gb.jpg | /media/products/copa-champagne-personalizada-xarel/14_optima-1609073646-x128-f-gb.png | /media/products/copa-champagne-personalizada-xarel/15_deja-tu-impresion-de-compra-aqui-queremos-saber-si.png | /media/products/copa-champagne-personalizada-xarel/16_camion-phcom-1610453500-x128-f-gb.png | /media/products/copa-champagne-personalizada-xarel/17_blank.png | /media/products/copa-champagne-personalizada-xarel/25_transparent.png | /media/products/copa-champagne-personalizada-xarel/28_copa-champagne-personalizada-xarel-1610958446.png | /media/products/copa-champagne-personalizada-xarel/32_1-1607938683-png.thumb | /media/products/copa-champagne-personalizada-xarel/33_capricon-fond-1606741339-jpg.thumb;2026-02-18T11:48:30.735527;;;;;;;
/cristaleria-personalizada/;/vasos-combinados-botellas-cava/;copa-combinado-grabada-cubata-pro-72;7800658;;COPA COMBINADO GRABADA. CUBATA PRO 72 cl;https://www.personalizadoshosteleria.com/p7800658-copa-combinado-grabada-cubata-pro-72.html;/media/products/copa-combinado-grabada-cubata-pro-72/01_cubata-pro-1607327059-jpg.thumb | /media/products/copa-combinado-grabada-cubata-pro-72/02_cubata-pro-72-1598171259-jpg.thumb | /media/products/copa-combinado-grabada-cubata-pro-72/03_calidad-cristal-perssonalizados-hosteleria-1611337.thumb | /media/products/copa-combinado-grabada-cubata-pro-72/04_logo.jpg | /media/products/copa-combinado-grabada-cubata-pro-72/05_presupuestos-1692439054-x128-f-gb.jpg | /media/products/copa-combinado-grabada-cubata-pro-72/06_mod-ph-42-1663147591.png | /media/products/copa-combinado-grabada-cubata-pro-72/07_mod-ph44-61-cl-1663147591.png | /media/products/copa-combinado-grabada-cubata-pro-72/08_canguro-airlaid-con-qr-1663147591.png | /media/products/copa-combinado-grabada-cubata-pro-72/09_img-20200128-123820-1663171355.jpg | /media/products/copa-combinado-grabada-cubata-pro-72/10_aqui-su-publicidad-1-1670758718.png | /media/products/copa-combinado-grabada-cubata-pro-72/11_servilleta-canguro-personalizada-eco-1679684414.png | /media/products/copa-combinado-grabada-cubata-pro-72/12_mod-57-1689071732.png | /media/products/copa-combinado-grabada-cubata-pro-72/13_compra-1-1612367413-x128-f-gb.jpg | /media/products/copa-combinado-grabada-cubata-pro-72/14_optima-1609073646-x128-f-gb.png | /media/products/copa-combinado-grabada-cubata-pro-72/15_deja-tu-impresion-de-compra-aqui-queremos-saber-si.png | /media/products/copa-combinado-grabada-cubata-pro-72/16_camion-phcom-1610453500-x128-f-gb.png | /media/products/copa-combinado-grabada-cubata-pro-72/17_blank.png | /media/products/copa-combinado-grabada-cubata-pro-72/25_transparent.png | /media/products/copa-combinado-grabada-cubata-pro-72/28_cubata-pro-1607327059.jpg | /media/products/copa-combinado-grabada-cubata-pro-72/32_ph-com62-personalizacion-1692433999-jpg.thumb | /media/products/copa-combinado-grabada-cubata-pro-72/33_premium-1607328791-jpg.thumb;2026-02-18T11:47:59.876662;;;;;;;
/cristaleria-personalizada/;/vasos-combinados-botellas-cava/;copa-combinado-grabada-imperial-65;7937695;;COPA COMBINADO GRABADA. IMPERIAL 64,5 cl;https://www.personalizadoshosteleria.com/p7937695-copa-combinado-grabada-imperial-65.html;/media/products/copa-combinado-grabada-imperial-65/01_imperial1-1607329781-jpg.thumb | /media/products/copa-combinado-grabada-imperial-65/02_imperial-1602264959-jpg.thumb | /media/products/copa-combinado-grabada-imperial-65/03_calidad-cristal-perssonalizados-hosteleria-1611392.thumb | /media/products/copa-combinado-grabada-imperial-65/04_logo.jpg | /media/products/copa-combinado-grabada-imperial-65/05_presupuestos-1692439054-x128-f-gb.jpg | /media/products/copa-combinado-grabada-imperial-65/06_mod-ph-42-1663147591.png | /media/products/copa-combinado-grabada-imperial-65/07_mod-ph44-61-cl-1663147591.png | /media/products/copa-combinado-grabada-imperial-65/08_canguro-airlaid-con-qr-1663147591.png | /media/products/copa-combinado-grabada-imperial-65/09_img-20200128-123820-1663171355.jpg | /media/products/copa-combinado-grabada-imperial-65/10_aqui-su-publicidad-1-1670758718.png | /media/products/copa-combinado-grabada-imperial-65/11_servilleta-canguro-personalizada-eco-1679684414.png | /media/products/copa-combinado-grabada-imperial-65/12_mod-57-1689071732.png | /media/products/copa-combinado-grabada-imperial-65/13_compra-1-1612367413-x128-f-gb.jpg | /media/products/copa-combinado-grabada-imperial-65/14_optima-1609073646-x128-f-gb.png | /media/products/copa-combinado-grabada-imperial-65/15_deja-tu-impresion-de-compra-aqui-queremos-saber-si.png | /media/products/copa-combinado-grabada-imperial-65/16_camion-phcom-1610453500-x128-f-gb.png | /media/products/copa-combinado-grabada-imperial-65/17_blank.png | /media/products/copa-combinado-grabada-imperial-65/25_transparent.png | /media/products/copa-combinado-grabada-imperial-65/28_imperial1-1607329781.jpg | /media/products/copa-combinado-grabada-imperial-65/32_principe-1607691048-jpg.thumb | /media/products/copa-combinado-grabada-imperial-65/33_premium-1607328791-jpg.thumb;2026-02-18T11:47:57.336408;;;;;;;
/cristaleria-personalizada/;/vasos-combinados-botellas-cava/;copa-combinado-havana-62-cl;7721811;;COPA COMBINADO HAVANA 62 CL. GRABADA;https://www.personalizadoshosteleria.com/p7721811-copa-combinado-havana-62-cl.html;/media/products/copa-combinado-havana-62-cl/01_ph-com62-personalizacion-1692433999-jpg.thumb | /media/products/copa-combinado-havana-62-cl/02_mod-ph-com62-combinado-1692434008-jpg.thumb | /media/products/copa-combinado-havana-62-cl/03_ph-com62-color-1692434015-jpg.thumb | /media/products/copa-combinado-havana-62-cl/04_calidad-cristal-perssonalizados-hosteleria-1611337.thumb | /media/products/copa-combinado-havana-62-cl/05_logo.jpg | /media/products/copa-combinado-havana-62-cl/06_presupuestos-1692439054-x128-f-gb.jpg | /media/products/copa-combinado-havana-62-cl/07_mod-ph-42-1663147591.png | /media/products/copa-combinado-havana-62-cl/08_mod-ph44-61-cl-1663147591.png | /media/products/copa-combinado-havana-62-cl/09_canguro-airlaid-con-qr-1663147591.png | /media/products/copa-combinado-havana-62-cl/10_img-20200128-123820-1663171355.jpg | /media/products/copa-combinado-havana-62-cl/11_aqui-su-publicidad-1-1670758718.png | /media/products/copa-combinado-havana-62-cl/12_servilleta-canguro-personalizada-eco-1679684414.png | /media/products/copa-combinado-havana-62-cl/13_mod-57-1689071732.png | /media/products/copa-combinado-havana-62-cl/14_compra-1-1612367413-x128-f-gb.jpg | /media/products/copa-combinado-havana-62-cl/15_optima-1609073646-x128-f-gb.png | /media/products/copa-combinado-havana-62-cl/16_deja-tu-impresion-de-compra-aqui-queremos-saber-si.png | /media/products/copa-combinado-havana-62-cl/17_camion-phcom-1610453500-x128-f-gb.png | /media/products/copa-combinado-havana-62-cl/18_blank.png | /media/products/copa-combinado-havana-62-cl/26_transparent.png | /media/products/copa-combinado-havana-62-cl/29_ph-com62-personalizacion-1692433999.jpg | /media/products/copa-combinado-havana-62-cl/34_vina-1607420469-jpg.thumb;2026-02-18T11:48:07.330905;;;;;;;
/cristaleria-personalizada/;/vasos-combinados-botellas-cava/;copa-combinado-personalizada-master-62;8152396;;COPA COMBINADO PERSONALIZADA. MASTER 62 cl;https://www.personalizadoshosteleria.com/p8152396-copa-combinado-personalizada-master-62.html;/media/products/copa-combinado-personalizada-master-62/01_master-1607343275-jpg.thumb | /media/products/copa-combinado-personalizada-master-62/02_155-mm-1607343727-jpg.thumb | /media/products/copa-combinado-personalizada-master-62/03_master-1-1607344180-jpg.thumb | /media/products/copa-combinado-personalizada-master-62/04_calidad-cristal-perssonalizados-hosteleria-1611392.thumb | /media/products/copa-combinado-personalizada-master-62/05_logo.jpg | /media/products/copa-combinado-personalizada-master-62/06_presupuestos-1692439054-x128-f-gb.jpg | /media/products/copa-combinado-personalizada-master-62/07_mod-ph-42-1663147591.png | /media/products/copa-combinado-personalizada-master-62/08_mod-ph44-61-cl-1663147591.png | /media/products/copa-combinado-personalizada-master-62/09_canguro-airlaid-con-qr-1663147591.png | /media/products/copa-combinado-personalizada-master-62/10_img-20200128-123820-1663171355.jpg | /media/products/copa-combinado-personalizada-master-62/11_aqui-su-publicidad-1-1670758718.png | /media/products/copa-combinado-personalizada-master-62/12_servilleta-canguro-personalizada-eco-1679684414.png | /media/products/copa-combinado-personalizada-master-62/13_mod-57-1689071732.png | /media/products/copa-combinado-personalizada-master-62/14_compra-1-1612367413-x128-f-gb.jpg | /media/products/copa-combinado-personalizada-master-62/15_optima-1609073646-x128-f-gb.png | /media/products/copa-combinado-personalizada-master-62/16_deja-tu-impresion-de-compra-aqui-queremos-saber-si.png | /media/products/copa-combinado-personalizada-master-62/17_camion-phcom-1610453500-x128-f-gb.png | /media/products/copa-combinado-personalizada-master-62/18_blank.png | /media/products/copa-combinado-personalizada-master-62/26_transparent.png | /media/products/copa-combinado-personalizada-master-62/29_master-1607343275.jpg | /media/products/copa-combinado-personalizada-master-62/34_d-manuel-2-1607014824-jpg.thumb;2026-02-18T11:47:54.818152;;;;;;;
/cristaleria-personalizada/;/vasos-combinados-botellas-cava/;copa-combinado-premium-cocktail-76-cl-grabada-con-logo-a-laser-o-color;7721821;;COPA COMBINADO PREMIUM COCKTAIL 76 CL. GRABADA CON LOGO A LÁSER O COLOR;https://www.personalizadoshosteleria.com/p7721821-copa-combinado-premium-cocktail-76-cl-grabada-con-logo-a-laser-o-color.html;/media/products/copa-combinado-premium-cocktail-76-cl-grabada-con-logo-a-laser-o-color/01_premium-1607328791-jpg.thumb | /media/products/copa-combinado-premium-cocktail-76-cl-grabada-con-logo-a-laser-o-color/02_premium-cocktail-76-1593335306-png.thumb | /media/products/copa-combinado-premium-cocktail-76-cl-grabada-con-logo-a-laser-o-color/03_calidad-cristal-perssonalizados-hosteleria-1611391.thumb | /media/products/copa-combinado-premium-cocktail-76-cl-grabada-con-logo-a-laser-o-color/04_logo.jpg | /media/products/copa-combinado-premium-cocktail-76-cl-grabada-con-logo-a-laser-o-color/05_presupuestos-1692439054-x128-f-gb.jpg | /media/products/copa-combinado-premium-cocktail-76-cl-grabada-con-logo-a-laser-o-color/06_mod-ph-42-1663147591.png | /media/products/copa-combinado-premium-cocktail-76-cl-grabada-con-logo-a-laser-o-color/07_mod-ph44-61-cl-1663147591.png | /media/products/copa-combinado-premium-cocktail-76-cl-grabada-con-logo-a-laser-o-color/08_canguro-airlaid-con-qr-1663147591.png | /media/products/copa-combinado-premium-cocktail-76-cl-grabada-con-logo-a-laser-o-color/09_img-20200128-123820-1663171355.jpg | /media/products/copa-combinado-premium-cocktail-76-cl-grabada-con-logo-a-laser-o-color/10_aqui-su-publicidad-1-1670758718.png | /media/products/copa-combinado-premium-cocktail-76-cl-grabada-con-logo-a-laser-o-color/11_servilleta-canguro-personalizada-eco-1679684414.png | /media/products/copa-combinado-premium-cocktail-76-cl-grabada-con-logo-a-laser-o-color/12_mod-57-1689071732.png | /media/products/copa-combinado-premium-cocktail-76-cl-grabada-con-logo-a-laser-o-color/13_compra-1-1612367413-x128-f-gb.jpg | /media/products/copa-combinado-premium-cocktail-76-cl-grabada-con-logo-a-laser-o-color/14_optima-1609073646-x128-f-gb.png | /media/products/copa-combinado-premium-cocktail-76-cl-grabada-con-logo-a-laser-o-color/15_deja-tu-impresion-de-compra-aqui-queremos-saber-si.png | /media/products/copa-combinado-premium-cocktail-76-cl-grabada-con-logo-a-laser-o-color/16_camion-phcom-1610453500-x128-f-gb.png | /media/products/copa-combinado-premium-cocktail-76-cl-grabada-con-logo-a-laser-o-color/17_blank.png | /media/products/copa-combinado-premium-cocktail-76-cl-grabada-con-logo-a-laser-o-color/25_transparent.png | /media/products/copa-combinado-premium-cocktail-76-cl-grabada-con-logo-a-laser-o-color/28_premium-1607328791.jpg | /media/products/copa-combinado-premium-cocktail-76-cl-grabada-con-logo-a-laser-o-color/32_classic-1607418433-jpg.thumb | /media/products/copa-combinado-premium-cocktail-76-cl-grabada-con-logo-a-laser-o-color/33_palladio1-1606667783-jpg.thumb;2026-02-18T11:48:04.751886;;;;;;;
/cristaleria-personalizada/;/vasos-combinados-botellas-cava/;copa-combinados-personalizada-enoteca-63;8152829;;COPA GIN TONIC PERSONALIZADA. ENOTECA 63 cl;https://www.personalizadoshosteleria.com/p8152829-copa-combinados-personalizada-enoteca-63.html;/media/products/copa-combinados-personalizada-enoteca-63/01_copa-gin-tonic-personalizada-enoteca-63-1610960197.thumb | /media/products/copa-combinados-personalizada-enoteca-63/02_enoteca-1-1607371382-png.thumb | /media/products/copa-combinados-personalizada-enoteca-63/03_enoteca-1609671803-png.thumb | /media/products/copa-combinados-personalizada-enoteca-63/04_calidad-cristal-perssonalizados-hosteleria-1610958.thumb | /media/products/copa-combinados-personalizada-enoteca-63/05_logo.jpg | /media/products/copa-combinados-personalizada-enoteca-63/06_presupuestos-1692439054-x128-f-gb.jpg | /media/products/copa-combinados-personalizada-enoteca-63/07_mod-ph-42-1663147591.png | /media/products/copa-combinados-personalizada-enoteca-63/08_mod-ph44-61-cl-1663147591.png | /media/products/copa-combinados-personalizada-enoteca-63/09_canguro-airlaid-con-qr-1663147591.png | /media/products/copa-combinados-personalizada-enoteca-63/10_img-20200128-123820-1663171355.jpg | /media/products/copa-combinados-personalizada-enoteca-63/11_aqui-su-publicidad-1-1670758718.png | /media/products/copa-combinados-personalizada-enoteca-63/12_servilleta-canguro-personalizada-eco-1679684414.png | /media/products/copa-combinados-personalizada-enoteca-63/13_mod-57-1689071732.png | /media/products/copa-combinados-personalizada-enoteca-63/14_compra-1-1612367413-x128-f-gb.jpg | /media/products/copa-combinados-personalizada-enoteca-63/15_optima-1609073646-x128-f-gb.png | /media/products/copa-combinados-personalizada-enoteca-63/16_deja-tu-impresion-de-compra-aqui-queremos-saber-si.png | /media/products/copa-combinados-personalizada-enoteca-63/17_camion-phcom-1610453500-x128-f-gb.png | /media/products/copa-combinados-personalizada-enoteca-63/18_blank.png | /media/products/copa-combinados-personalizada-enoteca-63/26_transparent.png | /media/products/copa-combinados-personalizada-enoteca-63/29_copa-gin-tonic-personalizada-enoteca-63-1610960197.png | /media/products/copa-combinados-personalizada-enoteca-63/34_principe-1607691048-jpg.thumb;2026-02-18T11:47:49.826502;;;;;;;
/cristaleria-personalizada/;/vasos-combinados-botellas-cava/;copa-combinados-personalizada-enoteca-78;8152453;;COPA COMBINADOS PERSONALIZADA. ENOTECA 78 cl;https://www.personalizadoshosteleria.com/p8152453-copa-combinados-personalizada-enoteca-78.html;/media/products/copa-combinados-personalizada-enoteca-78/01_copa-combinados-personalizada-enoteca-78-161096022.thumb | /media/products/copa-combinados-personalizada-enoteca-78/02_78-cl-1609671923-png.thumb | /media/products/copa-combinados-personalizada-enoteca-78/03_enoteca-1607345768-png.thumb | /media/products/copa-combinados-personalizada-enoteca-78/04_calidad-cristal-perssonalizados-hosteleria-1610960.thumb | /media/products/copa-combinados-personalizada-enoteca-78/05_logo.jpg | /media/products/copa-combinados-personalizada-enoteca-78/06_presupuestos-1692439054-x128-f-gb.jpg | /media/products/copa-combinados-personalizada-enoteca-78/07_mod-ph-42-1663147591.png | /media/products/copa-combinados-personalizada-enoteca-78/08_mod-ph44-61-cl-1663147591.png | /media/products/copa-combinados-personalizada-enoteca-78/09_canguro-airlaid-con-qr-1663147591.png | /media/products/copa-combinados-personalizada-enoteca-78/10_img-20200128-123820-1663171355.jpg | /media/products/copa-combinados-personalizada-enoteca-78/11_aqui-su-publicidad-1-1670758718.png | /media/products/copa-combinados-personalizada-enoteca-78/12_servilleta-canguro-personalizada-eco-1679684414.png | /media/products/copa-combinados-personalizada-enoteca-78/13_mod-57-1689071732.png | /media/products/copa-combinados-personalizada-enoteca-78/14_compra-1-1612367413-x128-f-gb.jpg | /media/products/copa-combinados-personalizada-enoteca-78/15_optima-1609073646-x128-f-gb.png | /media/products/copa-combinados-personalizada-enoteca-78/16_deja-tu-impresion-de-compra-aqui-queremos-saber-si.png | /media/products/copa-combinados-personalizada-enoteca-78/17_camion-phcom-1610453500-x128-f-gb.png | /media/products/copa-combinados-personalizada-enoteca-78/18_blank.png | /media/products/copa-combinados-personalizada-enoteca-78/26_transparent.png | /media/products/copa-combinados-personalizada-enoteca-78/29_copa-combinados-personalizada-enoteca-78-161096022.png | /media/products/copa-combinados-personalizada-enoteca-78/34_taza-y-platillo-personalizado-easy-23-1611430048-j.thumb;2026-02-18T11:47:52.513620;;;;;;;
/cristaleria-personalizada/;/vasos-combinados-botellas-cava/;copa-cubata-pro-72-cl-s-grabada-con-tu-logo;7319521;;COPA CUBATA PRO 72 CL.S GRABADA CON TU LOGO;https://www.personalizadoshosteleria.com/p7319521-copa-cubata-pro-72-cl-s-grabada-con-tu-logo.html;/media/products/copa-cubata-pro-72-cl-s-grabada-con-tu-logo/01_cubata-pro4-1593709442-jpg.thumb | /media/products/copa-cubata-pro-72-cl-s-grabada-con-tu-logo/02_cubata-pro1-1593281089-png.thumb | /media/products/copa-cubata-pro-72-cl-s-grabada-con-tu-logo/03_cubata-pro2-1593709211-png.thumb | /media/products/copa-cubata-pro-72-cl-s-grabada-con-tu-logo/04_cubata-pro-1593281361-png.thumb | /media/products/copa-cubata-pro-72-cl-s-grabada-con-tu-logo/05_logo.jpg | /media/products/copa-cubata-pro-72-cl-s-grabada-con-tu-logo/06_presupuestos-1692439054-x128-f-gb.jpg | /media/products/copa-cubata-pro-72-cl-s-grabada-con-tu-logo/07_mod-ph-42-1663147591.png | /media/products/copa-cubata-pro-72-cl-s-grabada-con-tu-logo/08_mod-ph44-61-cl-1663147591.png | /media/products/copa-cubata-pro-72-cl-s-grabada-con-tu-logo/09_canguro-airlaid-con-qr-1663147591.png | /media/products/copa-cubata-pro-72-cl-s-grabada-con-tu-logo/10_img-20200128-123820-1663171355.jpg | /media/products/copa-cubata-pro-72-cl-s-grabada-con-tu-logo/11_aqui-su-publicidad-1-1670758718.png | /media/products/copa-cubata-pro-72-cl-s-grabada-con-tu-logo/12_servilleta-canguro-personalizada-eco-1679684414.png | /media/products/copa-cubata-pro-72-cl-s-grabada-con-tu-logo/13_mod-57-1689071732.png | /media/products/copa-cubata-pro-72-cl-s-grabada-con-tu-logo/14_compra-1-1612367413-x128-f-gb.jpg | /media/products/copa-cubata-pro-72-cl-s-grabada-con-tu-logo/15_optima-1609073646-x128-f-gb.png | /media/products/copa-cubata-pro-72-cl-s-grabada-con-tu-logo/16_deja-tu-impresion-de-compra-aqui-queremos-saber-si.png | /media/products/copa-cubata-pro-72-cl-s-grabada-con-tu-logo/17_camion-phcom-1610453500-x128-f-gb.png | /media/products/copa-cubata-pro-72-cl-s-grabada-con-tu-logo/18_blank.png | /media/products/copa-cubata-pro-72-cl-s-grabada-con-tu-logo/26_transparent.png | /media/products/copa-cubata-pro-72-cl-s-grabada-con-tu-logo/29_cubata-pro4-1593709442.jpg | /media/products/copa-cubata-pro-72-cl-s-grabada-con-tu-logo/34_nonic34lovehate-1599756134-jpg.thumb;2026-02-18T12:32:42.272180;;;;;;;
/cristaleria-personalizada/;/vasos-combinados-botellas-cava/;copa-gin-tonic-personalizada-allegra-49-cl;8225510;;COPA GIN TONIC PERSONALIZADA, ALLEGRA 49 cl.;https://www.personalizadoshosteleria.com/p8225510-copa-gin-tonic-personalizada-allegra-49-cl.html;/media/products/copa-gin-tonic-personalizada-allegra-49-cl/01_copa-gin-tonic-personalizada-allegra-1610885807-jp.thumb | /media/products/copa-gin-tonic-personalizada-allegra-49-cl/02_copa-gin-tonic-personalizada-allegra-medidas-16108.thumb | /media/products/copa-gin-tonic-personalizada-allegra-49-cl/03_copa-cerveza-allegra-personalizada-1610885761-png.thumb | /media/products/copa-gin-tonic-personalizada-allegra-49-cl/04_calidad-cristal-perssonalizados-hosteleria-1610885.thumb | /media/products/copa-gin-tonic-personalizada-allegra-49-cl/05_logo.jpg | /media/products/copa-gin-tonic-personalizada-allegra-49-cl/06_presupuestos-1692439054-x128-f-gb.jpg | /media/products/copa-gin-tonic-personalizada-allegra-49-cl/07_mod-ph-42-1663147591.png | /media/products/copa-gin-tonic-personalizada-allegra-49-cl/08_mod-ph44-61-cl-1663147591.png | /media/products/copa-gin-tonic-personalizada-allegra-49-cl/09_canguro-airlaid-con-qr-1663147591.png | /media/products/copa-gin-tonic-personalizada-allegra-49-cl/10_img-20200128-123820-1663171355.jpg | /media/products/copa-gin-tonic-personalizada-allegra-49-cl/11_aqui-su-publicidad-1-1670758718.png | /media/products/copa-gin-tonic-personalizada-allegra-49-cl/12_servilleta-canguro-personalizada-eco-1679684414.png | /media/products/copa-gin-tonic-personalizada-allegra-49-cl/13_mod-57-1689071732.png | /media/products/copa-gin-tonic-personalizada-allegra-49-cl/14_compra-1-1612367413-x128-f-gb.jpg | /media/products/copa-gin-tonic-personalizada-allegra-49-cl/15_optima-1609073646-x128-f-gb.png | /media/products/copa-gin-tonic-personalizada-allegra-49-cl/16_deja-tu-impresion-de-compra-aqui-queremos-saber-si.png | /media/products/copa-gin-tonic-personalizada-allegra-49-cl/17_camion-phcom-1610453500-x128-f-gb.png | /media/products/copa-gin-tonic-personalizada-allegra-49-cl/18_blank.png | /media/products/copa-gin-tonic-personalizada-allegra-49-cl/26_transparent.png | /media/products/copa-gin-tonic-personalizada-allegra-49-cl/29_copa-gin-tonic-personalizada-allegra-1610885807.jpg | /media/products/copa-gin-tonic-personalizada-allegra-49-cl/34_cabernete-1606642017-jpg.thumb;2026-02-18T09:36:23.551915;;;;;;;
/cristaleria-personalizada/;/vasos-combinados-botellas-cava/;copas-de-combinado-pasabace-grabadas-a-color;7734357;;COPAS DE COMBINADO PERSONALIZADA. AMBASSADOR 76 cl;https://www.personalizadoshosteleria.com/p7734357-copas-de-combinado-pasabace-grabadas-a-color.html;/media/products/copas-de-combinado-pasabace-grabadas-a-color/01_copas-gin-tonic-persoanalizadas-ambassador-1610889.thumb | /media/products/copas-de-combinado-pasabace-grabadas-a-color/02_copa-gin-tonic-personalizada-ambassador-1610889802.thumb | /media/products/copas-de-combinado-pasabace-grabadas-a-color/03_copa-combinados-personalizada-ambassador-76-161088.thumb | /media/products/copas-de-combinado-pasabace-grabadas-a-color/04_calidad-cristal-perssonalizados-hosteleria-1610889.thumb | /media/products/copas-de-combinado-pasabace-grabadas-a-color/05_logo.jpg | /media/products/copas-de-combinado-pasabace-grabadas-a-color/06_presupuestos-1692439054-x128-f-gb.jpg | /media/products/copas-de-combinado-pasabace-grabadas-a-color/07_mod-ph-42-1663147591.png | /media/products/copas-de-combinado-pasabace-grabadas-a-color/08_mod-ph44-61-cl-1663147591.png | /media/products/copas-de-combinado-pasabace-grabadas-a-color/09_canguro-airlaid-con-qr-1663147591.png | /media/products/copas-de-combinado-pasabace-grabadas-a-color/10_img-20200128-123820-1663171355.jpg | /media/products/copas-de-combinado-pasabace-grabadas-a-color/11_aqui-su-publicidad-1-1670758718.png | /media/products/copas-de-combinado-pasabace-grabadas-a-color/12_servilleta-canguro-personalizada-eco-1679684414.png | /media/products/copas-de-combinado-pasabace-grabadas-a-color/13_mod-57-1689071732.png | /media/products/copas-de-combinado-pasabace-grabadas-a-color/14_compra-1-1612367413-x128-f-gb.jpg | /media/products/copas-de-combinado-pasabace-grabadas-a-color/15_optima-1609073646-x128-f-gb.png | /media/products/copas-de-combinado-pasabace-grabadas-a-color/16_deja-tu-impresion-de-compra-aqui-queremos-saber-si.png | /media/products/copas-de-combinado-pasabace-grabadas-a-color/17_camion-phcom-1610453500-x128-f-gb.png | /media/products/copas-de-combinado-pasabace-grabadas-a-color/18_blank.png | /media/products/copas-de-combinado-pasabace-grabadas-a-color/26_transparent.png | /media/products/copas-de-combinado-pasabace-grabadas-a-color/29_copas-gin-tonic-persoanalizadas-ambassador-1610889.jpg | /media/products/copas-de-combinado-pasabace-grabadas-a-color/34_1-1607938683-png.thumb;2026-02-18T11:48:02.164337;;;;;;;
/cristaleria-personalizada/;/vasos-combinados-botellas-cava/;copas-de-combinado-personalizada-ambassador-54-5;8225473;;COPAS DE COMBINADO PERSONALIZADA. AMBASSADOR 54.5 cl;https://www.personalizadoshosteleria.com/p8225473-copas-de-combinado-personalizada-ambassador-54-5.html;/media/products/copas-de-combinado-personalizada-ambassador-54-5/01_ambasa-1609671227-jpg.thumb | /media/products/copas-de-combinado-personalizada-ambassador-54-5/02_2-1609671065-jpg.thumb | /media/products/copas-de-combinado-personalizada-ambassador-54-5/03_ambassador-4-1609671102-jpg.thumb | /media/products/copas-de-combinado-personalizada-ambassador-54-5/04_calidad-cristal-perssonalizados-hosteleria-1611392.thumb | /media/products/copas-de-combinado-personalizada-ambassador-54-5/05_logo.jpg | /media/products/copas-de-combinado-personalizada-ambassador-54-5/06_presupuestos-1692439054-x128-f-gb.jpg | /media/products/copas-de-combinado-personalizada-ambassador-54-5/07_mod-ph-42-1663147591.png | /media/products/copas-de-combinado-personalizada-ambassador-54-5/08_mod-ph44-61-cl-1663147591.png | /media/products/copas-de-combinado-personalizada-ambassador-54-5/09_canguro-airlaid-con-qr-1663147591.png | /media/products/copas-de-combinado-personalizada-ambassador-54-5/10_img-20200128-123820-1663171355.jpg | /media/products/copas-de-combinado-personalizada-ambassador-54-5/11_aqui-su-publicidad-1-1670758718.png | /media/products/copas-de-combinado-personalizada-ambassador-54-5/12_servilleta-canguro-personalizada-eco-1679684414.png | /media/products/copas-de-combinado-personalizada-ambassador-54-5/13_mod-57-1689071732.png | /media/products/copas-de-combinado-personalizada-ambassador-54-5/14_compra-1-1612367413-x128-f-gb.jpg | /media/products/copas-de-combinado-personalizada-ambassador-54-5/15_optima-1609073646-x128-f-gb.png | /media/products/copas-de-combinado-personalizada-ambassador-54-5/16_deja-tu-impresion-de-compra-aqui-queremos-saber-si.png | /media/products/copas-de-combinado-personalizada-ambassador-54-5/17_camion-phcom-1610453500-x128-f-gb.png | /media/products/copas-de-combinado-personalizada-ambassador-54-5/18_blank.png | /media/products/copas-de-combinado-personalizada-ambassador-54-5/26_transparent.png | /media/products/copas-de-combinado-personalizada-ambassador-54-5/29_ambasa-1609671227.jpg | /media/products/copas-de-combinado-personalizada-ambassador-54-5/34_3-1677231729-jpg.thumb;2026-02-18T11:47:44.490817;;;;;;;
/cristaleria-personalizada/;/vasos-combinados-botellas-cava/;vaso-combinados-personalizado-tin-can;8166540;;VASO COMBINADOS PERSONALIZADO. TIN CAN 35 cl;https://www.personalizadoshosteleria.com/p8166540-vaso-combinados-personalizado-tin-can.html;/media/products/vaso-combinados-personalizado-tin-can/01_1-1607631549-jpg.thumb | /media/products/vaso-combinados-personalizado-tin-can/02_calidad-cristal-perssonalizados-hosteleria-1611337.thumb | /media/products/vaso-combinados-personalizado-tin-can/03_compra-100-segura-1612367495-jpg.thumb | /media/products/vaso-combinados-personalizado-tin-can/04_logo.jpg | /media/products/vaso-combinados-personalizado-tin-can/05_presupuestos-1692439054-x128-f-gb.jpg | /media/products/vaso-combinados-personalizado-tin-can/06_mod-ph-42-1663147591.png | /media/products/vaso-combinados-personalizado-tin-can/07_mod-ph44-61-cl-1663147591.png | /media/products/vaso-combinados-personalizado-tin-can/08_canguro-airlaid-con-qr-1663147591.png | /media/products/vaso-combinados-personalizado-tin-can/09_img-20200128-123820-1663171355.jpg | /media/products/vaso-combinados-personalizado-tin-can/10_aqui-su-publicidad-1-1670758718.png | /media/products/vaso-combinados-personalizado-tin-can/11_servilleta-canguro-personalizada-eco-1679684414.png | /media/products/vaso-combinados-personalizado-tin-can/12_mod-57-1689071732.png | /media/products/vaso-combinados-personalizado-tin-can/13_compra-1-1612367413-x128-f-gb.jpg | /media/products/vaso-combinados-personalizado-tin-can/14_optima-1609073646-x128-f-gb.png | /media/products/vaso-combinados-personalizado-tin-can/15_deja-tu-impresion-de-compra-aqui-queremos-saber-si.png | /media/products/vaso-combinados-personalizado-tin-can/16_camion-phcom-1610453500-x128-f-gb.png | /media/products/vaso-combinados-personalizado-tin-can/17_blank.png | /media/products/vaso-combinados-personalizado-tin-can/25_transparent.png | /media/products/vaso-combinados-personalizado-tin-can/28_1-1607631549.jpg | /media/products/vaso-combinados-personalizado-tin-can/32_jarra-de-cerveza-personalizada-amberes-1610737582-.thumb | /media/products/vaso-combinados-personalizado-tin-can/33_krista-exalt-1593448377-png.thumb;2026-02-18T11:47:47.485811;;;;;;;
/cristaleria-personalizada/;/vasos-combinados-botellas-cava/;vaso-personalizado-cobalto;8168397;;VASO PERSONALIZADO. COBALTO;https://www.personalizadoshosteleria.com/p8168397-vaso-personalizado-cobalto.html;/media/products/vaso-personalizado-cobalto/01_1-1607673605-png.thumb | /media/products/vaso-personalizado-cobalto/02_2-1607673879-png.thumb | /media/products/vaso-personalizado-cobalto/03_logo.jpg | /media/products/vaso-personalizado-cobalto/04_presupuestos-1692439054-x128-f-gb.jpg | /media/products/vaso-personalizado-cobalto/05_mod-ph-42-1663147591.png | /media/products/vaso-personalizado-cobalto/06_mod-ph44-61-cl-1663147591.png | /media/products/vaso-personalizado-cobalto/07_canguro-airlaid-con-qr-1663147591.png | /media/products/vaso-personalizado-cobalto/08_img-20200128-123820-1663171355.jpg | /media/products/vaso-personalizado-cobalto/09_aqui-su-publicidad-1-1670758718.png | /media/products/vaso-personalizado-cobalto/10_servilleta-canguro-personalizada-eco-1679684414.png | /media/products/vaso-personalizado-cobalto/11_mod-57-1689071732.png | /media/products/vaso-personalizado-cobalto/12_compra-1-1612367413-x128-f-gb.jpg | /media/products/vaso-personalizado-cobalto/13_optima-1609073646-x128-f-gb.png | /media/products/vaso-personalizado-cobalto/14_deja-tu-impresion-de-compra-aqui-queremos-saber-si.png | /media/products/vaso-personalizado-cobalto/15_camion-phcom-1610453500-x128-f-gb.png | /media/products/vaso-personalizado-cobalto/16_blank.png | /media/products/vaso-personalizado-cobalto/24_transparent.png | /media/products/vaso-personalizado-cobalto/27_1-1607673605.png | /media/products/vaso-personalizado-cobalto/30_personalizacion-miniservice-1698137093-jpg.thumb | /media/products/vaso-personalizado-cobalto/31_cabernete-1606642017-jpg.thumb | /media/products/vaso-personalizado-cobalto/32_vaso-de-cerveza-personalizado-nonix-29-1612703110-.thumb;2026-02-18T12:02:13.763717;;;;;;;
/cristaleria-personalizada/;;grabado-de-copas-con-su-logo;7359483;;GRABADO DE COPAS CON SU LOGO;https://www.personalizadoshosteleria.com/p7359483-grabado-de-copas-con-su-logo.html;/media/products/grabado-de-copas-con-su-logo/01_grabado-de-copas-1583399918-jpg.thumb | /media/products/grabado-de-copas-con-su-logo/02_logo.jpg | /media/products/grabado-de-copas-con-su-logo/03_presupuestos-1692439054-x128-f-gb.jpg | /media/products/grabado-de-copas-con-su-logo/04_mod-ph-42-1663147591.png | /media/products/grabado-de-copas-con-su-logo/05_mod-ph44-61-cl-1663147591.png | /media/products/grabado-de-copas-con-su-logo/06_canguro-airlaid-con-qr-1663147591.png | /media/products/grabado-de-copas-con-su-logo/07_img-20200128-123820-1663171355.jpg | /media/products/grabado-de-copas-con-su-logo/08_aqui-su-publicidad-1-1670758718.png | /media/products/grabado-de-copas-con-su-logo/09_servilleta-canguro-personalizada-eco-1679684414.png | /media/products/grabado-de-copas-con-su-logo/10_mod-57-1689071732.png | /media/products/grabado-de-copas-con-su-logo/11_compra-1-1612367413-x128-f-gb.jpg | /media/products/grabado-de-copas-con-su-logo/12_optima-1609073646-x128-f-gb.png | /media/products/grabado-de-copas-con-su-logo/13_deja-tu-impresion-de-compra-aqui-queremos-saber-si.png | /media/products/grabado-de-copas-con-su-logo/14_camion-phcom-1610453500-x128-f-gb.png | /media/products/grabado-de-copas-con-su-logo/15_blank.png | /media/products/grabado-de-copas-con-su-logo/23_transparent.png | /media/products/grabado-de-copas-con-su-logo/26_grabado-de-copas-1583399918.jpg | /media/products/grabado-de-copas-con-su-logo/28_copas-gin-tonic-persoanalizadas-ambassador-1610889.thumb | /media/products/grabado-de-copas-con-su-logo/29_copia-de-enoteca-1607710335-jpg.thumb | /media/products/grabado-de-copas-con-su-logo/30_copia-de-enoteca-1607709202-jpg.thumb | /media/products/grabado-de-copas-con-su-logo/31_cubata-pro-1607327059-jpg.thumb;2026-02-18T12:33:43.205707;;;;;;;
/cuberteria-personalizada/;;cuberteria-personalizada-77-18-10-2-0-mm;8222111;;CUBERTERÍA PERSONALIZADA, 77 18/10 2.0 mm;https://www.personalizadoshosteleria.com/p8222111-cuberteria-personalizada-77-18-10-2-0-mm.html;/media/products/cuberteria-personalizada-77-18-10-2-0-mm/01_2-1609498438-png.thumb | /media/products/cuberteria-personalizada-77-18-10-2-0-mm/02_1-1609498438-png.thumb | /media/products/cuberteria-personalizada-77-18-10-2-0-mm/03_3-1609498439-png.thumb | /media/products/cuberteria-personalizada-77-18-10-2-0-mm/04_4-1609498439-png.thumb | /media/products/cuberteria-personalizada-77-18-10-2-0-mm/05_logo.jpg | /media/products/cuberteria-personalizada-77-18-10-2-0-mm/06_presupuestos-1692439054-x128-f-gb.jpg | /media/products/cuberteria-personalizada-77-18-10-2-0-mm/07_mod-ph-42-1663147591.png | /media/products/cuberteria-personalizada-77-18-10-2-0-mm/08_mod-ph44-61-cl-1663147591.png | /media/products/cuberteria-personalizada-77-18-10-2-0-mm/09_canguro-airlaid-con-qr-1663147591.png | /media/products/cuberteria-personalizada-77-18-10-2-0-mm/10_img-20200128-123820-1663171355.jpg | /media/products/cuberteria-personalizada-77-18-10-2-0-mm/11_aqui-su-publicidad-1-1670758718.png | /media/products/cuberteria-personalizada-77-18-10-2-0-mm/12_servilleta-canguro-personalizada-eco-1679684414.png | /media/products/cuberteria-personalizada-77-18-10-2-0-mm/13_mod-57-1689071732.png | /media/products/cuberteria-personalizada-77-18-10-2-0-mm/14_compra-1-1612367413-x128-f-gb.jpg | /media/products/cuberteria-personalizada-77-18-10-2-0-mm/15_optima-1609073646-x128-f-gb.png | /media/products/cuberteria-personalizada-77-18-10-2-0-mm/16_deja-tu-impresion-de-compra-aqui-queremos-saber-si.png | /media/products/cuberteria-personalizada-77-18-10-2-0-mm/17_camion-phcom-1610453500-x128-f-gb.png | /media/products/cuberteria-personalizada-77-18-10-2-0-mm/18_blank.png | /media/products/cuberteria-personalizada-77-18-10-2-0-mm/26_transparent.png | /media/products/cuberteria-personalizada-77-18-10-2-0-mm/29_2-1609498438.png | /media/products/cuberteria-personalizada-77-18-10-2-0-mm/34_savoy1-1610794807-jpg.thumb;2026-02-18T11:50:33.723146;;;;;;;
/cuberteria-personalizada/;;cuberteria-personalizada-anne-mate-2-5-mm;8225418;;CUBERTERÍA PERSONALIZADA, ANNE MATE 2.5 mm;https://www.personalizadoshosteleria.com/p8225418-cuberteria-personalizada-anne-mate-2-5-mm.html;/media/products/cuberteria-personalizada-anne-mate-2-5-mm/01_1-1609665010-jpg.thumb | /media/products/cuberteria-personalizada-anne-mate-2-5-mm/02_2-1609665010-png.thumb | /media/products/cuberteria-personalizada-anne-mate-2-5-mm/03_3-1609665011-png.thumb | /media/products/cuberteria-personalizada-anne-mate-2-5-mm/04_4-1609665011-png.thumb | /media/products/cuberteria-personalizada-anne-mate-2-5-mm/05_logo.jpg | /media/products/cuberteria-personalizada-anne-mate-2-5-mm/06_presupuestos-1692439054-x128-f-gb.jpg | /media/products/cuberteria-personalizada-anne-mate-2-5-mm/07_mod-ph-42-1663147591.png | /media/products/cuberteria-personalizada-anne-mate-2-5-mm/08_mod-ph44-61-cl-1663147591.png | /media/products/cuberteria-personalizada-anne-mate-2-5-mm/09_canguro-airlaid-con-qr-1663147591.png | /media/products/cuberteria-personalizada-anne-mate-2-5-mm/10_img-20200128-123820-1663171355.jpg | /media/products/cuberteria-personalizada-anne-mate-2-5-mm/11_aqui-su-publicidad-1-1670758718.png | /media/products/cuberteria-personalizada-anne-mate-2-5-mm/12_servilleta-canguro-personalizada-eco-1679684414.png | /media/products/cuberteria-personalizada-anne-mate-2-5-mm/13_mod-57-1689071732.png | /media/products/cuberteria-personalizada-anne-mate-2-5-mm/14_compra-1-1612367413-x128-f-gb.jpg | /media/products/cuberteria-personalizada-anne-mate-2-5-mm/15_optima-1609073646-x128-f-gb.png | /media/products/cuberteria-personalizada-anne-mate-2-5-mm/16_deja-tu-impresion-de-compra-aqui-queremos-saber-si.png | /media/products/cuberteria-personalizada-anne-mate-2-5-mm/17_camion-phcom-1610453500-x128-f-gb.png | /media/products/cuberteria-personalizada-anne-mate-2-5-mm/18_blank.png | /media/products/cuberteria-personalizada-anne-mate-2-5-mm/26_transparent.png | /media/products/cuberteria-personalizada-anne-mate-2-5-mm/29_1-1609665010.jpg | /media/products/cuberteria-personalizada-anne-mate-2-5-mm/34_harmonia-principal-1606665579-jpg.thumb;2026-02-18T11:50:46.707743;;;;;;;
/cuberteria-personalizada/;;cuberteria-personalizada-antracita-18-10;7876212;;CUBERTERÍA PERSONALIZADA. ANTRACITA 18/10 3.5 mm;https://www.personalizadoshosteleria.com/p7876212-cuberteria-personalizada-antracita-18-10.html;/media/products/cuberteria-personalizada-antracita-18-10/01_antracita-con-logo-1606729720-jpg.thumb | /media/products/cuberteria-personalizada-antracita-18-10/02_antracita2-1609405103-jpg.thumb | /media/products/cuberteria-personalizada-antracita-18-10/03_antracita-4-1609405388-jpg.thumb | /media/products/cuberteria-personalizada-antracita-18-10/04_logo.jpg | /media/products/cuberteria-personalizada-antracita-18-10/05_presupuestos-1692439054-x128-f-gb.jpg | /media/products/cuberteria-personalizada-antracita-18-10/06_mod-ph-42-1663147591.png | /media/products/cuberteria-personalizada-antracita-18-10/07_mod-ph44-61-cl-1663147591.png | /media/products/cuberteria-personalizada-antracita-18-10/08_canguro-airlaid-con-qr-1663147591.png | /media/products/cuberteria-personalizada-antracita-18-10/09_img-20200128-123820-1663171355.jpg | /media/products/cuberteria-personalizada-antracita-18-10/10_aqui-su-publicidad-1-1670758718.png | /media/products/cuberteria-personalizada-antracita-18-10/11_servilleta-canguro-personalizada-eco-1679684414.png | /media/products/cuberteria-personalizada-antracita-18-10/12_mod-57-1689071732.png | /media/products/cuberteria-personalizada-antracita-18-10/13_compra-1-1612367413-x128-f-gb.jpg | /media/products/cuberteria-personalizada-antracita-18-10/14_optima-1609073646-x128-f-gb.png | /media/products/cuberteria-personalizada-antracita-18-10/15_deja-tu-impresion-de-compra-aqui-queremos-saber-si.png | /media/products/cuberteria-personalizada-antracita-18-10/16_camion-phcom-1610453500-x128-f-gb.png | /media/products/cuberteria-personalizada-antracita-18-10/17_blank.png | /media/products/cuberteria-personalizada-antracita-18-10/25_transparent.png | /media/products/cuberteria-personalizada-antracita-18-10/28_antracita-con-logo-1606729720.jpg | /media/products/cuberteria-personalizada-antracita-18-10/32_jarra-de-cerveza-sintra-29-cl-1610043712-png.thumb | /media/products/cuberteria-personalizada-antracita-18-10/33_jarra-de-cerveza-personalizada-amberes-1610737582-.thumb;2026-02-18T11:50:20.545929;;;;;;;
/cuberteria-personalizada/;;cuberteria-personalizada-antracita-cobre-3-mm;8222302;;CUBERTERÍA PERSONALIZADA, ANTRACITA COBRE 3 mm;https://www.personalizadoshosteleria.com/p8222302-cuberteria-personalizada-antracita-cobre-3-mm.html;/media/products/cuberteria-personalizada-antracita-cobre-3-mm/01_1-1609509926-png.thumb | /media/products/cuberteria-personalizada-antracita-cobre-3-mm/02_2-1609509926-png.thumb | /media/products/cuberteria-personalizada-antracita-cobre-3-mm/03_3-1609509927-png.thumb | /media/products/cuberteria-personalizada-antracita-cobre-3-mm/04_4-1609509927-png.thumb | /media/products/cuberteria-personalizada-antracita-cobre-3-mm/05_logo.jpg | /media/products/cuberteria-personalizada-antracita-cobre-3-mm/06_presupuestos-1692439054-x128-f-gb.jpg | /media/products/cuberteria-personalizada-antracita-cobre-3-mm/07_mod-ph-42-1663147591.png | /media/products/cuberteria-personalizada-antracita-cobre-3-mm/08_mod-ph44-61-cl-1663147591.png | /media/products/cuberteria-personalizada-antracita-cobre-3-mm/09_canguro-airlaid-con-qr-1663147591.png | /media/products/cuberteria-personalizada-antracita-cobre-3-mm/10_img-20200128-123820-1663171355.jpg | /media/products/cuberteria-personalizada-antracita-cobre-3-mm/11_aqui-su-publicidad-1-1670758718.png | /media/products/cuberteria-personalizada-antracita-cobre-3-mm/12_servilleta-canguro-personalizada-eco-1679684414.png | /media/products/cuberteria-personalizada-antracita-cobre-3-mm/13_mod-57-1689071732.png | /media/products/cuberteria-personalizada-antracita-cobre-3-mm/14_compra-1-1612367413-x128-f-gb.jpg | /media/products/cuberteria-personalizada-antracita-cobre-3-mm/15_optima-1609073646-x128-f-gb.png | /media/products/cuberteria-personalizada-antracita-cobre-3-mm/16_deja-tu-impresion-de-compra-aqui-queremos-saber-si.png | /media/products/cuberteria-personalizada-antracita-cobre-3-mm/17_camion-phcom-1610453500-x128-f-gb.png | /media/products/cuberteria-personalizada-antracita-cobre-3-mm/18_blank.png | /media/products/cuberteria-personalizada-antracita-cobre-3-mm/26_transparent.png | /media/products/cuberteria-personalizada-antracita-cobre-3-mm/29_1-1609509926.png | /media/products/cuberteria-personalizada-antracita-cobre-3-mm/34_classic-1607418433-jpg.thumb;2026-02-18T11:50:25.758140;;;;;;;
/cuberteria-personalizada/;;cuberteria-personalizada-antracita-mate-3-mm;8222402;;CUBERTERÍA PERSONALIZADA, ANTRACITA MATE 3 mm;https://www.personalizadoshosteleria.com/p8222402-cuberteria-personalizada-antracita-mate-3-mm.html;/media/products/cuberteria-personalizada-antracita-mate-3-mm/01_1-1609526374-png.thumb | /media/products/cuberteria-personalizada-antracita-mate-3-mm/02_2-1609526374-png.thumb | /media/products/cuberteria-personalizada-antracita-mate-3-mm/03_3-1609526374-png.thumb | /media/products/cuberteria-personalizada-antracita-mate-3-mm/04_4-1609526374-png.thumb | /media/products/cuberteria-personalizada-antracita-mate-3-mm/05_logo.jpg | /media/products/cuberteria-personalizada-antracita-mate-3-mm/06_presupuestos-1692439054-x128-f-gb.jpg | /media/products/cuberteria-personalizada-antracita-mate-3-mm/07_mod-ph-42-1663147591.png | /media/products/cuberteria-personalizada-antracita-mate-3-mm/08_mod-ph44-61-cl-1663147591.png | /media/products/cuberteria-personalizada-antracita-mate-3-mm/09_canguro-airlaid-con-qr-1663147591.png | /media/products/cuberteria-personalizada-antracita-mate-3-mm/10_img-20200128-123820-1663171355.jpg | /media/products/cuberteria-personalizada-antracita-mate-3-mm/11_aqui-su-publicidad-1-1670758718.png | /media/products/cuberteria-personalizada-antracita-mate-3-mm/12_servilleta-canguro-personalizada-eco-1679684414.png | /media/products/cuberteria-personalizada-antracita-mate-3-mm/13_mod-57-1689071732.png | /media/products/cuberteria-personalizada-antracita-mate-3-mm/14_compra-1-1612367413-x128-f-gb.jpg | /media/products/cuberteria-personalizada-antracita-mate-3-mm/15_optima-1609073646-x128-f-gb.png | /media/products/cuberteria-personalizada-antracita-mate-3-mm/16_deja-tu-impresion-de-compra-aqui-queremos-saber-si.png | /media/products/cuberteria-personalizada-antracita-mate-3-mm/17_camion-phcom-1610453500-x128-f-gb.png | /media/products/cuberteria-personalizada-antracita-mate-3-mm/18_blank.png | /media/products/cuberteria-personalizada-antracita-mate-3-mm/26_transparent.png | /media/products/cuberteria-personalizada-antracita-mate-3-mm/29_1-1609526374.png | /media/products/cuberteria-personalizada-antracita-mate-3-mm/34_manteleria-personalizada-1-1610441370-jpg.thumb;2026-02-18T11:50:23.202174;;;;;;;
/cuberteria-personalizada/;;cuberteria-personalizada-aurora-champan-nacar-3-mm;8222301;;CUBERTERÍA PERSONALIZADA, AURORA CHAMPAN NACAR 3 mm;https://www.personalizadoshosteleria.com/p8222301-cuberteria-personalizada-aurora-champan-nacar-3-mm.html;/media/products/cuberteria-personalizada-aurora-champan-nacar-3-mm/01_1-1609506687-png.thumb | /media/products/cuberteria-personalizada-aurora-champan-nacar-3-mm/02_2-1609506687-png.thumb | /media/products/cuberteria-personalizada-aurora-champan-nacar-3-mm/03_3-1609506688-png.thumb | /media/products/cuberteria-personalizada-aurora-champan-nacar-3-mm/04_4-1609506688-png.thumb | /media/products/cuberteria-personalizada-aurora-champan-nacar-3-mm/05_logo.jpg | /media/products/cuberteria-personalizada-aurora-champan-nacar-3-mm/06_presupuestos-1692439054-x128-f-gb.jpg | /media/products/cuberteria-personalizada-aurora-champan-nacar-3-mm/07_mod-ph-42-1663147591.png | /media/products/cuberteria-personalizada-aurora-champan-nacar-3-mm/08_mod-ph44-61-cl-1663147591.png | /media/products/cuberteria-personalizada-aurora-champan-nacar-3-mm/09_canguro-airlaid-con-qr-1663147591.png | /media/products/cuberteria-personalizada-aurora-champan-nacar-3-mm/10_img-20200128-123820-1663171355.jpg | /media/products/cuberteria-personalizada-aurora-champan-nacar-3-mm/11_aqui-su-publicidad-1-1670758718.png | /media/products/cuberteria-personalizada-aurora-champan-nacar-3-mm/12_servilleta-canguro-personalizada-eco-1679684414.png | /media/products/cuberteria-personalizada-aurora-champan-nacar-3-mm/13_mod-57-1689071732.png | /media/products/cuberteria-personalizada-aurora-champan-nacar-3-mm/14_compra-1-1612367413-x128-f-gb.jpg | /media/products/cuberteria-personalizada-aurora-champan-nacar-3-mm/15_optima-1609073646-x128-f-gb.png | /media/products/cuberteria-personalizada-aurora-champan-nacar-3-mm/16_deja-tu-impresion-de-compra-aqui-queremos-saber-si.png | /media/products/cuberteria-personalizada-aurora-champan-nacar-3-mm/17_camion-phcom-1610453500-x128-f-gb.png | /media/products/cuberteria-personalizada-aurora-champan-nacar-3-mm/18_blank.png | /media/products/cuberteria-personalizada-aurora-champan-nacar-3-mm/26_transparent.png | /media/products/cuberteria-personalizada-aurora-champan-nacar-3-mm/29_1-1609506687.png | /media/products/cuberteria-personalizada-aurora-champan-nacar-3-mm/34_personalizacion-miniservice-1698137093-jpg.thumb;2026-02-18T11:50:28.488562;;;;;;;
/cuberteria-personalizada/;;cuberteria-personalizada-d-manuel;8146634;;CUBERTERÍA PERSONALIZADA, D. MANUEL 18/10 2.5 mm;https://www.personalizadoshosteleria.com/p8146634-cuberteria-personalizada-d-manuel.html;/media/products/cuberteria-personalizada-d-manuel/01_d-manuel-2-1607014824-jpg.thumb | /media/products/cuberteria-personalizada-d-manuel/02_d-manuel-1609355709-jpg.thumb | /media/products/cuberteria-personalizada-d-manuel/03_2-1609355884-jpg.thumb | /media/products/cuberteria-personalizada-d-manuel/04_logo.jpg | /media/products/cuberteria-personalizada-d-manuel/05_presupuestos-1692439054-x128-f-gb.jpg | /media/products/cuberteria-personalizada-d-manuel/06_mod-ph-42-1663147591.png | /media/products/cuberteria-personalizada-d-manuel/07_mod-ph44-61-cl-1663147591.png | /media/products/cuberteria-personalizada-d-manuel/08_canguro-airlaid-con-qr-1663147591.png | /media/products/cuberteria-personalizada-d-manuel/09_img-20200128-123820-1663171355.jpg | /media/products/cuberteria-personalizada-d-manuel/10_aqui-su-publicidad-1-1670758718.png | /media/products/cuberteria-personalizada-d-manuel/11_servilleta-canguro-personalizada-eco-1679684414.png | /media/products/cuberteria-personalizada-d-manuel/12_mod-57-1689071732.png | /media/products/cuberteria-personalizada-d-manuel/13_compra-1-1612367413-x128-f-gb.jpg | /media/products/cuberteria-personalizada-d-manuel/14_optima-1609073646-x128-f-gb.png | /media/products/cuberteria-personalizada-d-manuel/15_deja-tu-impresion-de-compra-aqui-queremos-saber-si.png | /media/products/cuberteria-personalizada-d-manuel/16_camion-phcom-1610453500-x128-f-gb.png | /media/products/cuberteria-personalizada-d-manuel/17_blank.png | /media/products/cuberteria-personalizada-d-manuel/25_transparent.png | /media/products/cuberteria-personalizada-d-manuel/28_d-manuel-2-1607014824.jpg | /media/products/cuberteria-personalizada-d-manuel/32_manteleria-personalizada-1-1610441370-jpg.thumb | /media/products/cuberteria-personalizada-d-manuel/33_tazay-platillo-personalizados-ischia-1611430321-pn.thumb;2026-02-18T11:50:38.923272;;;;;;;
/cuberteria-personalizada/;;cuberteria-personalizada-natalia-18-10-2-5-mm;8222241;;CUBERTERÍA PERSONALIZADA, NATALIA 18/10 2.5 mm;https://www.personalizadoshosteleria.com/p8222241-cuberteria-personalizada-natalia-18-10-2-5-mm.html;/media/products/cuberteria-personalizada-natalia-18-10-2-5-mm/01_1-1609497274-jpg.thumb | /media/products/cuberteria-personalizada-natalia-18-10-2-5-mm/02_2-1609497274-png.thumb | /media/products/cuberteria-personalizada-natalia-18-10-2-5-mm/03_3-1609497274-png.thumb | /media/products/cuberteria-personalizada-natalia-18-10-2-5-mm/04_4-1609497275-png.thumb | /media/products/cuberteria-personalizada-natalia-18-10-2-5-mm/05_logo.jpg | /media/products/cuberteria-personalizada-natalia-18-10-2-5-mm/06_presupuestos-1692439054-x128-f-gb.jpg | /media/products/cuberteria-personalizada-natalia-18-10-2-5-mm/07_mod-ph-42-1663147591.png | /media/products/cuberteria-personalizada-natalia-18-10-2-5-mm/08_mod-ph44-61-cl-1663147591.png | /media/products/cuberteria-personalizada-natalia-18-10-2-5-mm/09_canguro-airlaid-con-qr-1663147591.png | /media/products/cuberteria-personalizada-natalia-18-10-2-5-mm/10_img-20200128-123820-1663171355.jpg | /media/products/cuberteria-personalizada-natalia-18-10-2-5-mm/11_aqui-su-publicidad-1-1670758718.png | /media/products/cuberteria-personalizada-natalia-18-10-2-5-mm/12_servilleta-canguro-personalizada-eco-1679684414.png | /media/products/cuberteria-personalizada-natalia-18-10-2-5-mm/13_mod-57-1689071732.png | /media/products/cuberteria-personalizada-natalia-18-10-2-5-mm/14_compra-1-1612367413-x128-f-gb.jpg | /media/products/cuberteria-personalizada-natalia-18-10-2-5-mm/15_optima-1609073646-x128-f-gb.png | /media/products/cuberteria-personalizada-natalia-18-10-2-5-mm/16_deja-tu-impresion-de-compra-aqui-queremos-saber-si.png | /media/products/cuberteria-personalizada-natalia-18-10-2-5-mm/17_camion-phcom-1610453500-x128-f-gb.png | /media/products/cuberteria-personalizada-natalia-18-10-2-5-mm/18_blank.png | /media/products/cuberteria-personalizada-natalia-18-10-2-5-mm/26_transparent.png | /media/products/cuberteria-personalizada-natalia-18-10-2-5-mm/29_1-1609497274.jpg | /media/products/cuberteria-personalizada-natalia-18-10-2-5-mm/34_imagen-principal-1606640258-jpg.thumb;2026-02-18T09:36:20.885395;;;;;;;
/cuberteria-personalizada/;;cuberteria-personalizada-paris-18-10-2-5-mm;8222098;;CUBERTERÍA PERSONALIZADA, PARÍS 18/10 2.5 mm;https://www.personalizadoshosteleria.com/p8222098-cuberteria-personalizada-paris-18-10-2-5-mm.html;/media/products/cuberteria-personalizada-paris-18-10-2-5-mm/01_paris-1609494499-png.thumb | /media/products/cuberteria-personalizada-paris-18-10-2-5-mm/02_paris-1-1609494431-png.thumb | /media/products/cuberteria-personalizada-paris-18-10-2-5-mm/03_ccuhillo-mesa-1609494595-png.thumb | /media/products/cuberteria-personalizada-paris-18-10-2-5-mm/04_cuchara-y-cucharilla-1609494695-png.thumb | /media/products/cuberteria-personalizada-paris-18-10-2-5-mm/05_logo.jpg | /media/products/cuberteria-personalizada-paris-18-10-2-5-mm/06_presupuestos-1692439054-x128-f-gb.jpg | /media/products/cuberteria-personalizada-paris-18-10-2-5-mm/07_mod-ph-42-1663147591.png | /media/products/cuberteria-personalizada-paris-18-10-2-5-mm/08_mod-ph44-61-cl-1663147591.png | /media/products/cuberteria-personalizada-paris-18-10-2-5-mm/09_canguro-airlaid-con-qr-1663147591.png | /media/products/cuberteria-personalizada-paris-18-10-2-5-mm/10_img-20200128-123820-1663171355.jpg | /media/products/cuberteria-personalizada-paris-18-10-2-5-mm/11_aqui-su-publicidad-1-1670758718.png | /media/products/cuberteria-personalizada-paris-18-10-2-5-mm/12_servilleta-canguro-personalizada-eco-1679684414.png | /media/products/cuberteria-personalizada-paris-18-10-2-5-mm/13_mod-57-1689071732.png | /media/products/cuberteria-personalizada-paris-18-10-2-5-mm/14_compra-1-1612367413-x128-f-gb.jpg | /media/products/cuberteria-personalizada-paris-18-10-2-5-mm/15_optima-1609073646-x128-f-gb.png | /media/products/cuberteria-personalizada-paris-18-10-2-5-mm/16_deja-tu-impresion-de-compra-aqui-queremos-saber-si.png | /media/products/cuberteria-personalizada-paris-18-10-2-5-mm/17_camion-phcom-1610453500-x128-f-gb.png | /media/products/cuberteria-personalizada-paris-18-10-2-5-mm/18_blank.png | /media/products/cuberteria-personalizada-paris-18-10-2-5-mm/26_transparent.png | /media/products/cuberteria-personalizada-paris-18-10-2-5-mm/29_paris-1609494499.png | /media/products/cuberteria-personalizada-paris-18-10-2-5-mm/34_1-1607938683-png.thumb;2026-02-18T11:50:36.323167;;;;;;;
/cuberteria-personalizada/;;cuberteria-personalizada-queen-18-10;7876254;;CUBERTERÍA PERSONALIZADA. QUEEN 18/10 4 mm;https://www.personalizadoshosteleria.com/p7876254-cuberteria-personalizada-queen-18-10.html;/media/products/cuberteria-personalizada-queen-18-10/01_queen1-1606729994-jpg.thumb | /media/products/cuberteria-personalizada-queen-18-10/02_logo.jpg | /media/products/cuberteria-personalizada-queen-18-10/03_presupuestos-1692439054-x128-f-gb.jpg | /media/products/cuberteria-personalizada-queen-18-10/04_mod-ph-42-1663147591.png | /media/products/cuberteria-personalizada-queen-18-10/05_mod-ph44-61-cl-1663147591.png | /media/products/cuberteria-personalizada-queen-18-10/06_canguro-airlaid-con-qr-1663147591.png | /media/products/cuberteria-personalizada-queen-18-10/07_img-20200128-123820-1663171355.jpg | /media/products/cuberteria-personalizada-queen-18-10/08_aqui-su-publicidad-1-1670758718.png | /media/products/cuberteria-personalizada-queen-18-10/09_servilleta-canguro-personalizada-eco-1679684414.png | /media/products/cuberteria-personalizada-queen-18-10/10_mod-57-1689071732.png | /media/products/cuberteria-personalizada-queen-18-10/11_compra-1-1612367413-x128-f-gb.jpg | /media/products/cuberteria-personalizada-queen-18-10/12_optima-1609073646-x128-f-gb.png | /media/products/cuberteria-personalizada-queen-18-10/13_deja-tu-impresion-de-compra-aqui-queremos-saber-si.png | /media/products/cuberteria-personalizada-queen-18-10/14_camion-phcom-1610453500-x128-f-gb.png | /media/products/cuberteria-personalizada-queen-18-10/15_blank.png | /media/products/cuberteria-personalizada-queen-18-10/23_transparent.png | /media/products/cuberteria-personalizada-queen-18-10/26_queen1-1606729994.jpg | /media/products/cuberteria-personalizada-queen-18-10/28_manteleria-personalizada-1-1610441370-jpg.thumb | /media/products/cuberteria-personalizada-queen-18-10/29_servilleta-canguro-personalizada-eco-1679681730-jp.thumb | /media/products/cuberteria-personalizada-queen-18-10/30_principe-1607691048-jpg.thumb | /media/products/cuberteria-personalizada-queen-18-10/31_jarra-de-cerveza-personalizada-amberes-1610737582-.thumb;2026-02-18T11:50:44.049369;;;;;;;
/cuberteria-personalizada/;;cuberteria-personalizada-solares;8146615;;CUBERTERÍA PERSONALIZADA. SOLARES 18/10 2.5 mm;https://www.personalizadoshosteleria.com/p8146615-cuberteria-personalizada-solares.html;/media/products/cuberteria-personalizada-solares/01_solares-personalizado-1607013211-jpg.thumb | /media/products/cuberteria-personalizada-solares/02_logo.jpg | /media/products/cuberteria-personalizada-solares/03_presupuestos-1692439054-x128-f-gb.jpg | /media/products/cuberteria-personalizada-solares/04_mod-ph-42-1663147591.png | /media/products/cuberteria-personalizada-solares/05_mod-ph44-61-cl-1663147591.png | /media/products/cuberteria-personalizada-solares/06_canguro-airlaid-con-qr-1663147591.png | /media/products/cuberteria-personalizada-solares/07_img-20200128-123820-1663171355.jpg | /media/products/cuberteria-personalizada-solares/08_aqui-su-publicidad-1-1670758718.png | /media/products/cuberteria-personalizada-solares/09_servilleta-canguro-personalizada-eco-1679684414.png | /media/products/cuberteria-personalizada-solares/10_mod-57-1689071732.png | /media/products/cuberteria-personalizada-solares/11_compra-1-1612367413-x128-f-gb.jpg | /media/products/cuberteria-personalizada-solares/12_optima-1609073646-x128-f-gb.png | /media/products/cuberteria-personalizada-solares/13_deja-tu-impresion-de-compra-aqui-queremos-saber-si.png | /media/products/cuberteria-personalizada-solares/14_camion-phcom-1610453500-x128-f-gb.png | /media/products/cuberteria-personalizada-solares/15_blank.png | /media/products/cuberteria-personalizada-solares/23_transparent.png | /media/products/cuberteria-personalizada-solares/26_solares-personalizado-1607013211.jpg | /media/products/cuberteria-personalizada-solares/28_3-1677231729-jpg.thumb | /media/products/cuberteria-personalizada-solares/29_premium-1607328791-jpg.thumb | /media/products/cuberteria-personalizada-solares/30_d-manuel-2-1607014824-jpg.thumb | /media/products/cuberteria-personalizada-solares/31_copa-champagne-personalizada-refine-20-1610911381-.thumb;2026-02-18T11:50:41.522805;;;;;;;
/cuberteria-personalizada/;;cuberteria-personalizada-toledo-18-10-2-5-mm;8222245;;CUBERTERÍA PERSONALIZADA, TOLEDO 18/10 2.5 mm;https://www.personalizadoshosteleria.com/p8222245-cuberteria-personalizada-toledo-18-10-2-5-mm.html;/media/products/cuberteria-personalizada-toledo-18-10-2-5-mm/01_2-1609498212-png.thumb | /media/products/cuberteria-personalizada-toledo-18-10-2-5-mm/02_1-1609498212-png.thumb | /media/products/cuberteria-personalizada-toledo-18-10-2-5-mm/03_3-1609498213-png.thumb | /media/products/cuberteria-personalizada-toledo-18-10-2-5-mm/04_4-1609498213-png.thumb | /media/products/cuberteria-personalizada-toledo-18-10-2-5-mm/05_logo.jpg | /media/products/cuberteria-personalizada-toledo-18-10-2-5-mm/06_presupuestos-1692439054-x128-f-gb.jpg | /media/products/cuberteria-personalizada-toledo-18-10-2-5-mm/07_mod-ph-42-1663147591.png | /media/products/cuberteria-personalizada-toledo-18-10-2-5-mm/08_mod-ph44-61-cl-1663147591.png | /media/products/cuberteria-personalizada-toledo-18-10-2-5-mm/09_canguro-airlaid-con-qr-1663147591.png | /media/products/cuberteria-personalizada-toledo-18-10-2-5-mm/10_img-20200128-123820-1663171355.jpg | /media/products/cuberteria-personalizada-toledo-18-10-2-5-mm/11_aqui-su-publicidad-1-1670758718.png | /media/products/cuberteria-personalizada-toledo-18-10-2-5-mm/12_servilleta-canguro-personalizada-eco-1679684414.png | /media/products/cuberteria-personalizada-toledo-18-10-2-5-mm/13_mod-57-1689071732.png | /media/products/cuberteria-personalizada-toledo-18-10-2-5-mm/14_compra-1-1612367413-x128-f-gb.jpg | /media/products/cuberteria-personalizada-toledo-18-10-2-5-mm/15_optima-1609073646-x128-f-gb.png | /media/products/cuberteria-personalizada-toledo-18-10-2-5-mm/16_deja-tu-impresion-de-compra-aqui-queremos-saber-si.png | /media/products/cuberteria-personalizada-toledo-18-10-2-5-mm/17_camion-phcom-1610453500-x128-f-gb.png | /media/products/cuberteria-personalizada-toledo-18-10-2-5-mm/18_blank.png | /media/products/cuberteria-personalizada-toledo-18-10-2-5-mm/26_transparent.png | /media/products/cuberteria-personalizada-toledo-18-10-2-5-mm/29_2-1609498212.png | /media/products/cuberteria-personalizada-toledo-18-10-2-5-mm/34_1-1607938683-png.thumb;2026-02-18T11:50:31.074327;;;;;;;
/servilletas-personalizadas/;/servilletas-bar-cocktail-personalizadas/;miniservice-impresion-total-1717;10921426;;MINISERVICE IMPRESIÓN TOTAL 17*17 cm;https://www.personalizadoshosteleria.com/p10921426-miniservice-impresion-total-1717.html;/media/products/miniservice-impresion-total-1717/01_servilleta-miniservice-impresion-total-abierta-176.thumb | /media/products/miniservice-impresion-total-1717/02_servilleta-miniservice-impresion-total-de-las-dos-.thumb | /media/products/miniservice-impresion-total-1717/03_servilleta-miniservice-en-servilletero-1761149727-.thumb | /media/products/miniservice-impresion-total-1717/04_miniservice-personalizada-qr-2-colores-1761149727-.thumb | /media/products/miniservice-impresion-total-1717/05_logo.jpg | /media/products/miniservice-impresion-total-1717/06_presupuestos-1692439054-x128-f-gb.jpg | /media/products/miniservice-impresion-total-1717/07_mod-ph-42-1663147591.png | /media/products/miniservice-impresion-total-1717/08_mod-ph44-61-cl-1663147591.png | /media/products/miniservice-impresion-total-1717/09_canguro-airlaid-con-qr-1663147591.png | /media/products/miniservice-impresion-total-1717/10_img-20200128-123820-1663171355.jpg | /media/products/miniservice-impresion-total-1717/11_aqui-su-publicidad-1-1670758718.png | /media/products/miniservice-impresion-total-1717/12_servilleta-canguro-personalizada-eco-1679684414.png | /media/products/miniservice-impresion-total-1717/13_mod-57-1689071732.png | /media/products/miniservice-impresion-total-1717/14_compra-1-1612367413-x128-f-gb.jpg | /media/products/miniservice-impresion-total-1717/15_optima-1609073646-x128-f-gb.png | /media/products/miniservice-impresion-total-1717/16_deja-tu-impresion-de-compra-aqui-queremos-saber-si.png | /media/products/miniservice-impresion-total-1717/17_camion-phcom-1610453500-x128-f-gb.png | /media/products/miniservice-impresion-total-1717/18_blank.png | /media/products/miniservice-impresion-total-1717/26_transparent.png | /media/products/miniservice-impresion-total-1717/29_servilleta-miniservice-impresion-total-abierta-176.jpg | /media/products/miniservice-impresion-total-1717/34_personalizacion-miniservice-1698137093-jpg.thumb;2026-02-18T11:38:29.823028;;;;;;;
/servilletas-personalizadas/;/servilletas-bar-cocktail-personalizadas/;servilleta-2020-o-cocktail-impresa-alterna;10927523;;SERVILLETA 20*20 ó COCKTAIL IMPRESA ALTERNA;https://www.personalizadoshosteleria.com/p10927523-servilleta-2020-o-cocktail-impresa-alterna.html;/media/products/servilleta-2020-o-cocktail-impresa-alterna/01_8-servilleta-impresa-blanca-o-eco-1698856685-jpg.thumb | /media/products/servilleta-2020-o-cocktail-impresa-alterna/02_5-servilleta-cocktail-impresa-espacio-de-impresion.thumb | /media/products/servilleta-2020-o-cocktail-impresa-alterna/03_2-servilleta-10-10-personalizada-en-servilletero-1.thumb | /media/products/servilleta-2020-o-cocktail-impresa-alterna/04_4-servilleta-impresa-advertencias-de-grabado-16988.thumb | /media/products/servilleta-2020-o-cocktail-impresa-alterna/05_logo.jpg | /media/products/servilleta-2020-o-cocktail-impresa-alterna/06_presupuestos-1692439054-x128-f-gb.jpg | /media/products/servilleta-2020-o-cocktail-impresa-alterna/07_mod-ph-42-1663147591.png | /media/products/servilleta-2020-o-cocktail-impresa-alterna/08_mod-ph44-61-cl-1663147591.png | /media/products/servilleta-2020-o-cocktail-impresa-alterna/09_canguro-airlaid-con-qr-1663147591.png | /media/products/servilleta-2020-o-cocktail-impresa-alterna/10_img-20200128-123820-1663171355.jpg | /media/products/servilleta-2020-o-cocktail-impresa-alterna/11_aqui-su-publicidad-1-1670758718.png | /media/products/servilleta-2020-o-cocktail-impresa-alterna/12_servilleta-canguro-personalizada-eco-1679684414.png | /media/products/servilleta-2020-o-cocktail-impresa-alterna/13_mod-57-1689071732.png | /media/products/servilleta-2020-o-cocktail-impresa-alterna/14_compra-1-1612367413-x128-f-gb.jpg | /media/products/servilleta-2020-o-cocktail-impresa-alterna/15_optima-1609073646-x128-f-gb.png | /media/products/servilleta-2020-o-cocktail-impresa-alterna/16_deja-tu-impresion-de-compra-aqui-queremos-saber-si.png | /media/products/servilleta-2020-o-cocktail-impresa-alterna/17_camion-phcom-1610453500-x128-f-gb.png | /media/products/servilleta-2020-o-cocktail-impresa-alterna/18_blank.png | /media/products/servilleta-2020-o-cocktail-impresa-alterna/26_transparent.png | /media/products/servilleta-2020-o-cocktail-impresa-alterna/29_8-servilleta-impresa-blanca-o-eco-1698856685.jpg | /media/products/servilleta-2020-o-cocktail-impresa-alterna/34_personalizacion-miniservice-1698137093-jpg.thumb;2026-02-18T11:59:17.941541;;;;;;;
/servilletas-personalizadas/;/servilletas-bar-cocktail-personalizadas/;servilleta-2020-o-cocktail-impresa-en-su-totalidad;10927454;;SERVILLETA 20*20 ó COCKTAIL IMPRESA EN SU TOTALIDAD;https://www.personalizadoshosteleria.com/p10927454-servilleta-2020-o-cocktail-impresa-en-su-totalidad.html;/media/products/servilleta-2020-o-cocktail-impresa-en-su-totalidad/01_6-servilleta-cocktail-impresion-total-1698855903-j.thumb | /media/products/servilleta-2020-o-cocktail-impresa-en-su-totalidad/02_4-servilleta-impresa-advertencias-de-grabado-16988.thumb | /media/products/servilleta-2020-o-cocktail-impresa-en-su-totalidad/03_7-servilleta-20x20-impresa-un-color-1698856548-jpg.thumb | /media/products/servilleta-2020-o-cocktail-impresa-en-su-totalidad/04_8-servilleta-impresa-blanca-o-eco-1698856556-jpg.thumb | /media/products/servilleta-2020-o-cocktail-impresa-en-su-totalidad/05_logo.jpg | /media/products/servilleta-2020-o-cocktail-impresa-en-su-totalidad/06_presupuestos-1692439054-x128-f-gb.jpg | /media/products/servilleta-2020-o-cocktail-impresa-en-su-totalidad/07_mod-ph-42-1663147591.png | /media/products/servilleta-2020-o-cocktail-impresa-en-su-totalidad/08_mod-ph44-61-cl-1663147591.png | /media/products/servilleta-2020-o-cocktail-impresa-en-su-totalidad/09_canguro-airlaid-con-qr-1663147591.png | /media/products/servilleta-2020-o-cocktail-impresa-en-su-totalidad/10_img-20200128-123820-1663171355.jpg | /media/products/servilleta-2020-o-cocktail-impresa-en-su-totalidad/11_aqui-su-publicidad-1-1670758718.png | /media/products/servilleta-2020-o-cocktail-impresa-en-su-totalidad/12_servilleta-canguro-personalizada-eco-1679684414.png | /media/products/servilleta-2020-o-cocktail-impresa-en-su-totalidad/13_mod-57-1689071732.png | /media/products/servilleta-2020-o-cocktail-impresa-en-su-totalidad/14_compra-1-1612367413-x128-f-gb.jpg | /media/products/servilleta-2020-o-cocktail-impresa-en-su-totalidad/15_optima-1609073646-x128-f-gb.png | /media/products/servilleta-2020-o-cocktail-impresa-en-su-totalidad/16_deja-tu-impresion-de-compra-aqui-queremos-saber-si.png | /media/products/servilleta-2020-o-cocktail-impresa-en-su-totalidad/17_camion-phcom-1610453500-x128-f-gb.png | /media/products/servilleta-2020-o-cocktail-impresa-en-su-totalidad/18_blank.png | /media/products/servilleta-2020-o-cocktail-impresa-en-su-totalidad/26_transparent.png | /media/products/servilleta-2020-o-cocktail-impresa-en-su-totalidad/29_6-servilleta-cocktail-impresion-total-1698855903.jpg | /media/products/servilleta-2020-o-cocktail-impresa-en-su-totalidad/34_personalizacion-miniservice-1698137093-jpg.thumb;2026-02-18T11:55:30.263560;;;;;;;
/servilletas-personalizadas/;/servilletas-bar-cocktail-personalizadas/;servilleta-2020-personalizada-con-su-logo;7321016;;SERVILLETA 20*20 PERSONALIZADA CON SU LOGO Y/O TU CÓDIGO QR;https://www.personalizadoshosteleria.com/p7321016-servilleta-2020-personalizada-con-su-logo.html;/media/products/servilleta-2020-personalizada-con-su-logo/01_3-1677231729-jpg.thumb | /media/products/servilleta-2020-personalizada-con-su-logo/02_4-1677231738-jpg.thumb | /media/products/servilleta-2020-personalizada-con-su-logo/03_diapositiva2-1606035966-jpg.thumb | /media/products/servilleta-2020-personalizada-con-su-logo/04_logo.jpg | /media/products/servilleta-2020-personalizada-con-su-logo/05_presupuestos-1692439054-x128-f-gb.jpg | /media/products/servilleta-2020-personalizada-con-su-logo/06_mod-ph-42-1663147591.png | /media/products/servilleta-2020-personalizada-con-su-logo/07_mod-ph44-61-cl-1663147591.png | /media/products/servilleta-2020-personalizada-con-su-logo/08_canguro-airlaid-con-qr-1663147591.png | /media/products/servilleta-2020-personalizada-con-su-logo/09_img-20200128-123820-1663171355.jpg | /media/products/servilleta-2020-personalizada-con-su-logo/10_aqui-su-publicidad-1-1670758718.png | /media/products/servilleta-2020-personalizada-con-su-logo/11_servilleta-canguro-personalizada-eco-1679684414.png | /media/products/servilleta-2020-personalizada-con-su-logo/12_mod-57-1689071732.png | /media/products/servilleta-2020-personalizada-con-su-logo/13_compra-1-1612367413-x128-f-gb.jpg | /media/products/servilleta-2020-personalizada-con-su-logo/14_optima-1609073646-x128-f-gb.png | /media/products/servilleta-2020-personalizada-con-su-logo/15_deja-tu-impresion-de-compra-aqui-queremos-saber-si.png | /media/products/servilleta-2020-personalizada-con-su-logo/16_camion-phcom-1610453500-x128-f-gb.png | /media/products/servilleta-2020-personalizada-con-su-logo/17_blank.png | /media/products/servilleta-2020-personalizada-con-su-logo/25_transparent.png | /media/products/servilleta-2020-personalizada-con-su-logo/28_3-1677231729.jpg | /media/products/servilleta-2020-personalizada-con-su-logo/32_personalizacion-miniservice-1698137093-jpg.thumb | /media/products/servilleta-2020-personalizada-con-su-logo/33_servilleta-miniservice-impresion-total-abierta-176.thumb;2026-02-18T09:37:08.752011;;;;;;;
/servilletas-personalizadas/;/servilletas-bar-cocktail-personalizadas/;servilleta-giant-impresa-con-tu-logo-a-uno-o-dos-colores;7319832;;SERVILLETA GIANT IMPRESA CON TU LOGO A UNO O DOS COLORES;https://www.personalizadoshosteleria.com/p7319832-servilleta-giant-impresa-con-tu-logo-a-uno-o-dos-colores.html;/media/products/servilleta-giant-impresa-con-tu-logo-a-uno-o-dos-colores/01_arroz-giant-1580585323-jpg.thumb | /media/products/servilleta-giant-impresa-con-tu-logo-a-uno-o-dos-colores/02_servilletero-santo-tome-1580585620-jpg.thumb | /media/products/servilleta-giant-impresa-con-tu-logo-a-uno-o-dos-colores/03_logo.jpg | /media/products/servilleta-giant-impresa-con-tu-logo-a-uno-o-dos-colores/04_presupuestos-1692439054-x128-f-gb.jpg | /media/products/servilleta-giant-impresa-con-tu-logo-a-uno-o-dos-colores/05_mod-ph-42-1663147591.png | /media/products/servilleta-giant-impresa-con-tu-logo-a-uno-o-dos-colores/06_mod-ph44-61-cl-1663147591.png | /media/products/servilleta-giant-impresa-con-tu-logo-a-uno-o-dos-colores/07_canguro-airlaid-con-qr-1663147591.png | /media/products/servilleta-giant-impresa-con-tu-logo-a-uno-o-dos-colores/08_img-20200128-123820-1663171355.jpg | /media/products/servilleta-giant-impresa-con-tu-logo-a-uno-o-dos-colores/09_aqui-su-publicidad-1-1670758718.png | /media/products/servilleta-giant-impresa-con-tu-logo-a-uno-o-dos-colores/10_servilleta-canguro-personalizada-eco-1679684414.png | /media/products/servilleta-giant-impresa-con-tu-logo-a-uno-o-dos-colores/11_mod-57-1689071732.png | /media/products/servilleta-giant-impresa-con-tu-logo-a-uno-o-dos-colores/12_compra-1-1612367413-x128-f-gb.jpg | /media/products/servilleta-giant-impresa-con-tu-logo-a-uno-o-dos-colores/13_optima-1609073646-x128-f-gb.png | /media/products/servilleta-giant-impresa-con-tu-logo-a-uno-o-dos-colores/14_deja-tu-impresion-de-compra-aqui-queremos-saber-si.png | /media/products/servilleta-giant-impresa-con-tu-logo-a-uno-o-dos-colores/15_camion-phcom-1610453500-x128-f-gb.png | /media/products/servilleta-giant-impresa-con-tu-logo-a-uno-o-dos-colores/16_blank.png | /media/products/servilleta-giant-impresa-con-tu-logo-a-uno-o-dos-colores/24_transparent.png | /media/products/servilleta-giant-impresa-con-tu-logo-a-uno-o-dos-colores/27_arroz-giant-1580585323.jpg | /media/products/servilleta-giant-impresa-con-tu-logo-a-uno-o-dos-colores/30_facebook-4.png | /media/products/servilleta-giant-impresa-con-tu-logo-a-uno-o-dos-colores/31_instagram-4.png | /media/products/servilleta-giant-impresa-con-tu-logo-a-uno-o-dos-colores/32_twitter-5.png;2026-02-18T12:32:11.879343;;;;;;;
/servilletas-personalizadas/;/servilletas-bar-cocktail-personalizadas/;servilleta-miniservice-personalizada-alterna;10922733;;SERVILLETA MINISERVICE PERSONALIZADA ALTERNA;https://www.personalizadoshosteleria.com/p10922733-servilleta-miniservice-personalizada-alterna.html;/media/products/servilleta-miniservice-personalizada-alterna/01_miniservice-impresa-alterna-fotomontaje-1698143055.thumb | /media/products/servilleta-miniservice-personalizada-alterna/02_miniservice-impresa-alterna-opcion-blanca-o-eco-16.thumb | /media/products/servilleta-miniservice-personalizada-alterna/03_miniservice-impresa-alterna-1698143055-jpg.thumb | /media/products/servilleta-miniservice-personalizada-alterna/04_servilleta-miniservice-blanca-o-ecologica-16981430.thumb | /media/products/servilleta-miniservice-personalizada-alterna/05_logo.jpg | /media/products/servilleta-miniservice-personalizada-alterna/06_presupuestos-1692439054-x128-f-gb.jpg | /media/products/servilleta-miniservice-personalizada-alterna/07_mod-ph-42-1663147591.png | /media/products/servilleta-miniservice-personalizada-alterna/08_mod-ph44-61-cl-1663147591.png | /media/products/servilleta-miniservice-personalizada-alterna/09_canguro-airlaid-con-qr-1663147591.png | /media/products/servilleta-miniservice-personalizada-alterna/10_img-20200128-123820-1663171355.jpg | /media/products/servilleta-miniservice-personalizada-alterna/11_aqui-su-publicidad-1-1670758718.png | /media/products/servilleta-miniservice-personalizada-alterna/12_servilleta-canguro-personalizada-eco-1679684414.png | /media/products/servilleta-miniservice-personalizada-alterna/13_mod-57-1689071732.png | /media/products/servilleta-miniservice-personalizada-alterna/14_compra-1-1612367413-x128-f-gb.jpg | /media/products/servilleta-miniservice-personalizada-alterna/15_optima-1609073646-x128-f-gb.png | /media/products/servilleta-miniservice-personalizada-alterna/16_deja-tu-impresion-de-compra-aqui-queremos-saber-si.png | /media/products/servilleta-miniservice-personalizada-alterna/17_camion-phcom-1610453500-x128-f-gb.png | /media/products/servilleta-miniservice-personalizada-alterna/18_blank.png | /media/products/servilleta-miniservice-personalizada-alterna/26_transparent.png | /media/products/servilleta-miniservice-personalizada-alterna/29_miniservice-impresa-alterna-fotomontaje-1698143055.jpg | /media/products/servilleta-miniservice-personalizada-alterna/34_1-1607938683-png.thumb;2026-02-18T11:38:32.402454;;;;;;;
/servilletas-personalizadas/;/servilletas-bar-cocktail-personalizadas/;servilleta-miniservice-personalizada-con-su-logo;7321015;;SERVILLETA MINISERVICE PERSONALIZADA CON SU LOGO;https://www.personalizadoshosteleria.com/p7321015-servilleta-miniservice-personalizada-con-su-logo.html;/media/products/servilleta-miniservice-personalizada-con-su-logo/01_personalizacion-miniservice-1698137093-jpg.thumb | /media/products/servilleta-miniservice-personalizada-con-su-logo/02_miniservice-blanca-y-eco-1698044484-jpg.thumb | /media/products/servilleta-miniservice-personalizada-con-su-logo/03_medidas-servilletas-miniservice-1698044484-jpg.thumb | /media/products/servilleta-miniservice-personalizada-con-su-logo/04_personalizados-hosteleria-ventajas-de-compra-16980.thumb | /media/products/servilleta-miniservice-personalizada-con-su-logo/05_logo.jpg | /media/products/servilleta-miniservice-personalizada-con-su-logo/06_presupuestos-1692439054-x128-f-gb.jpg | /media/products/servilleta-miniservice-personalizada-con-su-logo/07_mod-ph-42-1663147591.png | /media/products/servilleta-miniservice-personalizada-con-su-logo/08_mod-ph44-61-cl-1663147591.png | /media/products/servilleta-miniservice-personalizada-con-su-logo/09_canguro-airlaid-con-qr-1663147591.png | /media/products/servilleta-miniservice-personalizada-con-su-logo/10_img-20200128-123820-1663171355.jpg | /media/products/servilleta-miniservice-personalizada-con-su-logo/11_aqui-su-publicidad-1-1670758718.png | /media/products/servilleta-miniservice-personalizada-con-su-logo/12_servilleta-canguro-personalizada-eco-1679684414.png | /media/products/servilleta-miniservice-personalizada-con-su-logo/13_mod-57-1689071732.png | /media/products/servilleta-miniservice-personalizada-con-su-logo/14_compra-1-1612367413-x128-f-gb.jpg | /media/products/servilleta-miniservice-personalizada-con-su-logo/15_optima-1609073646-x128-f-gb.png | /media/products/servilleta-miniservice-personalizada-con-su-logo/16_deja-tu-impresion-de-compra-aqui-queremos-saber-si.png | /media/products/servilleta-miniservice-personalizada-con-su-logo/17_camion-phcom-1610453500-x128-f-gb.png | /media/products/servilleta-miniservice-personalizada-con-su-logo/18_blank.png | /media/products/servilleta-miniservice-personalizada-con-su-logo/26_transparent.png | /media/products/servilleta-miniservice-personalizada-con-su-logo/29_personalizacion-miniservice-1698137093.jpg | /media/products/servilleta-miniservice-personalizada-con-su-logo/34_3-1677231729-jpg.thumb;2026-02-18T09:37:06.152680;;;;;;;
/servilletas-personalizadas/;/servilletas-de-mesa-personalizadas/;canguropersonalizada-3436;7816846;;SERVILLETA CANGURO AIRLAID 34*36. PERSONALIZADA. QR;https://www.personalizadoshosteleria.com/p7816846-canguropersonalizada-3436.html;/media/products/canguropersonalizada-3436/01_canguro-personalizada-airlaid-1670574108-jpg.thumb | /media/products/canguropersonalizada-3436/02_canguro-impresa-phcom-1670574118-jpg.thumb | /media/products/canguropersonalizada-3436/03_canguro-3236-1604396658-jpg.thumb | /media/products/canguropersonalizada-3436/04_servilleta-airlaid-personalizada-1670574133-jpg.thumb | /media/products/canguropersonalizada-3436/05_logo.jpg | /media/products/canguropersonalizada-3436/06_presupuestos-1692439054-x128-f-gb.jpg | /media/products/canguropersonalizada-3436/07_mod-ph-42-1663147591.png | /media/products/canguropersonalizada-3436/08_mod-ph44-61-cl-1663147591.png | /media/products/canguropersonalizada-3436/09_canguro-airlaid-con-qr-1663147591.png | /media/products/canguropersonalizada-3436/10_img-20200128-123820-1663171355.jpg | /media/products/canguropersonalizada-3436/11_aqui-su-publicidad-1-1670758718.png | /media/products/canguropersonalizada-3436/12_servilleta-canguro-personalizada-eco-1679684414.png | /media/products/canguropersonalizada-3436/13_mod-57-1689071732.png | /media/products/canguropersonalizada-3436/14_compra-1-1612367413-x128-f-gb.jpg | /media/products/canguropersonalizada-3436/15_optima-1609073646-x128-f-gb.png | /media/products/canguropersonalizada-3436/16_deja-tu-impresion-de-compra-aqui-queremos-saber-si.png | /media/products/canguropersonalizada-3436/17_camion-phcom-1610453500-x128-f-gb.png | /media/products/canguropersonalizada-3436/18_blank.png | /media/products/canguropersonalizada-3436/26_transparent.png | /media/products/canguropersonalizada-3436/29_canguro-personalizada-airlaid-1670574108.jpg | /media/products/canguropersonalizada-3436/34_facebook-4.png;2026-02-18T11:38:48.284991;;;;;;;
/servilletas-personalizadas/;/servilletas-de-mesa-personalizadas/;servilleta-airlaid-pliegue-americano-o-1-8-3436-personalizada-qr;10446447;;SERVILLETA  AIRLAID PLIEGUE AMERICANO O 1/8, 34*36. PERSONALIZADA. QR;https://www.personalizadoshosteleria.com/p10446447-servilleta-airlaid-pliegue-americano-o-1-8-3436-personalizada-qr.html;/media/products/servilleta-airlaid-pliegue-americano-o-1-8-3436-personalizada-qr/01_servilleta-airlaid-personalizada-1670574582-jpg.thumb | /media/products/servilleta-airlaid-pliegue-americano-o-1-8-3436-personalizada-qr/02_servill-canguro-personalizada-1670574617-jpg.thumb | /media/products/servilleta-airlaid-pliegue-americano-o-1-8-3436-personalizada-qr/03_canguro-personalizada-airlaid-1670574601-jpg.thumb | /media/products/servilleta-airlaid-pliegue-americano-o-1-8-3436-personalizada-qr/04_canguro-impresa-phcom-1670574603-jpg.thumb | /media/products/servilleta-airlaid-pliegue-americano-o-1-8-3436-personalizada-qr/05_logo.jpg | /media/products/servilleta-airlaid-pliegue-americano-o-1-8-3436-personalizada-qr/06_presupuestos-1692439054-x128-f-gb.jpg | /media/products/servilleta-airlaid-pliegue-americano-o-1-8-3436-personalizada-qr/07_mod-ph-42-1663147591.png | /media/products/servilleta-airlaid-pliegue-americano-o-1-8-3436-personalizada-qr/08_mod-ph44-61-cl-1663147591.png | /media/products/servilleta-airlaid-pliegue-americano-o-1-8-3436-personalizada-qr/09_canguro-airlaid-con-qr-1663147591.png | /media/products/servilleta-airlaid-pliegue-americano-o-1-8-3436-personalizada-qr/10_img-20200128-123820-1663171355.jpg | /media/products/servilleta-airlaid-pliegue-americano-o-1-8-3436-personalizada-qr/11_aqui-su-publicidad-1-1670758718.png | /media/products/servilleta-airlaid-pliegue-americano-o-1-8-3436-personalizada-qr/12_servilleta-canguro-personalizada-eco-1679684414.png | /media/products/servilleta-airlaid-pliegue-americano-o-1-8-3436-personalizada-qr/13_mod-57-1689071732.png | /media/products/servilleta-airlaid-pliegue-americano-o-1-8-3436-personalizada-qr/14_compra-1-1612367413-x128-f-gb.jpg | /media/products/servilleta-airlaid-pliegue-americano-o-1-8-3436-personalizada-qr/15_optima-1609073646-x128-f-gb.png | /media/products/servilleta-airlaid-pliegue-americano-o-1-8-3436-personalizada-qr/16_deja-tu-impresion-de-compra-aqui-queremos-saber-si.png | /media/products/servilleta-airlaid-pliegue-americano-o-1-8-3436-personalizada-qr/17_camion-phcom-1610453500-x128-f-gb.png | /media/products/servilleta-airlaid-pliegue-americano-o-1-8-3436-personalizada-qr/18_blank.png | /media/products/servilleta-airlaid-pliegue-americano-o-1-8-3436-personalizada-qr/26_transparent.png | /media/products/servilleta-airlaid-pliegue-americano-o-1-8-3436-personalizada-qr/29_servilleta-airlaid-personalizada-1670574582.jpg | /media/products/servilleta-airlaid-pliegue-americano-o-1-8-3436-personalizada-qr/34_facebook-4.png;2026-02-18T11:38:50.586315;;;;;;;
/servilletas-personalizadas/;/servilletas-de-mesa-personalizadas/;servilleta-canguro-airlaid-personalizada-con-su-logo;7321014;;SERVILLETA AIRLAID CANGURO, PERSONALIZADA;https://www.personalizadoshosteleria.com/p7321014-servilleta-canguro-airlaid-personalizada-con-su-logo.html;/media/products/servilleta-canguro-airlaid-personalizada-con-su-logo/01_logo.jpg | /media/products/servilleta-canguro-airlaid-personalizada-con-su-logo/02_presupuestos-1692439054.jpg | /media/products/servilleta-canguro-airlaid-personalizada-con-su-logo/03_mod-ph-42-1663147591.png | /media/products/servilleta-canguro-airlaid-personalizada-con-su-logo/04_mod-ph44-61-cl-1663147591.png | /media/products/servilleta-canguro-airlaid-personalizada-con-su-logo/05_canguro-airlaid-con-qr-1663147591.png | /media/products/servilleta-canguro-airlaid-personalizada-con-su-logo/06_img-20200128-123820-1663171355.jpg | /media/products/servilleta-canguro-airlaid-personalizada-con-su-logo/07_aqui-su-publicidad-1-1670758718.png | /media/products/servilleta-canguro-airlaid-personalizada-con-su-logo/08_servilleta-canguro-personalizada-eco-1679684414.png | /media/products/servilleta-canguro-airlaid-personalizada-con-su-logo/09_mod-57-1689071732.png | /media/products/servilleta-canguro-airlaid-personalizada-con-su-logo/17_compra-1-1612367413.jpg | /media/products/servilleta-canguro-airlaid-personalizada-con-su-logo/18_optima-1609073646.png | /media/products/servilleta-canguro-airlaid-personalizada-con-su-logo/19_deja-tu-impresion-de-compra-aqui-queremos-saber-si.png | /media/products/servilleta-canguro-airlaid-personalizada-con-su-logo/20_camion-phcom-1610453500-x128-f-gb.png | /media/products/servilleta-canguro-airlaid-personalizada-con-su-logo/21_blank.png | /media/products/servilleta-canguro-airlaid-personalizada-con-su-logo/29_facebook-4.png | /media/products/servilleta-canguro-airlaid-personalizada-con-su-logo/30_instagram-4.png | /media/products/servilleta-canguro-airlaid-personalizada-con-su-logo/31_twitter-5.png;2026-02-18T11:38:07.011835;;;;;;;
/servilletas-personalizadas/;/servilletas-de-mesa-personalizadas/;servilleta-canguro-tissu-personalizada-con-su-logo;7321017;;SERVILLETA CANGURO TISSU PERSONALIZADA CON SU LOGO;https://www.personalizadoshosteleria.com/p7321017-servilleta-canguro-tissu-personalizada-con-su-logo.html;/media/products/servilleta-canguro-tissu-personalizada-con-su-logo/01_servilleta-canguro-personalizada-eco-1679681730-jp.thumb | /media/products/servilleta-canguro-tissu-personalizada-con-su-logo/02_servilleta-canguro-personalizada-ecologica-1679681.thumb | /media/products/servilleta-canguro-tissu-personalizada-con-su-logo/03_servilleta-personalizada-canguro-eco-1679681730-jp.thumb | /media/products/servilleta-canguro-tissu-personalizada-con-su-logo/04_prospecto-servileta-canguro-1679683410-jpg.thumb | /media/products/servilleta-canguro-tissu-personalizada-con-su-logo/05_logo.jpg | /media/products/servilleta-canguro-tissu-personalizada-con-su-logo/06_presupuestos-1692439054-x128-f-gb.jpg | /media/products/servilleta-canguro-tissu-personalizada-con-su-logo/07_mod-ph-42-1663147591.png | /media/products/servilleta-canguro-tissu-personalizada-con-su-logo/08_mod-ph44-61-cl-1663147591.png | /media/products/servilleta-canguro-tissu-personalizada-con-su-logo/09_canguro-airlaid-con-qr-1663147591.png | /media/products/servilleta-canguro-tissu-personalizada-con-su-logo/10_img-20200128-123820-1663171355.jpg | /media/products/servilleta-canguro-tissu-personalizada-con-su-logo/11_aqui-su-publicidad-1-1670758718.png | /media/products/servilleta-canguro-tissu-personalizada-con-su-logo/12_servilleta-canguro-personalizada-eco-1679684414.png | /media/products/servilleta-canguro-tissu-personalizada-con-su-logo/13_mod-57-1689071732.png | /media/products/servilleta-canguro-tissu-personalizada-con-su-logo/14_compra-1-1612367413-x128-f-gb.jpg | /media/products/servilleta-canguro-tissu-personalizada-con-su-logo/15_optima-1609073646-x128-f-gb.png | /media/products/servilleta-canguro-tissu-personalizada-con-su-logo/16_deja-tu-impresion-de-compra-aqui-queremos-saber-si.png | /media/products/servilleta-canguro-tissu-personalizada-con-su-logo/17_camion-phcom-1610453500-x128-f-gb.png | /media/products/servilleta-canguro-tissu-personalizada-con-su-logo/18_blank.png | /media/products/servilleta-canguro-tissu-personalizada-con-su-logo/26_transparent.png | /media/products/servilleta-canguro-tissu-personalizada-con-su-logo/29_servilleta-canguro-personalizada-eco-1679681730.jpg | /media/products/servilleta-canguro-tissu-personalizada-con-su-logo/34_manteleria-personalizada-1-1610441370-jpg.thumb;2026-02-18T09:36:59.878842;;;;;;;
/servilletas-personalizadas/;;cubo-en-madera-lectura-qr-grabado;7814616;X;CUBO EN MADERA LECTURA QR, GRABADO;https://www.personalizadoshosteleria.com/p7814616-cubo-en-madera-lectura-qr-grabado.html;/media/products/cubo-en-madera-lectura-qr-grabado/01_elementos-qr-natural-1603719826-jpg.thumb | /media/products/cubo-en-madera-lectura-qr-grabado/02_cubo-1604304363-jpg.thumb | /media/products/cubo-en-madera-lectura-qr-grabado/03_cubo800-1604304131-jpg.thumb | /media/products/cubo-en-madera-lectura-qr-grabado/04_logo.jpg | /media/products/cubo-en-madera-lectura-qr-grabado/05_presupuestos-1692439054-x128-f-gb.jpg | /media/products/cubo-en-madera-lectura-qr-grabado/06_mod-ph-42-1663147591.png | /media/products/cubo-en-madera-lectura-qr-grabado/07_mod-ph44-61-cl-1663147591.png | /media/products/cubo-en-madera-lectura-qr-grabado/08_canguro-airlaid-con-qr-1663147591.png | /media/products/cubo-en-madera-lectura-qr-grabado/09_img-20200128-123820-1663171355.jpg | /media/products/cubo-en-madera-lectura-qr-grabado/10_aqui-su-publicidad-1-1670758718.png | /media/products/cubo-en-madera-lectura-qr-grabado/11_servilleta-canguro-personalizada-eco-1679684414.png | /media/products/cubo-en-madera-lectura-qr-grabado/12_mod-57-1689071732.png | /media/products/cubo-en-madera-lectura-qr-grabado/13_compra-1-1612367413-x128-f-gb.jpg | /media/products/cubo-en-madera-lectura-qr-grabado/14_optima-1609073646-x128-f-gb.png | /media/products/cubo-en-madera-lectura-qr-grabado/15_deja-tu-impresion-de-compra-aqui-queremos-saber-si.png | /media/products/cubo-en-madera-lectura-qr-grabado/16_camion-phcom-1610453500-x128-f-gb.png | /media/products/cubo-en-madera-lectura-qr-grabado/17_blank.png | /media/products/cubo-en-madera-lectura-qr-grabado/25_transparent.png | /media/products/cubo-en-madera-lectura-qr-grabado/28_elementos-qr-natural-1603719826.jpg | /media/products/cubo-en-madera-lectura-qr-grabado/32_canguro-personalizada-airlaid-1670574108-jpg.thumb | /media/products/cubo-en-madera-lectura-qr-grabado/33_facebook-4.png;2026-02-18T12:30:37.949282;;;;;;;
/servilletas-personalizadas/;;elementos-qr-en-madera-grabado;7814592;X;OBELISCO EN MADERA LECTURA QR. GRABADO;https://www.personalizadoshosteleria.com/p7814592-elementos-qr-en-madera-grabado.html;/media/products/elementos-qr-en-madera-grabado/01_elementos-qr-negro-1603719738-jpg.thumb | /media/products/elementos-qr-en-madera-grabado/02_obeliscos-1598187916-jpg.thumb | /media/products/elementos-qr-en-madera-grabado/03_cubo-y-pizarra-1598188511-jpg.thumb | /media/products/elementos-qr-en-madera-grabado/04_logo.jpg | /media/products/elementos-qr-en-madera-grabado/05_presupuestos-1692439054-x128-f-gb.jpg | /media/products/elementos-qr-en-madera-grabado/06_mod-ph-42-1663147591.png | /media/products/elementos-qr-en-madera-grabado/07_mod-ph44-61-cl-1663147591.png | /media/products/elementos-qr-en-madera-grabado/08_canguro-airlaid-con-qr-1663147591.png | /media/products/elementos-qr-en-madera-grabado/09_img-20200128-123820-1663171355.jpg | /media/products/elementos-qr-en-madera-grabado/10_aqui-su-publicidad-1-1670758718.png | /media/products/elementos-qr-en-madera-grabado/11_servilleta-canguro-personalizada-eco-1679684414.png | /media/products/elementos-qr-en-madera-grabado/12_mod-57-1689071732.png | /media/products/elementos-qr-en-madera-grabado/13_compra-1-1612367413-x128-f-gb.jpg | /media/products/elementos-qr-en-madera-grabado/14_optima-1609073646-x128-f-gb.png | /media/products/elementos-qr-en-madera-grabado/15_deja-tu-impresion-de-compra-aqui-queremos-saber-si.png | /media/products/elementos-qr-en-madera-grabado/16_camion-phcom-1610453500-x128-f-gb.png | /media/products/elementos-qr-en-madera-grabado/17_blank.png | /media/products/elementos-qr-en-madera-grabado/25_transparent.png | /media/products/elementos-qr-en-madera-grabado/28_elementos-qr-negro-1603719738.jpg | /media/products/elementos-qr-en-madera-grabado/32_canguro-personalizada-airlaid-1670574108-jpg.thumb | /media/products/elementos-qr-en-madera-grabado/33_facebook-4.png;2026-02-18T12:30:35.382516;;;;;;;
/servilletas-personalizadas/;;servilletero-giant-personalizado-con-tu-logo;7308723;X;SERVILLETERO GIANT PERSONALIZADO CON TU LOGO;https://www.personalizadoshosteleria.com/p7308723-servilletero-giant-personalizado-con-tu-logo.html;/media/products/servilletero-giant-personalizado-con-tu-logo/01_servilletero-giant-personalizado-blanco-1610106331.thumb | /media/products/servilletero-giant-personalizado-con-tu-logo/02_servilletero-gian-personalizado-azul-1610106592-jp.thumb | /media/products/servilletero-giant-personalizado-con-tu-logo/03_servilletero-personalizado-cocktail-negro-16101066.thumb | /media/products/servilletero-giant-personalizado-con-tu-logo/04_servilletero-miniservice-personalizado-blanco-1610.thumb | /media/products/servilletero-giant-personalizado-con-tu-logo/05_logo.jpg | /media/products/servilletero-giant-personalizado-con-tu-logo/06_presupuestos-1692439054-x128-f-gb.jpg | /media/products/servilletero-giant-personalizado-con-tu-logo/07_mod-ph-42-1663147591.png | /media/products/servilletero-giant-personalizado-con-tu-logo/08_mod-ph44-61-cl-1663147591.png | /media/products/servilletero-giant-personalizado-con-tu-logo/09_canguro-airlaid-con-qr-1663147591.png | /media/products/servilletero-giant-personalizado-con-tu-logo/10_img-20200128-123820-1663171355.jpg | /media/products/servilletero-giant-personalizado-con-tu-logo/11_aqui-su-publicidad-1-1670758718.png | /media/products/servilletero-giant-personalizado-con-tu-logo/12_servilleta-canguro-personalizada-eco-1679684414.png | /media/products/servilletero-giant-personalizado-con-tu-logo/13_mod-57-1689071732.png | /media/products/servilletero-giant-personalizado-con-tu-logo/14_compra-1-1612367413-x128-f-gb.jpg | /media/products/servilletero-giant-personalizado-con-tu-logo/15_optima-1609073646-x128-f-gb.png | /media/products/servilletero-giant-personalizado-con-tu-logo/16_deja-tu-impresion-de-compra-aqui-queremos-saber-si.png | /media/products/servilletero-giant-personalizado-con-tu-logo/17_camion-phcom-1610453500-x128-f-gb.png | /media/products/servilletero-giant-personalizado-con-tu-logo/18_blank.png | /media/products/servilletero-giant-personalizado-con-tu-logo/26_transparent.png | /media/products/servilletero-giant-personalizado-con-tu-logo/29_servilletero-giant-personalizado-blanco-1610106331.jpg | /media/products/servilletero-giant-personalizado-con-tu-logo/34_principe-1607691048-jpg.thumb;2026-02-18T12:31:52.002586;;;;;;;
/servilletas-personalizadas/;;servilletero-miniservice-con-palillero-y-portamenu-con-tu-logo;7320954;X;SERVILLETERO MINISERVICE CON PALILLERO Y PORTAMENU CON TU LOGO;https://www.personalizadoshosteleria.com/p7320954-servilletero-miniservice-con-palillero-y-portamenu-con-tu-logo.html;/media/products/servilletero-miniservice-con-palillero-y-portamenu-con-tu-logo/01_servilletero-miniservice-1580633994-jpg.thumb | /media/products/servilletero-miniservice-con-palillero-y-portamenu-con-tu-logo/02_logo.jpg | /media/products/servilletero-miniservice-con-palillero-y-portamenu-con-tu-logo/03_presupuestos-1692439054-x128-f-gb.jpg | /media/products/servilletero-miniservice-con-palillero-y-portamenu-con-tu-logo/04_mod-ph-42-1663147591.png | /media/products/servilletero-miniservice-con-palillero-y-portamenu-con-tu-logo/05_mod-ph44-61-cl-1663147591.png | /media/products/servilletero-miniservice-con-palillero-y-portamenu-con-tu-logo/06_canguro-airlaid-con-qr-1663147591.png | /media/products/servilletero-miniservice-con-palillero-y-portamenu-con-tu-logo/07_img-20200128-123820-1663171355.jpg | /media/products/servilletero-miniservice-con-palillero-y-portamenu-con-tu-logo/08_aqui-su-publicidad-1-1670758718.png | /media/products/servilletero-miniservice-con-palillero-y-portamenu-con-tu-logo/09_servilleta-canguro-personalizada-eco-1679684414.png | /media/products/servilletero-miniservice-con-palillero-y-portamenu-con-tu-logo/10_mod-57-1689071732.png | /media/products/servilletero-miniservice-con-palillero-y-portamenu-con-tu-logo/11_compra-1-1612367413-x128-f-gb.jpg | /media/products/servilletero-miniservice-con-palillero-y-portamenu-con-tu-logo/12_optima-1609073646-x128-f-gb.png | /media/products/servilletero-miniservice-con-palillero-y-portamenu-con-tu-logo/13_deja-tu-impresion-de-compra-aqui-queremos-saber-si.png | /media/products/servilletero-miniservice-con-palillero-y-portamenu-con-tu-logo/14_camion-phcom-1610453500-x128-f-gb.png | /media/products/servilletero-miniservice-con-palillero-y-portamenu-con-tu-logo/15_blank.png | /media/products/servilletero-miniservice-con-palillero-y-portamenu-con-tu-logo/23_transparent.png | /media/products/servilletero-miniservice-con-palillero-y-portamenu-con-tu-logo/26_servilletero-miniservice-1580633994.jpg | /media/products/servilletero-miniservice-con-palillero-y-portamenu-con-tu-logo/28_personalizacion-miniservice-1698137093-jpg.thumb | /media/products/servilletero-miniservice-con-palillero-y-portamenu-con-tu-logo/29_facebook-4.png | /media/products/servilletero-miniservice-con-palillero-y-portamenu-con-tu-logo/30_instagram-4.png | /media/products/servilletero-miniservice-con-palillero-y-portamenu-con-tu-logo/31_twitter-5.png;2026-02-18T12:31:46.768254;;;;;;;
/servilletas-personalizadas/;;servilletero-para-servelleta-2020-personalizado;7308708;X;SERVILLETERO PARA SERVILLETA 20*20 EN MADERA Y PERSONALIZADO;https://www.personalizadoshosteleria.com/p7308708-servilletero-para-servelleta-2020-personalizado.html;/media/products/servilletero-para-servelleta-2020-personalizado/01_2020venezia-1580637910-png.thumb | /media/products/servilletero-para-servelleta-2020-personalizado/02_vnezia20-1580638254-jpg.thumb | /media/products/servilletero-para-servelleta-2020-personalizado/03_algunas-imagine-1580638861-jpg.thumb | /media/products/servilletero-para-servelleta-2020-personalizado/04_logo.jpg | /media/products/servilletero-para-servelleta-2020-personalizado/05_presupuestos-1692439054-x128-f-gb.jpg | /media/products/servilletero-para-servelleta-2020-personalizado/06_mod-ph-42-1663147591.png | /media/products/servilletero-para-servelleta-2020-personalizado/07_mod-ph44-61-cl-1663147591.png | /media/products/servilletero-para-servelleta-2020-personalizado/08_canguro-airlaid-con-qr-1663147591.png | /media/products/servilletero-para-servelleta-2020-personalizado/09_img-20200128-123820-1663171355.jpg | /media/products/servilletero-para-servelleta-2020-personalizado/10_aqui-su-publicidad-1-1670758718.png | /media/products/servilletero-para-servelleta-2020-personalizado/11_servilleta-canguro-personalizada-eco-1679684414.png | /media/products/servilletero-para-servelleta-2020-personalizado/12_mod-57-1689071732.png | /media/products/servilletero-para-servelleta-2020-personalizado/13_compra-1-1612367413-x128-f-gb.jpg | /media/products/servilletero-para-servelleta-2020-personalizado/14_optima-1609073646-x128-f-gb.png | /media/products/servilletero-para-servelleta-2020-personalizado/15_deja-tu-impresion-de-compra-aqui-queremos-saber-si.png | /media/products/servilletero-para-servelleta-2020-personalizado/16_camion-phcom-1610453500-x128-f-gb.png | /media/products/servilletero-para-servelleta-2020-personalizado/17_blank.png | /media/products/servilletero-para-servelleta-2020-personalizado/25_transparent.png | /media/products/servilletero-para-servelleta-2020-personalizado/28_2020venezia-1580637910.png | /media/products/servilletero-para-servelleta-2020-personalizado/32_manteleria-personalizada-1-1610441370-jpg.thumb | /media/products/servilletero-para-servelleta-2020-personalizado/33_1-1606664708-jpg.thumb;2026-02-18T12:31:49.366238;;;;;;;
/vajilla-personalizada/;/fuentes-ensaladeras-personalizadas/;ensaladera-personalizada-18-cms-ph5;8524106;;Ensaladera Personalizada 18 cms, PH5;https://www.personalizadoshosteleria.com/p8524106-ensaladera-personalizada-18-cms-ph5.html;/media/products/ensaladera-personalizada-18-cms-ph5/01_ensaladeras-personalizadas-ph5-1619950198-jpg.thumb | /media/products/ensaladera-personalizada-18-cms-ph5/02_ensaladera-personalizada-18-ph-1619950176-jpg.thumb | /media/products/ensaladera-personalizada-18-cms-ph5/03_ensaladera-personalizada-23-cms-ph5-1619950193-jpg.thumb | /media/products/ensaladera-personalizada-18-cms-ph5/04_calidad-personalizacion-vajilla-1619950202-jpg.thumb | /media/products/ensaladera-personalizada-18-cms-ph5/05_logo.jpg | /media/products/ensaladera-personalizada-18-cms-ph5/06_presupuestos-1692439054-x128-f-gb.jpg | /media/products/ensaladera-personalizada-18-cms-ph5/07_mod-ph-42-1663147591.png | /media/products/ensaladera-personalizada-18-cms-ph5/08_mod-ph44-61-cl-1663147591.png | /media/products/ensaladera-personalizada-18-cms-ph5/09_canguro-airlaid-con-qr-1663147591.png | /media/products/ensaladera-personalizada-18-cms-ph5/10_img-20200128-123820-1663171355.jpg | /media/products/ensaladera-personalizada-18-cms-ph5/11_aqui-su-publicidad-1-1670758718.png | /media/products/ensaladera-personalizada-18-cms-ph5/12_servilleta-canguro-personalizada-eco-1679684414.png | /media/products/ensaladera-personalizada-18-cms-ph5/13_mod-57-1689071732.png | /media/products/ensaladera-personalizada-18-cms-ph5/14_compra-1-1612367413-x128-f-gb.jpg | /media/products/ensaladera-personalizada-18-cms-ph5/15_optima-1609073646-x128-f-gb.png | /media/products/ensaladera-personalizada-18-cms-ph5/16_deja-tu-impresion-de-compra-aqui-queremos-saber-si.png | /media/products/ensaladera-personalizada-18-cms-ph5/17_camion-phcom-1610453500-x128-f-gb.png | /media/products/ensaladera-personalizada-18-cms-ph5/18_blank.png | /media/products/ensaladera-personalizada-18-cms-ph5/26_transparent.png | /media/products/ensaladera-personalizada-18-cms-ph5/29_ensaladeras-personalizadas-ph5-1619950198.jpg | /media/products/ensaladera-personalizada-18-cms-ph5/34_tazay-platillo-personalizados-ischia-1611430321-pn.thumb;2026-02-18T11:40:27.652409;;;;;;;
/vajilla-personalizada/;/fuentes-ensaladeras-personalizadas/;ensaladera-personalizada-23-cms-ph5;8524107;;Ensaladera Personalizada 23 cms, PH5;https://www.personalizadoshosteleria.com/p8524107-ensaladera-personalizada-23-cms-ph5.html;/media/products/ensaladera-personalizada-23-cms-ph5/01_ensaladera-personalizada-23-cms-ph5-1619950877-jpg.thumb | /media/products/ensaladera-personalizada-23-cms-ph5/02_ensaladeras-personalizadas-ph5-1619950882-jpg.thumb | /media/products/ensaladera-personalizada-23-cms-ph5/03_calidad-personalizacion-vajilla-1619950891-jpg.thumb | /media/products/ensaladera-personalizada-23-cms-ph5/04_ensaladera-personalizada-18-ph-1619950888-jpg.thumb | /media/products/ensaladera-personalizada-23-cms-ph5/05_logo.jpg | /media/products/ensaladera-personalizada-23-cms-ph5/06_presupuestos-1692439054-x128-f-gb.jpg | /media/products/ensaladera-personalizada-23-cms-ph5/07_mod-ph-42-1663147591.png | /media/products/ensaladera-personalizada-23-cms-ph5/08_mod-ph44-61-cl-1663147591.png | /media/products/ensaladera-personalizada-23-cms-ph5/09_canguro-airlaid-con-qr-1663147591.png | /media/products/ensaladera-personalizada-23-cms-ph5/10_img-20200128-123820-1663171355.jpg | /media/products/ensaladera-personalizada-23-cms-ph5/11_aqui-su-publicidad-1-1670758718.png | /media/products/ensaladera-personalizada-23-cms-ph5/12_servilleta-canguro-personalizada-eco-1679684414.png | /media/products/ensaladera-personalizada-23-cms-ph5/13_mod-57-1689071732.png | /media/products/ensaladera-personalizada-23-cms-ph5/14_compra-1-1612367413-x128-f-gb.jpg | /media/products/ensaladera-personalizada-23-cms-ph5/15_optima-1609073646-x128-f-gb.png | /media/products/ensaladera-personalizada-23-cms-ph5/16_deja-tu-impresion-de-compra-aqui-queremos-saber-si.png | /media/products/ensaladera-personalizada-23-cms-ph5/17_camion-phcom-1610453500-x128-f-gb.png | /media/products/ensaladera-personalizada-23-cms-ph5/18_blank.png | /media/products/ensaladera-personalizada-23-cms-ph5/26_transparent.png | /media/products/ensaladera-personalizada-23-cms-ph5/29_ensaladera-personalizada-23-cms-ph5-1619950877.jpg | /media/products/ensaladera-personalizada-23-cms-ph5/34_vaso-de-cerveza-personalizado-nonix-29-1612703110-.thumb;2026-02-18T11:40:29.922661;;;;;;;
/vajilla-personalizada/;/fuentes-ensaladeras-personalizadas/;ensaladera-personalizada-hosteleria-mod-ph4;8381321;;ENSALADERA PERSONALIZADA HOSTELERIA MOD. PH4;https://www.personalizadoshosteleria.com/p8381321-ensaladera-personalizada-hosteleria-mod-ph4.html;/media/products/ensaladera-personalizada-hosteleria-mod-ph4/01_ensaladera-personalizada-mod-ph4-1-1614505968-jpg.thumb | /media/products/ensaladera-personalizada-hosteleria-mod-ph4/02_ensalkadera-personalizada-ph4-1614506033-jpg.thumb | /media/products/ensaladera-personalizada-hosteleria-mod-ph4/03_ensaladera-en-color-cobalto-ph4-1614506489-jpg.thumb | /media/products/ensaladera-personalizada-hosteleria-mod-ph4/04_calidad-grabado-1614506250-jpg.thumb | /media/products/ensaladera-personalizada-hosteleria-mod-ph4/05_logo.jpg | /media/products/ensaladera-personalizada-hosteleria-mod-ph4/06_presupuestos-1692439054-x128-f-gb.jpg | /media/products/ensaladera-personalizada-hosteleria-mod-ph4/07_mod-ph-42-1663147591.png | /media/products/ensaladera-personalizada-hosteleria-mod-ph4/08_mod-ph44-61-cl-1663147591.png | /media/products/ensaladera-personalizada-hosteleria-mod-ph4/09_canguro-airlaid-con-qr-1663147591.png | /media/products/ensaladera-personalizada-hosteleria-mod-ph4/10_img-20200128-123820-1663171355.jpg | /media/products/ensaladera-personalizada-hosteleria-mod-ph4/11_aqui-su-publicidad-1-1670758718.png | /media/products/ensaladera-personalizada-hosteleria-mod-ph4/12_servilleta-canguro-personalizada-eco-1679684414.png | /media/products/ensaladera-personalizada-hosteleria-mod-ph4/13_mod-57-1689071732.png | /media/products/ensaladera-personalizada-hosteleria-mod-ph4/14_compra-1-1612367413-x128-f-gb.jpg | /media/products/ensaladera-personalizada-hosteleria-mod-ph4/15_optima-1609073646-x128-f-gb.png | /media/products/ensaladera-personalizada-hosteleria-mod-ph4/16_deja-tu-impresion-de-compra-aqui-queremos-saber-si.png | /media/products/ensaladera-personalizada-hosteleria-mod-ph4/17_camion-phcom-1610453500-x128-f-gb.png | /media/products/ensaladera-personalizada-hosteleria-mod-ph4/18_blank.png | /media/products/ensaladera-personalizada-hosteleria-mod-ph4/26_transparent.png | /media/products/ensaladera-personalizada-hosteleria-mod-ph4/29_ensaladera-personalizada-mod-ph4-1-1614505968.jpg | /media/products/ensaladera-personalizada-hosteleria-mod-ph4/34_servilleta-canguro-personalizada-eco-1679681730-jp.thumb;2026-02-18T11:41:46.506442;;;;;;;
/vajilla-personalizada/;/fuentes-ensaladeras-personalizadas/;ensaladeras-ph1;8225541;;Ensaladera Personalizada MOD. PH1;https://www.personalizadoshosteleria.com/p8225541-ensaladeras-ph1.html;/media/products/ensaladeras-ph1/01_ensaladera-ph1-1724776256-jpg.thumb | /media/products/ensaladeras-ph1/02_ensaladeras-ph1-1724776257-jpg.thumb | /media/products/ensaladeras-ph1/03_ensaladeras-ph1-1614863665-jpg.thumb | /media/products/ensaladeras-ph1/04_calidad-personalizacion-1614863850-jpg.thumb | /media/products/ensaladeras-ph1/05_logo.jpg | /media/products/ensaladeras-ph1/06_presupuestos-1692439054-x128-f-gb.jpg | /media/products/ensaladeras-ph1/07_mod-ph-42-1663147591.png | /media/products/ensaladeras-ph1/08_mod-ph44-61-cl-1663147591.png | /media/products/ensaladeras-ph1/09_canguro-airlaid-con-qr-1663147591.png | /media/products/ensaladeras-ph1/10_img-20200128-123820-1663171355.jpg | /media/products/ensaladeras-ph1/11_aqui-su-publicidad-1-1670758718.png | /media/products/ensaladeras-ph1/12_servilleta-canguro-personalizada-eco-1679684414.png | /media/products/ensaladeras-ph1/13_mod-57-1689071732.png | /media/products/ensaladeras-ph1/14_compra-1-1612367413-x128-f-gb.jpg | /media/products/ensaladeras-ph1/15_optima-1609073646-x128-f-gb.png | /media/products/ensaladeras-ph1/16_deja-tu-impresion-de-compra-aqui-queremos-saber-si.png | /media/products/ensaladeras-ph1/17_camion-phcom-1610453500-x128-f-gb.png | /media/products/ensaladeras-ph1/18_blank.png | /media/products/ensaladeras-ph1/26_transparent.png | /media/products/ensaladeras-ph1/29_ensaladera-ph1-1724776256.jpg | /media/products/ensaladeras-ph1/34_1-1607938683-png.thumb;2026-02-18T11:41:43.901178;;;;;;;
/vajilla-personalizada/;/fuentes-ensaladeras-personalizadas/;fuente-carne-28-cms;8225543;;FUENTE DE CARNE PERSONALIZADA MOD. PH1;https://www.personalizadoshosteleria.com/p8225543-fuente-carne-28-cms.html;/media/products/fuente-carne-28-cms/01_fuente-ph1-1724775378-jpg.thumb | /media/products/fuente-carne-28-cms/02_fuentes-ph1-1724775378-jpg.thumb | /media/products/fuente-carne-28-cms/03_calidad-personalizacion-vajilla-1615664072-jpg.thumb | /media/products/fuente-carne-28-cms/04_logo.jpg | /media/products/fuente-carne-28-cms/05_presupuestos-1692439054-x128-f-gb.jpg | /media/products/fuente-carne-28-cms/06_mod-ph-42-1663147591.png | /media/products/fuente-carne-28-cms/07_mod-ph44-61-cl-1663147591.png | /media/products/fuente-carne-28-cms/08_canguro-airlaid-con-qr-1663147591.png | /media/products/fuente-carne-28-cms/09_img-20200128-123820-1663171355.jpg | /media/products/fuente-carne-28-cms/10_aqui-su-publicidad-1-1670758718.png | /media/products/fuente-carne-28-cms/11_servilleta-canguro-personalizada-eco-1679684414.png | /media/products/fuente-carne-28-cms/12_mod-57-1689071732.png | /media/products/fuente-carne-28-cms/13_compra-1-1612367413-x128-f-gb.jpg | /media/products/fuente-carne-28-cms/14_optima-1609073646-x128-f-gb.png | /media/products/fuente-carne-28-cms/15_deja-tu-impresion-de-compra-aqui-queremos-saber-si.png | /media/products/fuente-carne-28-cms/16_camion-phcom-1610453500-x128-f-gb.png | /media/products/fuente-carne-28-cms/17_blank.png | /media/products/fuente-carne-28-cms/25_transparent.png | /media/products/fuente-carne-28-cms/28_fuente-ph1-1724775378.jpg | /media/products/fuente-carne-28-cms/32_manteleria-personalizada-1-1610441370-jpg.thumb | /media/products/fuente-carne-28-cms/33_magnum-130-1580490498-png.thumb;2026-02-18T11:41:25.593981;;;;;;;
/vajilla-personalizada/;/fuentes-ensaladeras-personalizadas/;fuente-carne-o-pescado-mod-ph4;8225563;;FUENTE CARNE O PESCADO MOD. PH4;https://www.personalizadoshosteleria.com/p8225563-fuente-carne-o-pescado-mod-ph4.html;/media/products/fuente-carne-o-pescado-mod-ph4/01_fuentes-y-rabanera-personalizadas-ph4-1614429592-j.thumb | /media/products/fuente-carne-o-pescado-mod-ph4/02_fuentes-carne-o-pescado-ph4-1614457080-jpg.thumb | /media/products/fuente-carne-o-pescado-mod-ph4/03_fuente-rectangular-35-cms-1617299107-jpg.thumb | /media/products/fuente-carne-o-pescado-mod-ph4/04_calidad-personalizacion-ph4-1614429547-jpg.thumb | /media/products/fuente-carne-o-pescado-mod-ph4/05_logo.jpg | /media/products/fuente-carne-o-pescado-mod-ph4/06_presupuestos-1692439054-x128-f-gb.jpg | /media/products/fuente-carne-o-pescado-mod-ph4/07_mod-ph-42-1663147591.png | /media/products/fuente-carne-o-pescado-mod-ph4/08_mod-ph44-61-cl-1663147591.png | /media/products/fuente-carne-o-pescado-mod-ph4/09_canguro-airlaid-con-qr-1663147591.png | /media/products/fuente-carne-o-pescado-mod-ph4/10_img-20200128-123820-1663171355.jpg | /media/products/fuente-carne-o-pescado-mod-ph4/11_aqui-su-publicidad-1-1670758718.png | /media/products/fuente-carne-o-pescado-mod-ph4/12_servilleta-canguro-personalizada-eco-1679684414.png | /media/products/fuente-carne-o-pescado-mod-ph4/13_mod-57-1689071732.png | /media/products/fuente-carne-o-pescado-mod-ph4/14_compra-1-1612367413-x128-f-gb.jpg | /media/products/fuente-carne-o-pescado-mod-ph4/15_optima-1609073646-x128-f-gb.png | /media/products/fuente-carne-o-pescado-mod-ph4/16_deja-tu-impresion-de-compra-aqui-queremos-saber-si.png | /media/products/fuente-carne-o-pescado-mod-ph4/17_camion-phcom-1610453500-x128-f-gb.png | /media/products/fuente-carne-o-pescado-mod-ph4/18_blank.png | /media/products/fuente-carne-o-pescado-mod-ph4/26_transparent.png | /media/products/fuente-carne-o-pescado-mod-ph4/29_fuentes-y-rabanera-personalizadas-ph4-1614429592.jpg | /media/products/fuente-carne-o-pescado-mod-ph4/34_tazay-platillo-personalizados-ischia-1611430321-pn.thumb;2026-02-18T11:41:27.873003;;;;;;;
/vajilla-personalizada/;/fuentes-ensaladeras-personalizadas/;fuente-de-presentacion-personalizada-36-cms-ph5;8524092;;Fuente de presentación Personalizada 36 cms. PH5;https://www.personalizadoshosteleria.com/p8524092-fuente-de-presentacion-personalizada-36-cms-ph5.html;/media/products/fuente-de-presentacion-personalizada-36-cms-ph5/01_fuente-personalizada-ph5-36-1619946314-jpg.thumb | /media/products/fuente-de-presentacion-personalizada-36-cms-ph5/02_fuente-personalizada-ph5-36-2-1619946320-jpg.thumb | /media/products/fuente-de-presentacion-personalizada-36-cms-ph5/03_mod-ph5-wing-2-1619946328-jpg.thumb | /media/products/fuente-de-presentacion-personalizada-36-cms-ph5/04_calidad-personalizacion-vajilla-1619946333-jpg.thumb | /media/products/fuente-de-presentacion-personalizada-36-cms-ph5/05_logo.jpg | /media/products/fuente-de-presentacion-personalizada-36-cms-ph5/06_presupuestos-1692439054-x128-f-gb.jpg | /media/products/fuente-de-presentacion-personalizada-36-cms-ph5/07_mod-ph-42-1663147591.png | /media/products/fuente-de-presentacion-personalizada-36-cms-ph5/08_mod-ph44-61-cl-1663147591.png | /media/products/fuente-de-presentacion-personalizada-36-cms-ph5/09_canguro-airlaid-con-qr-1663147591.png | /media/products/fuente-de-presentacion-personalizada-36-cms-ph5/10_img-20200128-123820-1663171355.jpg | /media/products/fuente-de-presentacion-personalizada-36-cms-ph5/11_aqui-su-publicidad-1-1670758718.png | /media/products/fuente-de-presentacion-personalizada-36-cms-ph5/12_servilleta-canguro-personalizada-eco-1679684414.png | /media/products/fuente-de-presentacion-personalizada-36-cms-ph5/13_mod-57-1689071732.png | /media/products/fuente-de-presentacion-personalizada-36-cms-ph5/14_compra-1-1612367413-x128-f-gb.jpg | /media/products/fuente-de-presentacion-personalizada-36-cms-ph5/15_optima-1609073646-x128-f-gb.png | /media/products/fuente-de-presentacion-personalizada-36-cms-ph5/16_deja-tu-impresion-de-compra-aqui-queremos-saber-si.png | /media/products/fuente-de-presentacion-personalizada-36-cms-ph5/17_camion-phcom-1610453500-x128-f-gb.png | /media/products/fuente-de-presentacion-personalizada-36-cms-ph5/18_blank.png | /media/products/fuente-de-presentacion-personalizada-36-cms-ph5/26_transparent.png | /media/products/fuente-de-presentacion-personalizada-36-cms-ph5/29_fuente-personalizada-ph5-36-1619946314.jpg | /media/products/fuente-de-presentacion-personalizada-36-cms-ph5/34_magnum-130-1580490498-png.thumb;2026-02-18T09:36:28.625127;;;;;;;
/vajilla-personalizada/;/fuentes-ensaladeras-personalizadas/;fuente-de-presentacion-personalizada-40-cms-ph5;8524097;;Fuente de presentación Personalizada 40 cms. PH5;https://www.personalizadoshosteleria.com/p8524097-fuente-de-presentacion-personalizada-40-cms-ph5.html;/media/products/fuente-de-presentacion-personalizada-40-cms-ph5/01_bajoplato-personalizado-35-ph5-1619948339-jpg.thumb | /media/products/fuente-de-presentacion-personalizada-40-cms-ph5/02_plato-llano-personalizado-31-2-1619948346-jpg.thumb | /media/products/fuente-de-presentacion-personalizada-40-cms-ph5/03_calidad-personalizacion-vajilla-1619948353-jpg.thumb | /media/products/fuente-de-presentacion-personalizada-40-cms-ph5/04_mod-ph5-wing-2-1619948369-jpg.thumb | /media/products/fuente-de-presentacion-personalizada-40-cms-ph5/05_logo.jpg | /media/products/fuente-de-presentacion-personalizada-40-cms-ph5/06_presupuestos-1692439054-x128-f-gb.jpg | /media/products/fuente-de-presentacion-personalizada-40-cms-ph5/07_mod-ph-42-1663147591.png | /media/products/fuente-de-presentacion-personalizada-40-cms-ph5/08_mod-ph44-61-cl-1663147591.png | /media/products/fuente-de-presentacion-personalizada-40-cms-ph5/09_canguro-airlaid-con-qr-1663147591.png | /media/products/fuente-de-presentacion-personalizada-40-cms-ph5/10_img-20200128-123820-1663171355.jpg | /media/products/fuente-de-presentacion-personalizada-40-cms-ph5/11_aqui-su-publicidad-1-1670758718.png | /media/products/fuente-de-presentacion-personalizada-40-cms-ph5/12_servilleta-canguro-personalizada-eco-1679684414.png | /media/products/fuente-de-presentacion-personalizada-40-cms-ph5/13_mod-57-1689071732.png | /media/products/fuente-de-presentacion-personalizada-40-cms-ph5/14_compra-1-1612367413-x128-f-gb.jpg | /media/products/fuente-de-presentacion-personalizada-40-cms-ph5/15_optima-1609073646-x128-f-gb.png | /media/products/fuente-de-presentacion-personalizada-40-cms-ph5/16_deja-tu-impresion-de-compra-aqui-queremos-saber-si.png | /media/products/fuente-de-presentacion-personalizada-40-cms-ph5/17_camion-phcom-1610453500-x128-f-gb.png | /media/products/fuente-de-presentacion-personalizada-40-cms-ph5/18_blank.png | /media/products/fuente-de-presentacion-personalizada-40-cms-ph5/26_transparent.png | /media/products/fuente-de-presentacion-personalizada-40-cms-ph5/29_bajoplato-personalizado-35-ph5-1619948339.jpg | /media/products/fuente-de-presentacion-personalizada-40-cms-ph5/34_categoria-vajilla-ph1-1615129263-jpg.thumb;2026-02-18T09:36:31.249142;;;;;;;
/vajilla-personalizada/;/manteles-caminos-personalizados/;mantel-tnt-personalizado-3040-con-codigo-qr;7758027;;MANTELITO TNT PERSONALIZADO CON TU LOGO Y CÓDIGO QR;https://www.personalizadoshosteleria.com/p7758027-mantel-tnt-personalizado-3040-con-codigo-qr.html;/media/products/mantel-tnt-personalizado-3040-con-codigo-qr/01_ejemplo-mantelin-35cms-ancho50cmslargo-impreso-en-.thumb | /media/products/mantel-tnt-personalizado-3040-con-codigo-qr/02_logo.jpg | /media/products/mantel-tnt-personalizado-3040-con-codigo-qr/03_presupuestos-1692439054-x128-f-gb.jpg | /media/products/mantel-tnt-personalizado-3040-con-codigo-qr/04_mod-ph-42-1663147591.png | /media/products/mantel-tnt-personalizado-3040-con-codigo-qr/05_mod-ph44-61-cl-1663147591.png | /media/products/mantel-tnt-personalizado-3040-con-codigo-qr/06_canguro-airlaid-con-qr-1663147591.png | /media/products/mantel-tnt-personalizado-3040-con-codigo-qr/07_img-20200128-123820-1663171355.jpg | /media/products/mantel-tnt-personalizado-3040-con-codigo-qr/08_aqui-su-publicidad-1-1670758718.png | /media/products/mantel-tnt-personalizado-3040-con-codigo-qr/09_servilleta-canguro-personalizada-eco-1679684414.png | /media/products/mantel-tnt-personalizado-3040-con-codigo-qr/10_mod-57-1689071732.png | /media/products/mantel-tnt-personalizado-3040-con-codigo-qr/11_compra-1-1612367413-x128-f-gb.jpg | /media/products/mantel-tnt-personalizado-3040-con-codigo-qr/12_optima-1609073646-x128-f-gb.png | /media/products/mantel-tnt-personalizado-3040-con-codigo-qr/13_deja-tu-impresion-de-compra-aqui-queremos-saber-si.png | /media/products/mantel-tnt-personalizado-3040-con-codigo-qr/14_camion-phcom-1610453500-x128-f-gb.png | /media/products/mantel-tnt-personalizado-3040-con-codigo-qr/15_blank.png | /media/products/mantel-tnt-personalizado-3040-con-codigo-qr/23_transparent.png | /media/products/mantel-tnt-personalizado-3040-con-codigo-qr/26_ejemplo-mantelin-35cms-ancho50cmslargo-impreso-en-.jpg | /media/products/mantel-tnt-personalizado-3040-con-codigo-qr/28_personalizacion-miniservice-1698137093-jpg.thumb | /media/products/mantel-tnt-personalizado-3040-con-codigo-qr/29_taza-y-platillo-personalizado-easy-23-1611430048-j.thumb | /media/products/mantel-tnt-personalizado-3040-con-codigo-qr/30_jarra-de-cerveza-personalizada-classic-50-16099542.thumb | /media/products/mantel-tnt-personalizado-3040-con-codigo-qr/31_jarra-de-cerveza-personalizada-baviera-38-cl-16100.thumb;2026-02-18T09:36:15.549161;;;;;;;
/vajilla-personalizada/;/manteles-caminos-personalizados/;manteleria-en-tnt-mantelines-manteles-rollos-de-mantel-y-caminos;7569855;;MANTELÍN IMPRESO, PERSONALIZADO, EN TNT (Tejido No Tejido) una especie de semitextil;https://www.personalizadoshosteleria.com/p7569855-manteleria-en-tnt-mantelines-manteles-rollos-de-mantel-y-caminos.html;/media/products/manteleria-en-tnt-mantelines-manteles-rollos-de-mantel-y-caminos/01_tnt-1588497370-jpg.thumb | /media/products/manteleria-en-tnt-mantelines-manteles-rollos-de-mantel-y-caminos/02_colores-tnt-1589703746-png.thumb | /media/products/manteleria-en-tnt-mantelines-manteles-rollos-de-mantel-y-caminos/03_ejemplo-mantelin-35cms-ancho50cmslargo-impreso-en-.thumb | /media/products/manteleria-en-tnt-mantelines-manteles-rollos-de-mantel-y-caminos/04_logo.jpg | /media/products/manteleria-en-tnt-mantelines-manteles-rollos-de-mantel-y-caminos/05_presupuestos-1692439054-x128-f-gb.jpg | /media/products/manteleria-en-tnt-mantelines-manteles-rollos-de-mantel-y-caminos/06_mod-ph-42-1663147591.png | /media/products/manteleria-en-tnt-mantelines-manteles-rollos-de-mantel-y-caminos/07_mod-ph44-61-cl-1663147591.png | /media/products/manteleria-en-tnt-mantelines-manteles-rollos-de-mantel-y-caminos/08_canguro-airlaid-con-qr-1663147591.png | /media/products/manteleria-en-tnt-mantelines-manteles-rollos-de-mantel-y-caminos/09_img-20200128-123820-1663171355.jpg | /media/products/manteleria-en-tnt-mantelines-manteles-rollos-de-mantel-y-caminos/10_aqui-su-publicidad-1-1670758718.png | /media/products/manteleria-en-tnt-mantelines-manteles-rollos-de-mantel-y-caminos/11_servilleta-canguro-personalizada-eco-1679684414.png | /media/products/manteleria-en-tnt-mantelines-manteles-rollos-de-mantel-y-caminos/12_mod-57-1689071732.png | /media/products/manteleria-en-tnt-mantelines-manteles-rollos-de-mantel-y-caminos/13_compra-1-1612367413-x128-f-gb.jpg | /media/products/manteleria-en-tnt-mantelines-manteles-rollos-de-mantel-y-caminos/14_optima-1609073646-x128-f-gb.png | /media/products/manteleria-en-tnt-mantelines-manteles-rollos-de-mantel-y-caminos/15_deja-tu-impresion-de-compra-aqui-queremos-saber-si.png | /media/products/manteleria-en-tnt-mantelines-manteles-rollos-de-mantel-y-caminos/16_camion-phcom-1610453500-x128-f-gb.png | /media/products/manteleria-en-tnt-mantelines-manteles-rollos-de-mantel-y-caminos/17_blank.png | /media/products/manteleria-en-tnt-mantelines-manteles-rollos-de-mantel-y-caminos/25_transparent.png | /media/products/manteleria-en-tnt-mantelines-manteles-rollos-de-mantel-y-caminos/28_tnt-1588497370.jpg | /media/products/manteleria-en-tnt-mantelines-manteles-rollos-de-mantel-y-caminos/32_manteleria-personalizada-1-1610441370-jpg.thumb | /media/products/manteleria-en-tnt-mantelines-manteles-rollos-de-mantel-y-caminos/33_servilleta-canguro-personalizada-eco-1679681730-jp.thumb;2026-02-18T12:30:52.109580;;;;;;;
/vajilla-personalizada/;/manteles-caminos-personalizados/;manteleria-personalizada-a-medida;7306917;;MANTELERÍA TEXTIL PERSONALIZADA A MEDIDA;https://www.personalizadoshosteleria.com/p7306917-manteleria-personalizada-a-medida.html;/media/products/manteleria-personalizada-a-medida/01_manteleria-personalizada-1-1610441370-jpg.thumb | /media/products/manteleria-personalizada-a-medida/02_manteleria-personalizada-3-1610441370-jpg.thumb | /media/products/manteleria-personalizada-a-medida/03_manteleria-personalizada-colores-1610441371-jpg.thumb | /media/products/manteleria-personalizada-a-medida/04_mnateleria-personalizada-2-1610441371-jpg.thumb | /media/products/manteleria-personalizada-a-medida/05_logo.jpg | /media/products/manteleria-personalizada-a-medida/06_presupuestos-1692439054-x128-f-gb.jpg | /media/products/manteleria-personalizada-a-medida/07_mod-ph-42-1663147591.png | /media/products/manteleria-personalizada-a-medida/08_mod-ph44-61-cl-1663147591.png | /media/products/manteleria-personalizada-a-medida/09_canguro-airlaid-con-qr-1663147591.png | /media/products/manteleria-personalizada-a-medida/10_img-20200128-123820-1663171355.jpg | /media/products/manteleria-personalizada-a-medida/11_aqui-su-publicidad-1-1670758718.png | /media/products/manteleria-personalizada-a-medida/12_servilleta-canguro-personalizada-eco-1679684414.png | /media/products/manteleria-personalizada-a-medida/13_mod-57-1689071732.png | /media/products/manteleria-personalizada-a-medida/14_compra-1-1612367413-x128-f-gb.jpg | /media/products/manteleria-personalizada-a-medida/15_optima-1609073646-x128-f-gb.png | /media/products/manteleria-personalizada-a-medida/16_deja-tu-impresion-de-compra-aqui-queremos-saber-si.png | /media/products/manteleria-personalizada-a-medida/17_camion-phcom-1610453500-x128-f-gb.png | /media/products/manteleria-personalizada-a-medida/18_blank.png | /media/products/manteleria-personalizada-a-medida/26_transparent.png | /media/products/manteleria-personalizada-a-medida/29_manteleria-personalizada-1-1610441370.jpg | /media/products/manteleria-personalizada-a-medida/34_tabla-1.png;2026-02-18T11:39:08.798378;;;;;;;
/vajilla-personalizada/;/platos-de-pizza-personalizados/;plato-de-pizza-personalizado-cremona-33;8523343;;Plato de Pizza Personalizado Cremona 33;https://www.personalizadoshosteleria.com/p8523343-plato-de-pizza-personalizado-cremona-33.html;/media/products/plato-de-pizza-personalizado-cremona-33/01_plato-pizza-cremona-33-2-1619866099-jpg.thumb | /media/products/plato-de-pizza-personalizado-cremona-33/02_1-1619866069-jpg.thumb | /media/products/plato-de-pizza-personalizado-cremona-33/03_plato-pizza-cremona-33-1619866083-jpg.thumb | /media/products/plato-de-pizza-personalizado-cremona-33/04_calidad-personalizacion-vajilla-1619866115-jpg.thumb | /media/products/plato-de-pizza-personalizado-cremona-33/05_logo.jpg | /media/products/plato-de-pizza-personalizado-cremona-33/06_presupuestos-1692439054-x128-f-gb.jpg | /media/products/plato-de-pizza-personalizado-cremona-33/07_mod-ph-42-1663147591.png | /media/products/plato-de-pizza-personalizado-cremona-33/08_mod-ph44-61-cl-1663147591.png | /media/products/plato-de-pizza-personalizado-cremona-33/09_canguro-airlaid-con-qr-1663147591.png | /media/products/plato-de-pizza-personalizado-cremona-33/10_img-20200128-123820-1663171355.jpg | /media/products/plato-de-pizza-personalizado-cremona-33/11_aqui-su-publicidad-1-1670758718.png | /media/products/plato-de-pizza-personalizado-cremona-33/12_servilleta-canguro-personalizada-eco-1679684414.png | /media/products/plato-de-pizza-personalizado-cremona-33/13_mod-57-1689071732.png | /media/products/plato-de-pizza-personalizado-cremona-33/14_compra-1-1612367413-x128-f-gb.jpg | /media/products/plato-de-pizza-personalizado-cremona-33/15_optima-1609073646-x128-f-gb.png | /media/products/plato-de-pizza-personalizado-cremona-33/16_deja-tu-impresion-de-compra-aqui-queremos-saber-si.png | /media/products/plato-de-pizza-personalizado-cremona-33/17_camion-phcom-1610453500-x128-f-gb.png | /media/products/plato-de-pizza-personalizado-cremona-33/18_blank.png | /media/products/plato-de-pizza-personalizado-cremona-33/26_transparent.png | /media/products/plato-de-pizza-personalizado-cremona-33/29_plato-pizza-cremona-33-2-1619866099.jpg | /media/products/plato-de-pizza-personalizado-cremona-33/34_copas-de-vino-personalizadas-classic-1610996309-jp.thumb;2026-02-18T11:39:54.452050;;;;;;;
/vajilla-personalizada/;/platos-de-pizza-personalizados/;plato-de-pizza-personalizado-padua-32-cms;8523556;;Plato de Pizza Personalizado Padua 32 cms.;https://www.personalizadoshosteleria.com/p8523556-plato-de-pizza-personalizado-padua-32-cms.html;/media/products/plato-de-pizza-personalizado-padua-32-cms/01_plato-pizza-padua-1619868260-jpg.thumb | /media/products/plato-de-pizza-personalizado-padua-32-cms/02_calidad-personalizacion-vajilla-1619868875-jpg.thumb | /media/products/plato-de-pizza-personalizado-padua-32-cms/03_1-1619868252-jpg.thumb | /media/products/plato-de-pizza-personalizado-padua-32-cms/04_plato-pizza-cremona-33-2-1619868272-jpg.thumb | /media/products/plato-de-pizza-personalizado-padua-32-cms/05_logo.jpg | /media/products/plato-de-pizza-personalizado-padua-32-cms/06_presupuestos-1692439054-x128-f-gb.jpg | /media/products/plato-de-pizza-personalizado-padua-32-cms/07_mod-ph-42-1663147591.png | /media/products/plato-de-pizza-personalizado-padua-32-cms/08_mod-ph44-61-cl-1663147591.png | /media/products/plato-de-pizza-personalizado-padua-32-cms/09_canguro-airlaid-con-qr-1663147591.png | /media/products/plato-de-pizza-personalizado-padua-32-cms/10_img-20200128-123820-1663171355.jpg | /media/products/plato-de-pizza-personalizado-padua-32-cms/11_aqui-su-publicidad-1-1670758718.png | /media/products/plato-de-pizza-personalizado-padua-32-cms/12_servilleta-canguro-personalizada-eco-1679684414.png | /media/products/plato-de-pizza-personalizado-padua-32-cms/13_mod-57-1689071732.png | /media/products/plato-de-pizza-personalizado-padua-32-cms/14_compra-1-1612367413-x128-f-gb.jpg | /media/products/plato-de-pizza-personalizado-padua-32-cms/15_optima-1609073646-x128-f-gb.png | /media/products/plato-de-pizza-personalizado-padua-32-cms/16_deja-tu-impresion-de-compra-aqui-queremos-saber-si.png | /media/products/plato-de-pizza-personalizado-padua-32-cms/17_camion-phcom-1610453500-x128-f-gb.png | /media/products/plato-de-pizza-personalizado-padua-32-cms/18_blank.png | /media/products/plato-de-pizza-personalizado-padua-32-cms/26_transparent.png | /media/products/plato-de-pizza-personalizado-padua-32-cms/29_plato-pizza-padua-1619868260.jpg | /media/products/plato-de-pizza-personalizado-padua-32-cms/34_vaso-de-cerveza-personalizado-nonix-29-1612703110-.thumb;2026-02-18T11:39:57.035227;;;;;;;
/vajilla-personalizada/;/platos-de-pizza-personalizados/;plato-de-pizza-personalizado-siena-30-5-cms;8523692;;Plato de Pizza Personalizado Siena 30,5 cms.;https://www.personalizadoshosteleria.com/p8523692-plato-de-pizza-personalizado-siena-30-5-cms.html;/media/products/plato-de-pizza-personalizado-siena-30-5-cms/01_plato-pizza-siena-1619884733-jpg.thumb | /media/products/plato-de-pizza-personalizado-siena-30-5-cms/02_calidad-personalizacion-vajilla-1619884752-jpg.thumb | /media/products/plato-de-pizza-personalizado-siena-30-5-cms/03_plato-pizza-personalizado-turin-1619884741-jpg.thumb | /media/products/plato-de-pizza-personalizado-siena-30-5-cms/04_7-1619884761-jpg.thumb | /media/products/plato-de-pizza-personalizado-siena-30-5-cms/05_logo.jpg | /media/products/plato-de-pizza-personalizado-siena-30-5-cms/06_presupuestos-1692439054-x128-f-gb.jpg | /media/products/plato-de-pizza-personalizado-siena-30-5-cms/07_mod-ph-42-1663147591.png | /media/products/plato-de-pizza-personalizado-siena-30-5-cms/08_mod-ph44-61-cl-1663147591.png | /media/products/plato-de-pizza-personalizado-siena-30-5-cms/09_canguro-airlaid-con-qr-1663147591.png | /media/products/plato-de-pizza-personalizado-siena-30-5-cms/10_img-20200128-123820-1663171355.jpg | /media/products/plato-de-pizza-personalizado-siena-30-5-cms/11_aqui-su-publicidad-1-1670758718.png | /media/products/plato-de-pizza-personalizado-siena-30-5-cms/12_servilleta-canguro-personalizada-eco-1679684414.png | /media/products/plato-de-pizza-personalizado-siena-30-5-cms/13_mod-57-1689071732.png | /media/products/plato-de-pizza-personalizado-siena-30-5-cms/14_compra-1-1612367413-x128-f-gb.jpg | /media/products/plato-de-pizza-personalizado-siena-30-5-cms/15_optima-1609073646-x128-f-gb.png | /media/products/plato-de-pizza-personalizado-siena-30-5-cms/16_deja-tu-impresion-de-compra-aqui-queremos-saber-si.png | /media/products/plato-de-pizza-personalizado-siena-30-5-cms/17_camion-phcom-1610453500-x128-f-gb.png | /media/products/plato-de-pizza-personalizado-siena-30-5-cms/18_blank.png | /media/products/plato-de-pizza-personalizado-siena-30-5-cms/26_transparent.png | /media/products/plato-de-pizza-personalizado-siena-30-5-cms/29_plato-pizza-siena-1619884733.jpg | /media/products/plato-de-pizza-personalizado-siena-30-5-cms/34_capricon-fond-1606741339-jpg.thumb;2026-02-18T11:40:02.232364;;;;;;;
/vajilla-personalizada/;/platos-de-pizza-personalizados/;plato-de-pizza-personalizado-turin-27-cms;8523684;;Plato de Pizza Personalizado Turín 27 cms.;https://www.personalizadoshosteleria.com/p8523684-plato-de-pizza-personalizado-turin-27-cms.html;/media/products/plato-de-pizza-personalizado-turin-27-cms/01_plato-pizza-personalizado-turin-1619882344-jpg.thumb | /media/products/plato-de-pizza-personalizado-turin-27-cms/02_calidad-personalizacion-vajilla-1619882362-jpg.thumb | /media/products/plato-de-pizza-personalizado-turin-27-cms/03_plato-pizza-siena-1619882354-jpg.thumb | /media/products/plato-de-pizza-personalizado-turin-27-cms/04_3-1619882380-jpg.thumb | /media/products/plato-de-pizza-personalizado-turin-27-cms/05_logo.jpg | /media/products/plato-de-pizza-personalizado-turin-27-cms/06_presupuestos-1692439054-x128-f-gb.jpg | /media/products/plato-de-pizza-personalizado-turin-27-cms/07_mod-ph-42-1663147591.png | /media/products/plato-de-pizza-personalizado-turin-27-cms/08_mod-ph44-61-cl-1663147591.png | /media/products/plato-de-pizza-personalizado-turin-27-cms/09_canguro-airlaid-con-qr-1663147591.png | /media/products/plato-de-pizza-personalizado-turin-27-cms/10_img-20200128-123820-1663171355.jpg | /media/products/plato-de-pizza-personalizado-turin-27-cms/11_aqui-su-publicidad-1-1670758718.png | /media/products/plato-de-pizza-personalizado-turin-27-cms/12_servilleta-canguro-personalizada-eco-1679684414.png | /media/products/plato-de-pizza-personalizado-turin-27-cms/13_mod-57-1689071732.png | /media/products/plato-de-pizza-personalizado-turin-27-cms/14_compra-1-1612367413-x128-f-gb.jpg | /media/products/plato-de-pizza-personalizado-turin-27-cms/15_optima-1609073646-x128-f-gb.png | /media/products/plato-de-pizza-personalizado-turin-27-cms/16_deja-tu-impresion-de-compra-aqui-queremos-saber-si.png | /media/products/plato-de-pizza-personalizado-turin-27-cms/17_camion-phcom-1610453500-x128-f-gb.png | /media/products/plato-de-pizza-personalizado-turin-27-cms/18_blank.png | /media/products/plato-de-pizza-personalizado-turin-27-cms/26_transparent.png | /media/products/plato-de-pizza-personalizado-turin-27-cms/29_plato-pizza-personalizado-turin-1619882344.jpg | /media/products/plato-de-pizza-personalizado-turin-27-cms/34_harmonia-principal-1606665579-jpg.thumb;2026-02-18T11:39:59.678286;;;;;;;
/vajilla-personalizada/;/platos-personalizados/;plato-de-presentacion-personalizado-35-ph5;8524091;;Plato de presentación Personalizado 35 cms. PH5;https://www.personalizadoshosteleria.com/p8524091-plato-de-presentacion-personalizado-35-ph5.html;/media/products/plato-de-presentacion-personalizado-35-ph5/01_7-1619945777-jpg.thumb | /media/products/plato-de-presentacion-personalizado-35-ph5/02_platos-de-presentacion-o-bajo-platos-1619949357-jp.thumb | /media/products/plato-de-presentacion-personalizado-35-ph5/03_calidad-personalizacion-vajilla-1619945766-jpg.thumb | /media/products/plato-de-presentacion-personalizado-35-ph5/04_plato-llano-personalizado-31-2-1619945773-jpg.thumb | /media/products/plato-de-presentacion-personalizado-35-ph5/05_logo.jpg | /media/products/plato-de-presentacion-personalizado-35-ph5/06_presupuestos-1692439054-x128-f-gb.jpg | /media/products/plato-de-presentacion-personalizado-35-ph5/07_mod-ph-42-1663147591.png | /media/products/plato-de-presentacion-personalizado-35-ph5/08_mod-ph44-61-cl-1663147591.png | /media/products/plato-de-presentacion-personalizado-35-ph5/09_canguro-airlaid-con-qr-1663147591.png | /media/products/plato-de-presentacion-personalizado-35-ph5/10_img-20200128-123820-1663171355.jpg | /media/products/plato-de-presentacion-personalizado-35-ph5/11_aqui-su-publicidad-1-1670758718.png | /media/products/plato-de-presentacion-personalizado-35-ph5/12_servilleta-canguro-personalizada-eco-1679684414.png | /media/products/plato-de-presentacion-personalizado-35-ph5/13_mod-57-1689071732.png | /media/products/plato-de-presentacion-personalizado-35-ph5/14_compra-1-1612367413-x128-f-gb.jpg | /media/products/plato-de-presentacion-personalizado-35-ph5/15_optima-1609073646-x128-f-gb.png | /media/products/plato-de-presentacion-personalizado-35-ph5/16_deja-tu-impresion-de-compra-aqui-queremos-saber-si.png | /media/products/plato-de-presentacion-personalizado-35-ph5/17_camion-phcom-1610453500-x128-f-gb.png | /media/products/plato-de-presentacion-personalizado-35-ph5/18_blank.png | /media/products/plato-de-presentacion-personalizado-35-ph5/26_transparent.png | /media/products/plato-de-presentacion-personalizado-35-ph5/29_7-1619945777.jpg | /media/products/plato-de-presentacion-personalizado-35-ph5/34_copa-cava-personalizada-allegra-1610534082-png.thumb;2026-02-18T11:40:59.502395;;;;;;;
/vajilla-personalizada/;/platos-personalizados/;plato-hondo-personalizado-25-ph5;8524100;;Plato hondo Personalizado 25, PH5;https://www.personalizadoshosteleria.com/p8524100-plato-hondo-personalizado-25-ph5.html;/media/products/plato-hondo-personalizado-25-ph5/01_7-1619948907-jpg.thumb | /media/products/plato-hondo-personalizado-25-ph5/02_vajilla-personalizada-mod-ph5-1619948927-jpg.thumb | /media/products/plato-hondo-personalizado-25-ph5/03_calidad-personalizacion-vajilla-1619948931-jpg.thumb | /media/products/plato-hondo-personalizado-25-ph5/04_ensaladera-personalizada-15-ph5-1619948940-jpg.thumb | /media/products/plato-hondo-personalizado-25-ph5/05_logo.jpg | /media/products/plato-hondo-personalizado-25-ph5/06_presupuestos-1692439054-x128-f-gb.jpg | /media/products/plato-hondo-personalizado-25-ph5/07_mod-ph-42-1663147591.png | /media/products/plato-hondo-personalizado-25-ph5/08_mod-ph44-61-cl-1663147591.png | /media/products/plato-hondo-personalizado-25-ph5/09_canguro-airlaid-con-qr-1663147591.png | /media/products/plato-hondo-personalizado-25-ph5/10_img-20200128-123820-1663171355.jpg | /media/products/plato-hondo-personalizado-25-ph5/11_aqui-su-publicidad-1-1670758718.png | /media/products/plato-hondo-personalizado-25-ph5/12_servilleta-canguro-personalizada-eco-1679684414.png | /media/products/plato-hondo-personalizado-25-ph5/13_mod-57-1689071732.png | /media/products/plato-hondo-personalizado-25-ph5/14_compra-1-1612367413-x128-f-gb.jpg | /media/products/plato-hondo-personalizado-25-ph5/15_optima-1609073646-x128-f-gb.png | /media/products/plato-hondo-personalizado-25-ph5/16_deja-tu-impresion-de-compra-aqui-queremos-saber-si.png | /media/products/plato-hondo-personalizado-25-ph5/17_camion-phcom-1610453500-x128-f-gb.png | /media/products/plato-hondo-personalizado-25-ph5/18_blank.png | /media/products/plato-hondo-personalizado-25-ph5/26_transparent.png | /media/products/plato-hondo-personalizado-25-ph5/29_7-1619948907.jpg | /media/products/plato-hondo-personalizado-25-ph5/34_personalizacion-miniservice-1698137093-jpg.thumb;2026-02-18T09:36:33.844400;;;;;;;
/vajilla-personalizada/;/platos-personalizados/;plato-llano-personalizado-25-ph5;8524086;;Plato llano Personalizado 25, PH5;https://www.personalizadoshosteleria.com/p8524086-plato-llano-personalizado-25-ph5.html;/media/products/plato-llano-personalizado-25-ph5/01_vajilla-personalizada-mod-ph5-1619944744-jpg.thumb | /media/products/plato-llano-personalizado-25-ph5/02_bajoplato-personalizado-35-ph5-1619944969-jpg.thumb | /media/products/plato-llano-personalizado-25-ph5/03_calidad-personalizacion-vajilla-1619944761-jpg.thumb | /media/products/plato-llano-personalizado-25-ph5/04_8-1619944978-jpg.thumb | /media/products/plato-llano-personalizado-25-ph5/05_logo.jpg | /media/products/plato-llano-personalizado-25-ph5/06_presupuestos-1692439054-x128-f-gb.jpg | /media/products/plato-llano-personalizado-25-ph5/07_mod-ph-42-1663147591.png | /media/products/plato-llano-personalizado-25-ph5/08_mod-ph44-61-cl-1663147591.png | /media/products/plato-llano-personalizado-25-ph5/09_canguro-airlaid-con-qr-1663147591.png | /media/products/plato-llano-personalizado-25-ph5/10_img-20200128-123820-1663171355.jpg | /media/products/plato-llano-personalizado-25-ph5/11_aqui-su-publicidad-1-1670758718.png | /media/products/plato-llano-personalizado-25-ph5/12_servilleta-canguro-personalizada-eco-1679684414.png | /media/products/plato-llano-personalizado-25-ph5/13_mod-57-1689071732.png | /media/products/plato-llano-personalizado-25-ph5/14_compra-1-1612367413-x128-f-gb.jpg | /media/products/plato-llano-personalizado-25-ph5/15_optima-1609073646-x128-f-gb.png | /media/products/plato-llano-personalizado-25-ph5/16_deja-tu-impresion-de-compra-aqui-queremos-saber-si.png | /media/products/plato-llano-personalizado-25-ph5/17_camion-phcom-1610453500-x128-f-gb.png | /media/products/plato-llano-personalizado-25-ph5/18_blank.png | /media/products/plato-llano-personalizado-25-ph5/26_transparent.png | /media/products/plato-llano-personalizado-25-ph5/29_vajilla-personalizada-mod-ph5-1619944744.jpg | /media/products/plato-llano-personalizado-25-ph5/34_ejemplo-mantelin-35cms-ancho50cmslargo-impreso-en-.thumb;2026-02-18T11:40:54.546449;;;;;;;
/vajilla-personalizada/;/platos-personalizados/;plato-llano-personalizado-31-ph5;8524089;;Plato llano Personalizado 31, PH5;https://www.personalizadoshosteleria.com/p8524089-plato-llano-personalizado-31-ph5.html;/media/products/plato-llano-personalizado-31-ph5/01_8-1619945221-jpg.thumb | /media/products/plato-llano-personalizado-31-ph5/02_bajoplato-personalizado-35-ph5-1619945225-jpg.thumb | /media/products/plato-llano-personalizado-31-ph5/03_calidad-personalizacion-vajilla-1619945237-jpg.thumb | /media/products/plato-llano-personalizado-31-ph5/04_tazas-y-platillos-personalizados-ph5-1619945257-jp.thumb | /media/products/plato-llano-personalizado-31-ph5/05_logo.jpg | /media/products/plato-llano-personalizado-31-ph5/06_presupuestos-1692439054-x128-f-gb.jpg | /media/products/plato-llano-personalizado-31-ph5/07_mod-ph-42-1663147591.png | /media/products/plato-llano-personalizado-31-ph5/08_mod-ph44-61-cl-1663147591.png | /media/products/plato-llano-personalizado-31-ph5/09_canguro-airlaid-con-qr-1663147591.png | /media/products/plato-llano-personalizado-31-ph5/10_img-20200128-123820-1663171355.jpg | /media/products/plato-llano-personalizado-31-ph5/11_aqui-su-publicidad-1-1670758718.png | /media/products/plato-llano-personalizado-31-ph5/12_servilleta-canguro-personalizada-eco-1679684414.png | /media/products/plato-llano-personalizado-31-ph5/13_mod-57-1689071732.png | /media/products/plato-llano-personalizado-31-ph5/14_compra-1-1612367413-x128-f-gb.jpg | /media/products/plato-llano-personalizado-31-ph5/15_optima-1609073646-x128-f-gb.png | /media/products/plato-llano-personalizado-31-ph5/16_deja-tu-impresion-de-compra-aqui-queremos-saber-si.png | /media/products/plato-llano-personalizado-31-ph5/17_camion-phcom-1610453500-x128-f-gb.png | /media/products/plato-llano-personalizado-31-ph5/18_blank.png | /media/products/plato-llano-personalizado-31-ph5/26_transparent.png | /media/products/plato-llano-personalizado-31-ph5/29_8-1619945221.jpg | /media/products/plato-llano-personalizado-31-ph5/34_copa-gin-tonic-personalizada-allegra-1610885807-jp.thumb;2026-02-18T11:40:57.213498;;;;;;;
/vajilla-personalizada/;/platos-personalizados/;plato-llano-personalizado-mod-ph1;8225542;;Plato llano Personalizado PH1;https://www.personalizadoshosteleria.com/p8225542-plato-llano-personalizado-mod-ph1.html;/media/products/plato-llano-personalizado-mod-ph1/01_plato-llano-ph1-1724775614-jpg.thumb | /media/products/plato-llano-personalizado-mod-ph1/02_platos-llanos-ph1-1724775614-jpg.thumb | /media/products/plato-llano-personalizado-mod-ph1/03_vajilla-personalizada-mod-ph1-platos-llanos-161453.thumb | /media/products/plato-llano-personalizado-mod-ph1/04_logo.jpg | /media/products/plato-llano-personalizado-mod-ph1/05_presupuestos-1692439054-x128-f-gb.jpg | /media/products/plato-llano-personalizado-mod-ph1/06_mod-ph-42-1663147591.png | /media/products/plato-llano-personalizado-mod-ph1/07_mod-ph44-61-cl-1663147591.png | /media/products/plato-llano-personalizado-mod-ph1/08_canguro-airlaid-con-qr-1663147591.png | /media/products/plato-llano-personalizado-mod-ph1/09_img-20200128-123820-1663171355.jpg | /media/products/plato-llano-personalizado-mod-ph1/10_aqui-su-publicidad-1-1670758718.png | /media/products/plato-llano-personalizado-mod-ph1/11_servilleta-canguro-personalizada-eco-1679684414.png | /media/products/plato-llano-personalizado-mod-ph1/12_mod-57-1689071732.png | /media/products/plato-llano-personalizado-mod-ph1/13_compra-1-1612367413-x128-f-gb.jpg | /media/products/plato-llano-personalizado-mod-ph1/14_optima-1609073646-x128-f-gb.png | /media/products/plato-llano-personalizado-mod-ph1/15_deja-tu-impresion-de-compra-aqui-queremos-saber-si.png | /media/products/plato-llano-personalizado-mod-ph1/16_camion-phcom-1610453500-x128-f-gb.png | /media/products/plato-llano-personalizado-mod-ph1/17_blank.png | /media/products/plato-llano-personalizado-mod-ph1/25_transparent.png | /media/products/plato-llano-personalizado-mod-ph1/28_plato-llano-ph1-1724775614.jpg | /media/products/plato-llano-personalizado-mod-ph1/32_tazay-platillo-personalizados-ischia-1611430321-pn.thumb | /media/products/plato-llano-personalizado-mod-ph1/33_palladio1-1606667783-jpg.thumb;2026-02-18T12:05:53.226715;;;;;;;
/vajilla-personalizada/;/platos-personalizados/;plato-llano-ph2-estilo-tradicional;10993975;;Plato Llano PH2, Estilo tradicional;https://www.personalizadoshosteleria.com/p10993975-plato-llano-ph2-estilo-tradicional.html;/media/products/plato-llano-ph2-estilo-tradicional/01_plato-llano-ph2-1708257914-jpg.thumb | /media/products/plato-llano-ph2-estilo-tradicional/02_plato-llano-27-cm-ph2-1708258272-jpg.thumb | /media/products/plato-llano-ph2-estilo-tradicional/03_plato-llano-30-5-ph2-1708258272-jpg.thumb | /media/products/plato-llano-ph2-estilo-tradicional/04_plato-llano-32-cm-ph2-1708258272-jpg.thumb | /media/products/plato-llano-ph2-estilo-tradicional/05_logo.jpg | /media/products/plato-llano-ph2-estilo-tradicional/06_presupuestos-1692439054-x128-f-gb.jpg | /media/products/plato-llano-ph2-estilo-tradicional/07_mod-ph-42-1663147591.png | /media/products/plato-llano-ph2-estilo-tradicional/08_mod-ph44-61-cl-1663147591.png | /media/products/plato-llano-ph2-estilo-tradicional/09_canguro-airlaid-con-qr-1663147591.png | /media/products/plato-llano-ph2-estilo-tradicional/10_img-20200128-123820-1663171355.jpg | /media/products/plato-llano-ph2-estilo-tradicional/11_aqui-su-publicidad-1-1670758718.png | /media/products/plato-llano-ph2-estilo-tradicional/12_servilleta-canguro-personalizada-eco-1679684414.png | /media/products/plato-llano-ph2-estilo-tradicional/13_mod-57-1689071732.png | /media/products/plato-llano-ph2-estilo-tradicional/14_compra-1-1612367413-x128-f-gb.jpg | /media/products/plato-llano-ph2-estilo-tradicional/15_optima-1609073646-x128-f-gb.png | /media/products/plato-llano-ph2-estilo-tradicional/16_deja-tu-impresion-de-compra-aqui-queremos-saber-si.png | /media/products/plato-llano-ph2-estilo-tradicional/17_camion-phcom-1610453500-x128-f-gb.png | /media/products/plato-llano-ph2-estilo-tradicional/18_blank.png | /media/products/plato-llano-ph2-estilo-tradicional/26_transparent.png | /media/products/plato-llano-ph2-estilo-tradicional/29_plato-llano-ph2-1708257914.jpg | /media/products/plato-llano-ph2-estilo-tradicional/34_categoria-vajilla-ph1-1615129263-jpg.thumb;2026-02-18T11:41:09.739461;;;;;;;
/vajilla-personalizada/;/platos-personalizados/;plato-personalizado-mod-ph4;8225562;;PLATO PERSONALIZADO MOD. PH4;https://www.personalizadoshosteleria.com/p8225562-plato-personalizado-mod-ph4.html;/media/products/plato-personalizado-mod-ph4/01_platos-llanos-personalizados-ph-4-1614428429-jpg.thumb | /media/products/plato-personalizado-mod-ph4/02_plato-hondo-personalizado-ph4-1614428471-jpg.thumb | /media/products/plato-personalizado-mod-ph4/03_ejemplos-vajilla-ph4-1614428509-jpg.thumb | /media/products/plato-personalizado-mod-ph4/04_calidad-personalizacion-ph4-1614428533-jpg.thumb | /media/products/plato-personalizado-mod-ph4/05_logo.jpg | /media/products/plato-personalizado-mod-ph4/06_presupuestos-1692439054-x128-f-gb.jpg | /media/products/plato-personalizado-mod-ph4/07_mod-ph-42-1663147591.png | /media/products/plato-personalizado-mod-ph4/08_mod-ph44-61-cl-1663147591.png | /media/products/plato-personalizado-mod-ph4/09_canguro-airlaid-con-qr-1663147591.png | /media/products/plato-personalizado-mod-ph4/10_img-20200128-123820-1663171355.jpg | /media/products/plato-personalizado-mod-ph4/11_aqui-su-publicidad-1-1670758718.png | /media/products/plato-personalizado-mod-ph4/12_servilleta-canguro-personalizada-eco-1679684414.png | /media/products/plato-personalizado-mod-ph4/13_mod-57-1689071732.png | /media/products/plato-personalizado-mod-ph4/14_compra-1-1612367413-x128-f-gb.jpg | /media/products/plato-personalizado-mod-ph4/15_optima-1609073646-x128-f-gb.png | /media/products/plato-personalizado-mod-ph4/16_deja-tu-impresion-de-compra-aqui-queremos-saber-si.png | /media/products/plato-personalizado-mod-ph4/17_camion-phcom-1610453500-x128-f-gb.png | /media/products/plato-personalizado-mod-ph4/18_blank.png | /media/products/plato-personalizado-mod-ph4/26_transparent.png | /media/products/plato-personalizado-mod-ph4/29_platos-llanos-personalizados-ph-4-1614428429.jpg | /media/products/plato-personalizado-mod-ph4/34_copas-de-vino-personalizadas-classic-1610996309-jp.thumb;2026-02-18T11:55:53.945121;;;;;;;
/vajilla-personalizada/;/platos-personalizados/;platos-hosteleria-de-ala-estrecha-y-personalizados-con-su-logo;11489802;;PLATOS HOSTELERÍA  DE ALA ESTRECHA Y PERSONALIZADOS CON SU LOGO;https://www.personalizadoshosteleria.com/p11489802-platos-hosteleria-de-ala-estrecha-y-personalizados-con-su-logo.html;/media/products/platos-hosteleria-de-ala-estrecha-y-personalizados-con-su-logo/01_1-ph-bal1-ala-estrecha-1740223276-jpg.thumb | /media/products/platos-hosteleria-de-ala-estrecha-y-personalizados-con-su-logo/02_7-ph-bal1-ala-estrecha-1740229078-jpg.thumb | /media/products/platos-hosteleria-de-ala-estrecha-y-personalizados-con-su-logo/03_11-precios-vajilla-ph-bal1-2025-1740231924-jpg.thumb | /media/products/platos-hosteleria-de-ala-estrecha-y-personalizados-con-su-logo/04_logo.jpg | /media/products/platos-hosteleria-de-ala-estrecha-y-personalizados-con-su-logo/05_presupuestos-1692439054-x128-f-gb.jpg | /media/products/platos-hosteleria-de-ala-estrecha-y-personalizados-con-su-logo/06_mod-ph-42-1663147591.png | /media/products/platos-hosteleria-de-ala-estrecha-y-personalizados-con-su-logo/07_mod-ph44-61-cl-1663147591.png | /media/products/platos-hosteleria-de-ala-estrecha-y-personalizados-con-su-logo/08_canguro-airlaid-con-qr-1663147591.png | /media/products/platos-hosteleria-de-ala-estrecha-y-personalizados-con-su-logo/09_img-20200128-123820-1663171355.jpg | /media/products/platos-hosteleria-de-ala-estrecha-y-personalizados-con-su-logo/10_aqui-su-publicidad-1-1670758718.png | /media/products/platos-hosteleria-de-ala-estrecha-y-personalizados-con-su-logo/11_servilleta-canguro-personalizada-eco-1679684414.png | /media/products/platos-hosteleria-de-ala-estrecha-y-personalizados-con-su-logo/12_mod-57-1689071732.png | /media/products/platos-hosteleria-de-ala-estrecha-y-personalizados-con-su-logo/13_compra-1-1612367413-x128-f-gb.jpg | /media/products/platos-hosteleria-de-ala-estrecha-y-personalizados-con-su-logo/14_optima-1609073646-x128-f-gb.png | /media/products/platos-hosteleria-de-ala-estrecha-y-personalizados-con-su-logo/15_deja-tu-impresion-de-compra-aqui-queremos-saber-si.png | /media/products/platos-hosteleria-de-ala-estrecha-y-personalizados-con-su-logo/16_camion-phcom-1610453500-x128-f-gb.png | /media/products/platos-hosteleria-de-ala-estrecha-y-personalizados-con-su-logo/17_blank.png | /media/products/platos-hosteleria-de-ala-estrecha-y-personalizados-con-su-logo/25_transparent.png | /media/products/platos-hosteleria-de-ala-estrecha-y-personalizados-con-su-logo/28_1-ph-bal1-ala-estrecha-1740223276.jpg | /media/products/platos-hosteleria-de-ala-estrecha-y-personalizados-con-su-logo/32_manteleria-personalizada-1-1610441370-jpg.thumb | /media/products/platos-hosteleria-de-ala-estrecha-y-personalizados-con-su-logo/33_magnum-130-1580490498-png.thumb;2026-02-18T11:41:04.698145;;;;;;;
/vajilla-personalizada/;/platos-personalizados/;platos-hosteleria-personalizados-de-ala-ancha;11490107;;PLATOS HOSTELERÍA PERSONALIZADOS DE ALA ANCHA CON SU LOGO;https://www.personalizadoshosteleria.com/p11490107-platos-hosteleria-personalizados-de-ala-ancha.html;/media/products/platos-hosteleria-personalizados-de-ala-ancha/01_2-ph-bal2-1740302182-jpg.thumb | /media/products/platos-hosteleria-personalizados-de-ala-ancha/02_5-ph-bal2-ala-ancha-1740302187-jpg.thumb | /media/products/platos-hosteleria-personalizados-de-ala-ancha/03_4-ph-bal2-taza-consome-1740302206-jpg.thumb | /media/products/platos-hosteleria-personalizados-de-ala-ancha/04_precios-vajilla-personalizada-ph-bal2-ala-ancha-17.thumb | /media/products/platos-hosteleria-personalizados-de-ala-ancha/05_logo.jpg | /media/products/platos-hosteleria-personalizados-de-ala-ancha/06_presupuestos-1692439054-x128-f-gb.jpg | /media/products/platos-hosteleria-personalizados-de-ala-ancha/07_mod-ph-42-1663147591.png | /media/products/platos-hosteleria-personalizados-de-ala-ancha/08_mod-ph44-61-cl-1663147591.png | /media/products/platos-hosteleria-personalizados-de-ala-ancha/09_canguro-airlaid-con-qr-1663147591.png | /media/products/platos-hosteleria-personalizados-de-ala-ancha/10_img-20200128-123820-1663171355.jpg | /media/products/platos-hosteleria-personalizados-de-ala-ancha/11_aqui-su-publicidad-1-1670758718.png | /media/products/platos-hosteleria-personalizados-de-ala-ancha/12_servilleta-canguro-personalizada-eco-1679684414.png | /media/products/platos-hosteleria-personalizados-de-ala-ancha/13_mod-57-1689071732.png | /media/products/platos-hosteleria-personalizados-de-ala-ancha/14_compra-1-1612367413-x128-f-gb.jpg | /media/products/platos-hosteleria-personalizados-de-ala-ancha/15_optima-1609073646-x128-f-gb.png | /media/products/platos-hosteleria-personalizados-de-ala-ancha/16_deja-tu-impresion-de-compra-aqui-queremos-saber-si.png | /media/products/platos-hosteleria-personalizados-de-ala-ancha/17_camion-phcom-1610453500-x128-f-gb.png | /media/products/platos-hosteleria-personalizados-de-ala-ancha/18_blank.png | /media/products/platos-hosteleria-personalizados-de-ala-ancha/26_transparent.png | /media/products/platos-hosteleria-personalizados-de-ala-ancha/29_2-ph-bal2-1740302182.jpg | /media/products/platos-hosteleria-personalizados-de-ala-ancha/34_manteleria-personalizada-1-1610441370-jpg.thumb;2026-02-18T11:41:07.284572;;;;;;;
/vajilla-personalizada/;/tazas-y-platillos-personalizados/;platillo-cafe-12-5-cms-personalizado-a-1-color-mod-ph1;8482904;;Platillo Café 12.5 cms. Personalizado a 1 color. MOD.PH1;https://www.personalizadoshosteleria.com/p8482904-platillo-cafe-12-5-cms-personalizado-a-1-color-mod-ph1.html;/media/products/platillo-cafe-12-5-cms-personalizado-a-1-color-mod-ph1/01_platillo-de-cafe-mod-ph1-1618769947-jpg.thumb | /media/products/platillo-cafe-12-5-cms-personalizado-a-1-color-mod-ph1/02_platillos-de-cafe-mod-ph1-1618769090-jpg.thumb | /media/products/platillo-cafe-12-5-cms-personalizado-a-1-color-mod-ph1/03_calidad-vajilla-personalizados-hosteleria-16187689.thumb | /media/products/platillo-cafe-12-5-cms-personalizado-a-1-color-mod-ph1/04_the-green-house-1618770059-jpg.thumb | /media/products/platillo-cafe-12-5-cms-personalizado-a-1-color-mod-ph1/05_logo.jpg | /media/products/platillo-cafe-12-5-cms-personalizado-a-1-color-mod-ph1/06_presupuestos-1692439054-x128-f-gb.jpg | /media/products/platillo-cafe-12-5-cms-personalizado-a-1-color-mod-ph1/07_mod-ph-42-1663147591.png | /media/products/platillo-cafe-12-5-cms-personalizado-a-1-color-mod-ph1/08_mod-ph44-61-cl-1663147591.png | /media/products/platillo-cafe-12-5-cms-personalizado-a-1-color-mod-ph1/09_canguro-airlaid-con-qr-1663147591.png | /media/products/platillo-cafe-12-5-cms-personalizado-a-1-color-mod-ph1/10_img-20200128-123820-1663171355.jpg | /media/products/platillo-cafe-12-5-cms-personalizado-a-1-color-mod-ph1/11_aqui-su-publicidad-1-1670758718.png | /media/products/platillo-cafe-12-5-cms-personalizado-a-1-color-mod-ph1/12_servilleta-canguro-personalizada-eco-1679684414.png | /media/products/platillo-cafe-12-5-cms-personalizado-a-1-color-mod-ph1/13_mod-57-1689071732.png | /media/products/platillo-cafe-12-5-cms-personalizado-a-1-color-mod-ph1/14_compra-1-1612367413-x128-f-gb.jpg | /media/products/platillo-cafe-12-5-cms-personalizado-a-1-color-mod-ph1/15_optima-1609073646-x128-f-gb.png | /media/products/platillo-cafe-12-5-cms-personalizado-a-1-color-mod-ph1/16_deja-tu-impresion-de-compra-aqui-queremos-saber-si.png | /media/products/platillo-cafe-12-5-cms-personalizado-a-1-color-mod-ph1/17_camion-phcom-1610453500-x128-f-gb.png | /media/products/platillo-cafe-12-5-cms-personalizado-a-1-color-mod-ph1/18_blank.png | /media/products/platillo-cafe-12-5-cms-personalizado-a-1-color-mod-ph1/26_transparent.png | /media/products/platillo-cafe-12-5-cms-personalizado-a-1-color-mod-ph1/29_platillo-de-cafe-mod-ph1-1618769947.jpg | /media/products/platillo-cafe-12-5-cms-personalizado-a-1-color-mod-ph1/34_personalizacion-miniservice-1698137093-jpg.thumb;2026-02-18T11:39:44.203274;;;;;;;
/vajilla-personalizada/;/tazas-y-platillos-personalizados/;platillo-cafe-13-cms-personalizado-a-1-color-mod-ph7;8503444;;Platillo Café 13 cms. Personalizado a 1 color. MOD.PH7;https://www.personalizadoshosteleria.com/p8503444-platillo-cafe-13-cms-personalizado-a-1-color-mod-ph7.html;/media/products/platillo-cafe-13-cms-personalizado-a-1-color-mod-ph7/01_platillo-personalizado-ph7-13-cms-1619368344-jpg.thumb | /media/products/platillo-cafe-13-cms-personalizado-a-1-color-mod-ph7/02_taza-personalizada-mod-ph7-10-cl-1619367789-jpg.thumb | /media/products/platillo-cafe-13-cms-personalizado-a-1-color-mod-ph7/03_calidad-personalizacion-vajilla-1619367795-jpg.thumb | /media/products/platillo-cafe-13-cms-personalizado-a-1-color-mod-ph7/04_3-1619367801-jpg.thumb | /media/products/platillo-cafe-13-cms-personalizado-a-1-color-mod-ph7/05_logo.jpg | /media/products/platillo-cafe-13-cms-personalizado-a-1-color-mod-ph7/06_presupuestos-1692439054-x128-f-gb.jpg | /media/products/platillo-cafe-13-cms-personalizado-a-1-color-mod-ph7/07_mod-ph-42-1663147591.png | /media/products/platillo-cafe-13-cms-personalizado-a-1-color-mod-ph7/08_mod-ph44-61-cl-1663147591.png | /media/products/platillo-cafe-13-cms-personalizado-a-1-color-mod-ph7/09_canguro-airlaid-con-qr-1663147591.png | /media/products/platillo-cafe-13-cms-personalizado-a-1-color-mod-ph7/10_img-20200128-123820-1663171355.jpg | /media/products/platillo-cafe-13-cms-personalizado-a-1-color-mod-ph7/11_aqui-su-publicidad-1-1670758718.png | /media/products/platillo-cafe-13-cms-personalizado-a-1-color-mod-ph7/12_servilleta-canguro-personalizada-eco-1679684414.png | /media/products/platillo-cafe-13-cms-personalizado-a-1-color-mod-ph7/13_mod-57-1689071732.png | /media/products/platillo-cafe-13-cms-personalizado-a-1-color-mod-ph7/14_compra-1-1612367413-x128-f-gb.jpg | /media/products/platillo-cafe-13-cms-personalizado-a-1-color-mod-ph7/15_optima-1609073646-x128-f-gb.png | /media/products/platillo-cafe-13-cms-personalizado-a-1-color-mod-ph7/16_deja-tu-impresion-de-compra-aqui-queremos-saber-si.png | /media/products/platillo-cafe-13-cms-personalizado-a-1-color-mod-ph7/17_camion-phcom-1610453500-x128-f-gb.png | /media/products/platillo-cafe-13-cms-personalizado-a-1-color-mod-ph7/18_blank.png | /media/products/platillo-cafe-13-cms-personalizado-a-1-color-mod-ph7/26_transparent.png | /media/products/platillo-cafe-13-cms-personalizado-a-1-color-mod-ph7/29_platillo-personalizado-ph7-13-cms-1619368344.jpg | /media/products/platillo-cafe-13-cms-personalizado-a-1-color-mod-ph7/34_1-1606664708-jpg.thumb;2026-02-18T11:39:51.907667;;;;;;;
/vajilla-personalizada/;/tazas-y-platillos-personalizados/;platillo-cafe-14-5-cms-personalizado-a-1-color-mod-ph7;8503372;;Platillo Café 14,5 cms. Personalizado a 1 color. MOD.PH7;https://www.personalizadoshosteleria.com/p8503372-platillo-cafe-14-5-cms-personalizado-a-1-color-mod-ph7.html;/media/products/platillo-cafe-14-5-cms-personalizado-a-1-color-mod-ph7/01_platillo-personalizado-ph7-14-cms-1619368362-jpg.thumb | /media/products/platillo-cafe-14-5-cms-personalizado-a-1-color-mod-ph7/02_taza-de-cafe-leche-personalizada-mod-ph7-161935693.thumb | /media/products/platillo-cafe-14-5-cms-personalizado-a-1-color-mod-ph7/03_calidad-personalizacion-vajilla-1619356946-jpg.thumb | /media/products/platillo-cafe-14-5-cms-personalizado-a-1-color-mod-ph7/04_3-1619368208-jpg.thumb | /media/products/platillo-cafe-14-5-cms-personalizado-a-1-color-mod-ph7/05_logo.jpg | /media/products/platillo-cafe-14-5-cms-personalizado-a-1-color-mod-ph7/06_presupuestos-1692439054-x128-f-gb.jpg | /media/products/platillo-cafe-14-5-cms-personalizado-a-1-color-mod-ph7/07_mod-ph-42-1663147591.png | /media/products/platillo-cafe-14-5-cms-personalizado-a-1-color-mod-ph7/08_mod-ph44-61-cl-1663147591.png | /media/products/platillo-cafe-14-5-cms-personalizado-a-1-color-mod-ph7/09_canguro-airlaid-con-qr-1663147591.png | /media/products/platillo-cafe-14-5-cms-personalizado-a-1-color-mod-ph7/10_img-20200128-123820-1663171355.jpg | /media/products/platillo-cafe-14-5-cms-personalizado-a-1-color-mod-ph7/11_aqui-su-publicidad-1-1670758718.png | /media/products/platillo-cafe-14-5-cms-personalizado-a-1-color-mod-ph7/12_servilleta-canguro-personalizada-eco-1679684414.png | /media/products/platillo-cafe-14-5-cms-personalizado-a-1-color-mod-ph7/13_mod-57-1689071732.png | /media/products/platillo-cafe-14-5-cms-personalizado-a-1-color-mod-ph7/14_compra-1-1612367413-x128-f-gb.jpg | /media/products/platillo-cafe-14-5-cms-personalizado-a-1-color-mod-ph7/15_optima-1609073646-x128-f-gb.png | /media/products/platillo-cafe-14-5-cms-personalizado-a-1-color-mod-ph7/16_deja-tu-impresion-de-compra-aqui-queremos-saber-si.png | /media/products/platillo-cafe-14-5-cms-personalizado-a-1-color-mod-ph7/17_camion-phcom-1610453500-x128-f-gb.png | /media/products/platillo-cafe-14-5-cms-personalizado-a-1-color-mod-ph7/18_blank.png | /media/products/platillo-cafe-14-5-cms-personalizado-a-1-color-mod-ph7/26_transparent.png | /media/products/platillo-cafe-14-5-cms-personalizado-a-1-color-mod-ph7/29_platillo-personalizado-ph7-14-cms-1619368362.jpg | /media/products/platillo-cafe-14-5-cms-personalizado-a-1-color-mod-ph7/34_1-1607938683-png.thumb;2026-02-18T11:39:49.358002;;;;;;;
/vajilla-personalizada/;/tazas-y-platillos-personalizados/;platillo-cafe-14-cms-personalizado-a-1-color-mod-ph1;8482939;;Platillo Café 14 cms. Personalizado a 1 color. MOD.PH1;https://www.personalizadoshosteleria.com/p8482939-platillo-cafe-14-cms-personalizado-a-1-color-mod-ph1.html;/media/products/platillo-cafe-14-cms-personalizado-a-1-color-mod-ph1/01_platillo-de-cafe-mod-ph1-1618770308-jpg.thumb | /media/products/platillo-cafe-14-cms-personalizado-a-1-color-mod-ph1/02_platillos-de-cafe-mod-ph1-1618770312-jpg.thumb | /media/products/platillo-cafe-14-cms-personalizado-a-1-color-mod-ph1/03_calidad-vajilla-personalizados-hosteleria-16187703.thumb | /media/products/platillo-cafe-14-cms-personalizado-a-1-color-mod-ph1/04_logo.jpg | /media/products/platillo-cafe-14-cms-personalizado-a-1-color-mod-ph1/05_presupuestos-1692439054-x128-f-gb.jpg | /media/products/platillo-cafe-14-cms-personalizado-a-1-color-mod-ph1/06_mod-ph-42-1663147591.png | /media/products/platillo-cafe-14-cms-personalizado-a-1-color-mod-ph1/07_mod-ph44-61-cl-1663147591.png | /media/products/platillo-cafe-14-cms-personalizado-a-1-color-mod-ph1/08_canguro-airlaid-con-qr-1663147591.png | /media/products/platillo-cafe-14-cms-personalizado-a-1-color-mod-ph1/09_img-20200128-123820-1663171355.jpg | /media/products/platillo-cafe-14-cms-personalizado-a-1-color-mod-ph1/10_aqui-su-publicidad-1-1670758718.png | /media/products/platillo-cafe-14-cms-personalizado-a-1-color-mod-ph1/11_servilleta-canguro-personalizada-eco-1679684414.png | /media/products/platillo-cafe-14-cms-personalizado-a-1-color-mod-ph1/12_mod-57-1689071732.png | /media/products/platillo-cafe-14-cms-personalizado-a-1-color-mod-ph1/13_compra-1-1612367413-x128-f-gb.jpg | /media/products/platillo-cafe-14-cms-personalizado-a-1-color-mod-ph1/14_optima-1609073646-x128-f-gb.png | /media/products/platillo-cafe-14-cms-personalizado-a-1-color-mod-ph1/15_deja-tu-impresion-de-compra-aqui-queremos-saber-si.png | /media/products/platillo-cafe-14-cms-personalizado-a-1-color-mod-ph1/16_camion-phcom-1610453500-x128-f-gb.png | /media/products/platillo-cafe-14-cms-personalizado-a-1-color-mod-ph1/17_blank.png | /media/products/platillo-cafe-14-cms-personalizado-a-1-color-mod-ph1/25_transparent.png | /media/products/platillo-cafe-14-cms-personalizado-a-1-color-mod-ph1/28_platillo-de-cafe-mod-ph1-1618770308.jpg | /media/products/platillo-cafe-14-cms-personalizado-a-1-color-mod-ph1/32_palladio1-1606667783-jpg.thumb | /media/products/platillo-cafe-14-cms-personalizado-a-1-color-mod-ph1/33_reveal-up1-1606639607-jpg.thumb;2026-02-18T11:39:46.773463;;;;;;;
/vajilla-personalizada/;/tazas-y-platillos-personalizados/;tacerio-ph2-grabado-con-logo-a-un-color;7722183;;TAZAS Y PLATILLOS PERSONALIZADOS PH2;https://www.personalizadoshosteleria.com/p7722183-tacerio-ph2-grabado-con-logo-a-un-color.html;/media/products/tacerio-ph2-grabado-con-logo-a-un-color/01_vajilla-personalizada-mod-ph2-1615140716-jpg.thumb | /media/products/tacerio-ph2-grabado-con-logo-a-un-color/02_4-1615140697-jpg.thumb | /media/products/tacerio-ph2-grabado-con-logo-a-un-color/03_taza-ph2-1615141867-jpg.thumb | /media/products/tacerio-ph2-grabado-con-logo-a-un-color/04_calidad-vajilla-personalizados-hosteleria-16114872.thumb | /media/products/tacerio-ph2-grabado-con-logo-a-un-color/05_logo.jpg | /media/products/tacerio-ph2-grabado-con-logo-a-un-color/06_presupuestos-1692439054-x128-f-gb.jpg | /media/products/tacerio-ph2-grabado-con-logo-a-un-color/07_mod-ph-42-1663147591.png | /media/products/tacerio-ph2-grabado-con-logo-a-un-color/08_mod-ph44-61-cl-1663147591.png | /media/products/tacerio-ph2-grabado-con-logo-a-un-color/09_canguro-airlaid-con-qr-1663147591.png | /media/products/tacerio-ph2-grabado-con-logo-a-un-color/10_img-20200128-123820-1663171355.jpg | /media/products/tacerio-ph2-grabado-con-logo-a-un-color/11_aqui-su-publicidad-1-1670758718.png | /media/products/tacerio-ph2-grabado-con-logo-a-un-color/12_servilleta-canguro-personalizada-eco-1679684414.png | /media/products/tacerio-ph2-grabado-con-logo-a-un-color/13_mod-57-1689071732.png | /media/products/tacerio-ph2-grabado-con-logo-a-un-color/14_compra-1-1612367413-x128-f-gb.jpg | /media/products/tacerio-ph2-grabado-con-logo-a-un-color/15_optima-1609073646-x128-f-gb.png | /media/products/tacerio-ph2-grabado-con-logo-a-un-color/16_deja-tu-impresion-de-compra-aqui-queremos-saber-si.png | /media/products/tacerio-ph2-grabado-con-logo-a-un-color/17_camion-phcom-1610453500-x128-f-gb.png | /media/products/tacerio-ph2-grabado-con-logo-a-un-color/18_blank.png | /media/products/tacerio-ph2-grabado-con-logo-a-un-color/26_transparent.png | /media/products/tacerio-ph2-grabado-con-logo-a-un-color/29_vajilla-personalizada-mod-ph2-1615140716.jpg | /media/products/tacerio-ph2-grabado-con-logo-a-un-color/34_categoria-vajilla-ph1-1615129263-jpg.thumb;2026-02-18T11:39:31.751746;;;;;;;
/vajilla-personalizada/;/tazas-y-platillos-personalizados/;taza-10-cl-personalizada-a-1-color-mod-ph7;8503369;;Taza 10 cl. Personalizada a 1 color. MOD.PH7;https://www.personalizadoshosteleria.com/p8503369-taza-10-cl-personalizada-a-1-color-mod-ph7.html;/media/products/taza-10-cl-personalizada-a-1-color-mod-ph7/01_taza-personalizada-mod-ph7-10-cl-1619356612-jpg.thumb | /media/products/taza-10-cl-personalizada-a-1-color-mod-ph7/02_2-1619356619-jpg.thumb | /media/products/taza-10-cl-personalizada-a-1-color-mod-ph7/03_calidad-personalizacion-vajilla-1619356623-jpg.thumb | /media/products/taza-10-cl-personalizada-a-1-color-mod-ph7/04_taza-de-cafe-leche-personalizada-mod-ph7-161935662.thumb | /media/products/taza-10-cl-personalizada-a-1-color-mod-ph7/05_logo.jpg | /media/products/taza-10-cl-personalizada-a-1-color-mod-ph7/06_presupuestos-1692439054-x128-f-gb.jpg | /media/products/taza-10-cl-personalizada-a-1-color-mod-ph7/07_mod-ph-42-1663147591.png | /media/products/taza-10-cl-personalizada-a-1-color-mod-ph7/08_mod-ph44-61-cl-1663147591.png | /media/products/taza-10-cl-personalizada-a-1-color-mod-ph7/09_canguro-airlaid-con-qr-1663147591.png | /media/products/taza-10-cl-personalizada-a-1-color-mod-ph7/10_img-20200128-123820-1663171355.jpg | /media/products/taza-10-cl-personalizada-a-1-color-mod-ph7/11_aqui-su-publicidad-1-1670758718.png | /media/products/taza-10-cl-personalizada-a-1-color-mod-ph7/12_servilleta-canguro-personalizada-eco-1679684414.png | /media/products/taza-10-cl-personalizada-a-1-color-mod-ph7/13_mod-57-1689071732.png | /media/products/taza-10-cl-personalizada-a-1-color-mod-ph7/14_compra-1-1612367413-x128-f-gb.jpg | /media/products/taza-10-cl-personalizada-a-1-color-mod-ph7/15_optima-1609073646-x128-f-gb.png | /media/products/taza-10-cl-personalizada-a-1-color-mod-ph7/16_deja-tu-impresion-de-compra-aqui-queremos-saber-si.png | /media/products/taza-10-cl-personalizada-a-1-color-mod-ph7/17_camion-phcom-1610453500-x128-f-gb.png | /media/products/taza-10-cl-personalizada-a-1-color-mod-ph7/18_blank.png | /media/products/taza-10-cl-personalizada-a-1-color-mod-ph7/26_transparent.png | /media/products/taza-10-cl-personalizada-a-1-color-mod-ph7/29_taza-personalizada-mod-ph7-10-cl-1619356612.jpg | /media/products/taza-10-cl-personalizada-a-1-color-mod-ph7/34_tazay-platillo-personalizados-ischia-1611430321-pn.thumb;2026-02-18T11:40:32.488377;;;;;;;
/vajilla-personalizada/;/tazas-y-platillos-personalizados/;taza-15-cl-personalizada-a-1-color-mod-ph1;8482885;;Taza 15 cl. Personalizada a 1 color. MOD.PH1;https://www.personalizadoshosteleria.com/p8482885-taza-15-cl-personalizada-a-1-color-mod-ph1.html;/media/products/taza-15-cl-personalizada-a-1-color-mod-ph1/01_taza-15-cl-personalizada-a-un-color-1618767324-jpg.thumb | /media/products/taza-15-cl-personalizada-a-1-color-mod-ph1/02_taza-20-cl-mod-ph1-1619176919-jpg.thumb | /media/products/taza-15-cl-personalizada-a-1-color-mod-ph1/03_taza-8-cl-y-platillo-personalizados-a-un-color-161.thumb | /media/products/taza-15-cl-personalizada-a-1-color-mod-ph1/04_calidad-personalizacion-1618767006-jpg.thumb | /media/products/taza-15-cl-personalizada-a-1-color-mod-ph1/05_logo.jpg | /media/products/taza-15-cl-personalizada-a-1-color-mod-ph1/06_presupuestos-1692439054-x128-f-gb.jpg | /media/products/taza-15-cl-personalizada-a-1-color-mod-ph1/07_mod-ph-42-1663147591.png | /media/products/taza-15-cl-personalizada-a-1-color-mod-ph1/08_mod-ph44-61-cl-1663147591.png | /media/products/taza-15-cl-personalizada-a-1-color-mod-ph1/09_canguro-airlaid-con-qr-1663147591.png | /media/products/taza-15-cl-personalizada-a-1-color-mod-ph1/10_img-20200128-123820-1663171355.jpg | /media/products/taza-15-cl-personalizada-a-1-color-mod-ph1/11_aqui-su-publicidad-1-1670758718.png | /media/products/taza-15-cl-personalizada-a-1-color-mod-ph1/12_servilleta-canguro-personalizada-eco-1679684414.png | /media/products/taza-15-cl-personalizada-a-1-color-mod-ph1/13_mod-57-1689071732.png | /media/products/taza-15-cl-personalizada-a-1-color-mod-ph1/14_compra-1-1612367413-x128-f-gb.jpg | /media/products/taza-15-cl-personalizada-a-1-color-mod-ph1/15_optima-1609073646-x128-f-gb.png | /media/products/taza-15-cl-personalizada-a-1-color-mod-ph1/16_deja-tu-impresion-de-compra-aqui-queremos-saber-si.png | /media/products/taza-15-cl-personalizada-a-1-color-mod-ph1/17_camion-phcom-1610453500-x128-f-gb.png | /media/products/taza-15-cl-personalizada-a-1-color-mod-ph1/18_blank.png | /media/products/taza-15-cl-personalizada-a-1-color-mod-ph1/26_transparent.png | /media/products/taza-15-cl-personalizada-a-1-color-mod-ph1/29_taza-15-cl-personalizada-a-un-color-1618767324.jpg | /media/products/taza-15-cl-personalizada-a-1-color-mod-ph1/34_classic-1607418433-jpg.thumb;2026-02-18T11:39:41.923206;;;;;;;
/vajilla-personalizada/;/tazas-y-platillos-personalizados/;taza-16-cl-personalizada-a-1-color-mod-ph7;8503368;;Taza 16 cl. Personalizada a 1 color. MOD.PH7;https://www.personalizadoshosteleria.com/p8503368-taza-16-cl-personalizada-a-1-color-mod-ph7.html;/media/products/taza-16-cl-personalizada-a-1-color-mod-ph7/01_taza-de-cafe-leche-personalizada-mod-ph7-161935640.thumb | /media/products/taza-16-cl-personalizada-a-1-color-mod-ph7/02_3-1619356412-jpg.thumb | /media/products/taza-16-cl-personalizada-a-1-color-mod-ph7/03_taza-personalizada-mod-ph7-10-cl-1619356417-jpg.thumb | /media/products/taza-16-cl-personalizada-a-1-color-mod-ph7/04_calidad-personalizacion-vajilla-1619356422-jpg.thumb | /media/products/taza-16-cl-personalizada-a-1-color-mod-ph7/05_logo.jpg | /media/products/taza-16-cl-personalizada-a-1-color-mod-ph7/06_presupuestos-1692439054-x128-f-gb.jpg | /media/products/taza-16-cl-personalizada-a-1-color-mod-ph7/07_mod-ph-42-1663147591.png | /media/products/taza-16-cl-personalizada-a-1-color-mod-ph7/08_mod-ph44-61-cl-1663147591.png | /media/products/taza-16-cl-personalizada-a-1-color-mod-ph7/09_canguro-airlaid-con-qr-1663147591.png | /media/products/taza-16-cl-personalizada-a-1-color-mod-ph7/10_img-20200128-123820-1663171355.jpg | /media/products/taza-16-cl-personalizada-a-1-color-mod-ph7/11_aqui-su-publicidad-1-1670758718.png | /media/products/taza-16-cl-personalizada-a-1-color-mod-ph7/12_servilleta-canguro-personalizada-eco-1679684414.png | /media/products/taza-16-cl-personalizada-a-1-color-mod-ph7/13_mod-57-1689071732.png | /media/products/taza-16-cl-personalizada-a-1-color-mod-ph7/14_compra-1-1612367413-x128-f-gb.jpg | /media/products/taza-16-cl-personalizada-a-1-color-mod-ph7/15_optima-1609073646-x128-f-gb.png | /media/products/taza-16-cl-personalizada-a-1-color-mod-ph7/16_deja-tu-impresion-de-compra-aqui-queremos-saber-si.png | /media/products/taza-16-cl-personalizada-a-1-color-mod-ph7/17_camion-phcom-1610453500-x128-f-gb.png | /media/products/taza-16-cl-personalizada-a-1-color-mod-ph7/18_blank.png | /media/products/taza-16-cl-personalizada-a-1-color-mod-ph7/26_transparent.png | /media/products/taza-16-cl-personalizada-a-1-color-mod-ph7/29_taza-de-cafe-leche-personalizada-mod-ph7-161935640.jpg | /media/products/taza-16-cl-personalizada-a-1-color-mod-ph7/34_principe-1607691048-jpg.thumb;2026-02-18T11:40:34.966195;;;;;;;
/vajilla-personalizada/;/tazas-y-platillos-personalizados/;taza-19-cl-personalizada-a-1-color-mod-ph7;8503367;;Taza 19 cl. Personalizada a 1 color. MOD.PH7;https://www.personalizadoshosteleria.com/p8503367-taza-19-cl-personalizada-a-1-color-mod-ph7.html;/media/products/taza-19-cl-personalizada-a-1-color-mod-ph7/01_taza-de-cafe-leche-personalizada-mod-ph7-161935628.thumb | /media/products/taza-19-cl-personalizada-a-1-color-mod-ph7/02_calidad-personalizacion-vajilla-1619356009-jpg.thumb | /media/products/taza-19-cl-personalizada-a-1-color-mod-ph7/03_2-1619356015-jpg.thumb | /media/products/taza-19-cl-personalizada-a-1-color-mod-ph7/04_taza-personalizada-mod-ph7-10-cl-1619356341-jpg.thumb | /media/products/taza-19-cl-personalizada-a-1-color-mod-ph7/05_logo.jpg | /media/products/taza-19-cl-personalizada-a-1-color-mod-ph7/06_presupuestos-1692439054-x128-f-gb.jpg | /media/products/taza-19-cl-personalizada-a-1-color-mod-ph7/07_mod-ph-42-1663147591.png | /media/products/taza-19-cl-personalizada-a-1-color-mod-ph7/08_mod-ph44-61-cl-1663147591.png | /media/products/taza-19-cl-personalizada-a-1-color-mod-ph7/09_canguro-airlaid-con-qr-1663147591.png | /media/products/taza-19-cl-personalizada-a-1-color-mod-ph7/10_img-20200128-123820-1663171355.jpg | /media/products/taza-19-cl-personalizada-a-1-color-mod-ph7/11_aqui-su-publicidad-1-1670758718.png | /media/products/taza-19-cl-personalizada-a-1-color-mod-ph7/12_servilleta-canguro-personalizada-eco-1679684414.png | /media/products/taza-19-cl-personalizada-a-1-color-mod-ph7/13_mod-57-1689071732.png | /media/products/taza-19-cl-personalizada-a-1-color-mod-ph7/14_compra-1-1612367413-x128-f-gb.jpg | /media/products/taza-19-cl-personalizada-a-1-color-mod-ph7/15_optima-1609073646-x128-f-gb.png | /media/products/taza-19-cl-personalizada-a-1-color-mod-ph7/16_deja-tu-impresion-de-compra-aqui-queremos-saber-si.png | /media/products/taza-19-cl-personalizada-a-1-color-mod-ph7/17_camion-phcom-1610453500-x128-f-gb.png | /media/products/taza-19-cl-personalizada-a-1-color-mod-ph7/18_blank.png | /media/products/taza-19-cl-personalizada-a-1-color-mod-ph7/26_transparent.png | /media/products/taza-19-cl-personalizada-a-1-color-mod-ph7/29_taza-de-cafe-leche-personalizada-mod-ph7-161935628.jpg | /media/products/taza-19-cl-personalizada-a-1-color-mod-ph7/34_harmonia-principal-1606665579-jpg.thumb;2026-02-18T11:42:18.310293;;;;;;;
/vajilla-personalizada/;/tazas-y-platillos-personalizados/;taza-20-cl-personalizada-a-1-color-mod-ph1;8482990;;Taza y Platillo 20 cl. Personalizada a 1 color. MOD.PH1;https://www.personalizadoshosteleria.com/p8482990-taza-20-cl-personalizada-a-1-color-mod-ph1.html;/media/products/taza-20-cl-personalizada-a-1-color-mod-ph1/01_taza-20-cl-mod-ph1-1618772760-jpg.thumb | /media/products/taza-20-cl-personalizada-a-1-color-mod-ph1/02_taza-y-platillo-ph1-1724776812-jpg.thumb | /media/products/taza-20-cl-personalizada-a-1-color-mod-ph1/03_tazas-y-platillos-ph1-1724776812-jpg.thumb | /media/products/taza-20-cl-personalizada-a-1-color-mod-ph1/04_calidad-vajilla-personalizados-hosteleria-16187727.thumb | /media/products/taza-20-cl-personalizada-a-1-color-mod-ph1/05_logo.jpg | /media/products/taza-20-cl-personalizada-a-1-color-mod-ph1/06_presupuestos-1692439054-x128-f-gb.jpg | /media/products/taza-20-cl-personalizada-a-1-color-mod-ph1/07_mod-ph-42-1663147591.png | /media/products/taza-20-cl-personalizada-a-1-color-mod-ph1/08_mod-ph44-61-cl-1663147591.png | /media/products/taza-20-cl-personalizada-a-1-color-mod-ph1/09_canguro-airlaid-con-qr-1663147591.png | /media/products/taza-20-cl-personalizada-a-1-color-mod-ph1/10_img-20200128-123820-1663171355.jpg | /media/products/taza-20-cl-personalizada-a-1-color-mod-ph1/11_aqui-su-publicidad-1-1670758718.png | /media/products/taza-20-cl-personalizada-a-1-color-mod-ph1/12_servilleta-canguro-personalizada-eco-1679684414.png | /media/products/taza-20-cl-personalizada-a-1-color-mod-ph1/13_mod-57-1689071732.png | /media/products/taza-20-cl-personalizada-a-1-color-mod-ph1/14_compra-1-1612367413-x128-f-gb.jpg | /media/products/taza-20-cl-personalizada-a-1-color-mod-ph1/15_optima-1609073646-x128-f-gb.png | /media/products/taza-20-cl-personalizada-a-1-color-mod-ph1/16_deja-tu-impresion-de-compra-aqui-queremos-saber-si.png | /media/products/taza-20-cl-personalizada-a-1-color-mod-ph1/17_camion-phcom-1610453500-x128-f-gb.png | /media/products/taza-20-cl-personalizada-a-1-color-mod-ph1/18_blank.png | /media/products/taza-20-cl-personalizada-a-1-color-mod-ph1/26_transparent.png | /media/products/taza-20-cl-personalizada-a-1-color-mod-ph1/29_taza-20-cl-mod-ph1-1618772760.jpg | /media/products/taza-20-cl-personalizada-a-1-color-mod-ph1/34_manteleria-personalizada-1-1610441370-jpg.thumb;2026-02-18T11:42:23.390023;;;;;;;
/vajilla-personalizada/;/tazas-y-platillos-personalizados/;taza-20-cl-personalizada-a-1-color-mod-ph5;8524225;;Taza y Platillo Personalizada para 20 cl. a 1 color. MOD.PH5;https://www.personalizadoshosteleria.com/p8524225-taza-20-cl-personalizada-a-1-color-mod-ph5.html;/media/products/taza-20-cl-personalizada-a-1-color-mod-ph5/01_taza-personalizada-20-cl-ph5-1619955587-jpg.thumb | /media/products/taza-20-cl-personalizada-a-1-color-mod-ph5/02_calidad-personalizacion-vajilla-1619955590-jpg.thumb | /media/products/taza-20-cl-personalizada-a-1-color-mod-ph5/03_tazas-y-platillos-personalizados-ph5-1619955594-jp.thumb | /media/products/taza-20-cl-personalizada-a-1-color-mod-ph5/04_taza-personalizada-10-cl-ph5-1619955604-jpg.thumb | /media/products/taza-20-cl-personalizada-a-1-color-mod-ph5/05_logo.jpg | /media/products/taza-20-cl-personalizada-a-1-color-mod-ph5/06_presupuestos-1692439054-x128-f-gb.jpg | /media/products/taza-20-cl-personalizada-a-1-color-mod-ph5/07_mod-ph-42-1663147591.png | /media/products/taza-20-cl-personalizada-a-1-color-mod-ph5/08_mod-ph44-61-cl-1663147591.png | /media/products/taza-20-cl-personalizada-a-1-color-mod-ph5/09_canguro-airlaid-con-qr-1663147591.png | /media/products/taza-20-cl-personalizada-a-1-color-mod-ph5/10_img-20200128-123820-1663171355.jpg | /media/products/taza-20-cl-personalizada-a-1-color-mod-ph5/11_aqui-su-publicidad-1-1670758718.png | /media/products/taza-20-cl-personalizada-a-1-color-mod-ph5/12_servilleta-canguro-personalizada-eco-1679684414.png | /media/products/taza-20-cl-personalizada-a-1-color-mod-ph5/13_mod-57-1689071732.png | /media/products/taza-20-cl-personalizada-a-1-color-mod-ph5/14_compra-1-1612367413-x128-f-gb.jpg | /media/products/taza-20-cl-personalizada-a-1-color-mod-ph5/15_optima-1609073646-x128-f-gb.png | /media/products/taza-20-cl-personalizada-a-1-color-mod-ph5/16_deja-tu-impresion-de-compra-aqui-queremos-saber-si.png | /media/products/taza-20-cl-personalizada-a-1-color-mod-ph5/17_camion-phcom-1610453500-x128-f-gb.png | /media/products/taza-20-cl-personalizada-a-1-color-mod-ph5/18_blank.png | /media/products/taza-20-cl-personalizada-a-1-color-mod-ph5/26_transparent.png | /media/products/taza-20-cl-personalizada-a-1-color-mod-ph5/29_taza-personalizada-20-cl-ph5-1619955587.jpg | /media/products/taza-20-cl-personalizada-a-1-color-mod-ph5/34_cabernete-1606642017-jpg.thumb;2026-02-18T11:42:16.042522;;;;;;;
/vajilla-personalizada/;/tazas-y-platillos-personalizados/;taza-22-cl-personalizada-a-1-color-mod-ph7;8503347;;Taza 22 cl. Personalizada a 1 color. MOD.PH7;https://www.personalizadoshosteleria.com/p8503347-taza-22-cl-personalizada-a-1-color-mod-ph7.html;/media/products/taza-22-cl-personalizada-a-1-color-mod-ph7/01_taza-de-cafe-leche-personalizada-mod-ph7-161935389.thumb | /media/products/taza-22-cl-personalizada-a-1-color-mod-ph7/02_10-1619353909-jpg.thumb | /media/products/taza-22-cl-personalizada-a-1-color-mod-ph7/03_2-1619353913-jpg.thumb | /media/products/taza-22-cl-personalizada-a-1-color-mod-ph7/04_calidad-personalizacion-vajilla-1619355687-jpg.thumb | /media/products/taza-22-cl-personalizada-a-1-color-mod-ph7/05_logo.jpg | /media/products/taza-22-cl-personalizada-a-1-color-mod-ph7/06_presupuestos-1692439054-x128-f-gb.jpg | /media/products/taza-22-cl-personalizada-a-1-color-mod-ph7/07_mod-ph-42-1663147591.png | /media/products/taza-22-cl-personalizada-a-1-color-mod-ph7/08_mod-ph44-61-cl-1663147591.png | /media/products/taza-22-cl-personalizada-a-1-color-mod-ph7/09_canguro-airlaid-con-qr-1663147591.png | /media/products/taza-22-cl-personalizada-a-1-color-mod-ph7/10_img-20200128-123820-1663171355.jpg | /media/products/taza-22-cl-personalizada-a-1-color-mod-ph7/11_aqui-su-publicidad-1-1670758718.png | /media/products/taza-22-cl-personalizada-a-1-color-mod-ph7/12_servilleta-canguro-personalizada-eco-1679684414.png | /media/products/taza-22-cl-personalizada-a-1-color-mod-ph7/13_mod-57-1689071732.png | /media/products/taza-22-cl-personalizada-a-1-color-mod-ph7/14_compra-1-1612367413-x128-f-gb.jpg | /media/products/taza-22-cl-personalizada-a-1-color-mod-ph7/15_optima-1609073646-x128-f-gb.png | /media/products/taza-22-cl-personalizada-a-1-color-mod-ph7/16_deja-tu-impresion-de-compra-aqui-queremos-saber-si.png | /media/products/taza-22-cl-personalizada-a-1-color-mod-ph7/17_camion-phcom-1610453500-x128-f-gb.png | /media/products/taza-22-cl-personalizada-a-1-color-mod-ph7/18_blank.png | /media/products/taza-22-cl-personalizada-a-1-color-mod-ph7/26_transparent.png | /media/products/taza-22-cl-personalizada-a-1-color-mod-ph7/29_taza-de-cafe-leche-personalizada-mod-ph7-161935389.jpg | /media/products/taza-22-cl-personalizada-a-1-color-mod-ph7/34_vajilla-personalizada-mod-ph2-1615140716-jpg.thumb;2026-02-18T11:42:20.836061;;;;;;;
/vajilla-personalizada/;/tazas-y-platillos-personalizados/;taza-8-cl-personalizada-a-1-color-mod-ph1;8482744;;Taza 8 cl. Personalizada a 1 color. MOD.PH1;https://www.personalizadoshosteleria.com/p8482744-taza-8-cl-personalizada-a-1-color-mod-ph1.html;/media/products/taza-8-cl-personalizada-a-1-color-mod-ph1/01_taza-0-8-cl-y-platillo-personalizados-a-uno-o-dos-.thumb | /media/products/taza-8-cl-personalizada-a-1-color-mod-ph1/02_tazas-y-platillos-personalizados-ph1-1618753371-jp.thumb | /media/products/taza-8-cl-personalizada-a-1-color-mod-ph1/03_taza-personalizada-ph1-1618753380-jpg.thumb | /media/products/taza-8-cl-personalizada-a-1-color-mod-ph1/04_calidad-grabado-1618752080-jpg.thumb | /media/products/taza-8-cl-personalizada-a-1-color-mod-ph1/05_logo.jpg | /media/products/taza-8-cl-personalizada-a-1-color-mod-ph1/06_presupuestos-1692439054-x128-f-gb.jpg | /media/products/taza-8-cl-personalizada-a-1-color-mod-ph1/07_mod-ph-42-1663147591.png | /media/products/taza-8-cl-personalizada-a-1-color-mod-ph1/08_mod-ph44-61-cl-1663147591.png | /media/products/taza-8-cl-personalizada-a-1-color-mod-ph1/09_canguro-airlaid-con-qr-1663147591.png | /media/products/taza-8-cl-personalizada-a-1-color-mod-ph1/10_img-20200128-123820-1663171355.jpg | /media/products/taza-8-cl-personalizada-a-1-color-mod-ph1/11_aqui-su-publicidad-1-1670758718.png | /media/products/taza-8-cl-personalizada-a-1-color-mod-ph1/12_servilleta-canguro-personalizada-eco-1679684414.png | /media/products/taza-8-cl-personalizada-a-1-color-mod-ph1/13_mod-57-1689071732.png | /media/products/taza-8-cl-personalizada-a-1-color-mod-ph1/14_compra-1-1612367413-x128-f-gb.jpg | /media/products/taza-8-cl-personalizada-a-1-color-mod-ph1/15_optima-1609073646-x128-f-gb.png | /media/products/taza-8-cl-personalizada-a-1-color-mod-ph1/16_deja-tu-impresion-de-compra-aqui-queremos-saber-si.png | /media/products/taza-8-cl-personalizada-a-1-color-mod-ph1/17_camion-phcom-1610453500-x128-f-gb.png | /media/products/taza-8-cl-personalizada-a-1-color-mod-ph1/18_blank.png | /media/products/taza-8-cl-personalizada-a-1-color-mod-ph1/26_transparent.png | /media/products/taza-8-cl-personalizada-a-1-color-mod-ph1/29_taza-0-8-cl-y-platillo-personalizados-a-uno-o-dos-.jpg | /media/products/taza-8-cl-personalizada-a-1-color-mod-ph1/34_savoy1-1610794807-jpg.thumb;2026-02-18T11:39:39.355846;;;;;;;
/vajilla-personalizada/;/tazas-y-platillos-personalizados/;taza-cristal-personalizada-irish-late;8292283;;TAZA CRISTAL PERSONALIZADA. IRISH LATE;https://www.personalizadoshosteleria.com/p8292283-taza-cristal-personalizada-irish-late.html;/media/products/taza-cristal-personalizada-irish-late/01_taza-personalizada-irish-1611496949-jpg.thumb | /media/products/taza-cristal-personalizada-irish-late/02_taza-cristal-personalizada-irish-late-1611496819-j.thumb | /media/products/taza-cristal-personalizada-irish-late/03_taza-personalizada-irish-late-medidas-1611496837-p.thumb | /media/products/taza-cristal-personalizada-irish-late/04_calidad-cristal-perssonalizados-hosteleria-1611497.thumb | /media/products/taza-cristal-personalizada-irish-late/05_logo.jpg | /media/products/taza-cristal-personalizada-irish-late/06_presupuestos-1692439054-x128-f-gb.jpg | /media/products/taza-cristal-personalizada-irish-late/07_mod-ph-42-1663147591.png | /media/products/taza-cristal-personalizada-irish-late/08_mod-ph44-61-cl-1663147591.png | /media/products/taza-cristal-personalizada-irish-late/09_canguro-airlaid-con-qr-1663147591.png | /media/products/taza-cristal-personalizada-irish-late/10_img-20200128-123820-1663171355.jpg | /media/products/taza-cristal-personalizada-irish-late/11_aqui-su-publicidad-1-1670758718.png | /media/products/taza-cristal-personalizada-irish-late/12_servilleta-canguro-personalizada-eco-1679684414.png | /media/products/taza-cristal-personalizada-irish-late/13_mod-57-1689071732.png | /media/products/taza-cristal-personalizada-irish-late/14_compra-1-1612367413-x128-f-gb.jpg | /media/products/taza-cristal-personalizada-irish-late/15_optima-1609073646-x128-f-gb.png | /media/products/taza-cristal-personalizada-irish-late/16_deja-tu-impresion-de-compra-aqui-queremos-saber-si.png | /media/products/taza-cristal-personalizada-irish-late/17_camion-phcom-1610453500-x128-f-gb.png | /media/products/taza-cristal-personalizada-irish-late/18_blank.png | /media/products/taza-cristal-personalizada-irish-late/26_transparent.png | /media/products/taza-cristal-personalizada-irish-late/29_taza-personalizada-irish-1611496949.jpg | /media/products/taza-cristal-personalizada-irish-late/34_copia-de-enoteca-1607710335-jpg.thumb;2026-02-18T11:49:28.465853;;;;;;;
/vajilla-personalizada/;/tazas-y-platillos-personalizados/;taza-easy-23-cl-grabada-con-logo;7722169;;TAZA Y PLATILLO PERSONALIZADO. EASY 23 CL. GRABADA CON LOGO;https://www.personalizadoshosteleria.com/p7722169-taza-easy-23-cl-grabada-con-logo.html;/media/products/taza-easy-23-cl-grabada-con-logo/01_taza-y-platillo-personalizado-easy-23-1611430048-j.thumb | /media/products/taza-easy-23-cl-grabada-con-logo/02_taza-personalizada-easy-23-cl-1611426734-png.thumb | /media/products/taza-easy-23-cl-grabada-con-logo/03_easypanoramic-1607880479-jpg.thumb | /media/products/taza-easy-23-cl-grabada-con-logo/04_calidad-cristal-perssonalizados-hosteleria-1611426.thumb | /media/products/taza-easy-23-cl-grabada-con-logo/05_logo.jpg | /media/products/taza-easy-23-cl-grabada-con-logo/06_presupuestos-1692439054-x128-f-gb.jpg | /media/products/taza-easy-23-cl-grabada-con-logo/07_mod-ph-42-1663147591.png | /media/products/taza-easy-23-cl-grabada-con-logo/08_mod-ph44-61-cl-1663147591.png | /media/products/taza-easy-23-cl-grabada-con-logo/09_canguro-airlaid-con-qr-1663147591.png | /media/products/taza-easy-23-cl-grabada-con-logo/10_img-20200128-123820-1663171355.jpg | /media/products/taza-easy-23-cl-grabada-con-logo/11_aqui-su-publicidad-1-1670758718.png | /media/products/taza-easy-23-cl-grabada-con-logo/12_servilleta-canguro-personalizada-eco-1679684414.png | /media/products/taza-easy-23-cl-grabada-con-logo/13_mod-57-1689071732.png | /media/products/taza-easy-23-cl-grabada-con-logo/14_compra-1-1612367413-x128-f-gb.jpg | /media/products/taza-easy-23-cl-grabada-con-logo/15_optima-1609073646-x128-f-gb.png | /media/products/taza-easy-23-cl-grabada-con-logo/16_deja-tu-impresion-de-compra-aqui-queremos-saber-si.png | /media/products/taza-easy-23-cl-grabada-con-logo/17_camion-phcom-1610453500-x128-f-gb.png | /media/products/taza-easy-23-cl-grabada-con-logo/18_blank.png | /media/products/taza-easy-23-cl-grabada-con-logo/26_transparent.png | /media/products/taza-easy-23-cl-grabada-con-logo/29_taza-y-platillo-personalizado-easy-23-1611430048.jpg | /media/products/taza-easy-23-cl-grabada-con-logo/34_categoria-vajilla-ph1-1615129263-jpg.thumb;2026-02-18T11:49:23.198140;;;;;;;
/vajilla-personalizada/;/tazas-y-platillos-personalizados/;taza-mug-voluto-en-25-y-32-cl-grabada-con-logo;7721601;;TAZA MUG VOLUTO EN 25 Y 32 CL.  GRABADA CON LOGO;https://www.personalizadoshosteleria.com/p7721601-taza-mug-voluto-en-25-y-32-cl-grabada-con-logo.html;/media/products/taza-mug-voluto-en-25-y-32-cl-grabada-con-logo/01_mug-personalizado-voluto-medidas-1611431020-jpg.thumb | /media/products/taza-mug-voluto-en-25-y-32-cl-grabada-con-logo/02_mug-personalizado-voluto-25-cl-1611431020-png.thumb | /media/products/taza-mug-voluto-en-25-y-32-cl-grabada-con-logo/03_mug-personalizado-volutto-1611426110-png.thumb | /media/products/taza-mug-voluto-en-25-y-32-cl-grabada-con-logo/04_calidad-cristal-perssonalizados-hosteleria-1611426.thumb | /media/products/taza-mug-voluto-en-25-y-32-cl-grabada-con-logo/05_logo.jpg | /media/products/taza-mug-voluto-en-25-y-32-cl-grabada-con-logo/06_presupuestos-1692439054-x128-f-gb.jpg | /media/products/taza-mug-voluto-en-25-y-32-cl-grabada-con-logo/07_mod-ph-42-1663147591.png | /media/products/taza-mug-voluto-en-25-y-32-cl-grabada-con-logo/08_mod-ph44-61-cl-1663147591.png | /media/products/taza-mug-voluto-en-25-y-32-cl-grabada-con-logo/09_canguro-airlaid-con-qr-1663147591.png | /media/products/taza-mug-voluto-en-25-y-32-cl-grabada-con-logo/10_img-20200128-123820-1663171355.jpg | /media/products/taza-mug-voluto-en-25-y-32-cl-grabada-con-logo/11_aqui-su-publicidad-1-1670758718.png | /media/products/taza-mug-voluto-en-25-y-32-cl-grabada-con-logo/12_servilleta-canguro-personalizada-eco-1679684414.png | /media/products/taza-mug-voluto-en-25-y-32-cl-grabada-con-logo/13_mod-57-1689071732.png | /media/products/taza-mug-voluto-en-25-y-32-cl-grabada-con-logo/14_compra-1-1612367413-x128-f-gb.jpg | /media/products/taza-mug-voluto-en-25-y-32-cl-grabada-con-logo/15_optima-1609073646-x128-f-gb.png | /media/products/taza-mug-voluto-en-25-y-32-cl-grabada-con-logo/16_deja-tu-impresion-de-compra-aqui-queremos-saber-si.png | /media/products/taza-mug-voluto-en-25-y-32-cl-grabada-con-logo/17_camion-phcom-1610453500-x128-f-gb.png | /media/products/taza-mug-voluto-en-25-y-32-cl-grabada-con-logo/18_blank.png | /media/products/taza-mug-voluto-en-25-y-32-cl-grabada-con-logo/26_transparent.png | /media/products/taza-mug-voluto-en-25-y-32-cl-grabada-con-logo/29_mug-personalizado-voluto-medidas-1611431020.jpg | /media/products/taza-mug-voluto-en-25-y-32-cl-grabada-con-logo/34_palladio1-1606667783-jpg.thumb;2026-02-18T11:49:20.482581;;;;;;;
/vajilla-personalizada/;/tazas-y-platillos-personalizados/;taza-y-platillo-ischia-grabado-con-tu-logo;7318009;;TAZA Y PLATILLO  ISCHIA GRABADO CON TU LOGO;https://www.personalizadoshosteleria.com/p7318009-taza-y-platillo-ischia-grabado-con-tu-logo.html;/media/products/taza-y-platillo-ischia-grabado-con-tu-logo/01_tazay-platillo-personalizados-ischia-1611430321-pn.thumb | /media/products/taza-y-platillo-ischia-grabado-con-tu-logo/02_taza-y-platillo-de-cafe-personalizados-ischia-1611.thumb | /media/products/taza-y-platillo-ischia-grabado-con-tu-logo/03_calidad-cristal-perssonalizados-hosteleria-1611425.thumb | /media/products/taza-y-platillo-ischia-grabado-con-tu-logo/04_buena-ischia-1607871232-png.thumb | /media/products/taza-y-platillo-ischia-grabado-con-tu-logo/05_logo.jpg | /media/products/taza-y-platillo-ischia-grabado-con-tu-logo/06_presupuestos-1692439054-x128-f-gb.jpg | /media/products/taza-y-platillo-ischia-grabado-con-tu-logo/07_mod-ph-42-1663147591.png | /media/products/taza-y-platillo-ischia-grabado-con-tu-logo/08_mod-ph44-61-cl-1663147591.png | /media/products/taza-y-platillo-ischia-grabado-con-tu-logo/09_canguro-airlaid-con-qr-1663147591.png | /media/products/taza-y-platillo-ischia-grabado-con-tu-logo/10_img-20200128-123820-1663171355.jpg | /media/products/taza-y-platillo-ischia-grabado-con-tu-logo/11_aqui-su-publicidad-1-1670758718.png | /media/products/taza-y-platillo-ischia-grabado-con-tu-logo/12_servilleta-canguro-personalizada-eco-1679684414.png | /media/products/taza-y-platillo-ischia-grabado-con-tu-logo/13_mod-57-1689071732.png | /media/products/taza-y-platillo-ischia-grabado-con-tu-logo/14_compra-1-1612367413-x128-f-gb.jpg | /media/products/taza-y-platillo-ischia-grabado-con-tu-logo/15_optima-1609073646-x128-f-gb.png | /media/products/taza-y-platillo-ischia-grabado-con-tu-logo/16_deja-tu-impresion-de-compra-aqui-queremos-saber-si.png | /media/products/taza-y-platillo-ischia-grabado-con-tu-logo/17_camion-phcom-1610453500-x128-f-gb.png | /media/products/taza-y-platillo-ischia-grabado-con-tu-logo/18_blank.png | /media/products/taza-y-platillo-ischia-grabado-con-tu-logo/26_transparent.png | /media/products/taza-y-platillo-ischia-grabado-con-tu-logo/29_tazay-platillo-personalizados-ischia-1611430321.png | /media/products/taza-y-platillo-ischia-grabado-con-tu-logo/34_facebook-4.png;2026-02-18T11:49:17.874895;;;;;;;
/vajilla-personalizada/;/tazas-y-platillos-personalizados/;taza-y-platillo-personalizada-para-10-cl-a-1-color-mod-ph5;8524227;;Taza y Platillo Personalizada para 10 cl. a 1 color. MOD.PH5;https://www.personalizadoshosteleria.com/p8524227-taza-y-platillo-personalizada-para-10-cl-a-1-color-mod-ph5.html;/media/products/taza-y-platillo-personalizada-para-10-cl-a-1-color-mod-ph5/01_taza-personalizada-10-cl-ph5-1619956431-jpg.thumb | /media/products/taza-y-platillo-personalizada-para-10-cl-a-1-color-mod-ph5/02_calidad-personalizacion-vajilla-1619956434-jpg.thumb | /media/products/taza-y-platillo-personalizada-para-10-cl-a-1-color-mod-ph5/03_tazas-y-platillos-personalizados-ph5-1619956440-jp.thumb | /media/products/taza-y-platillo-personalizada-para-10-cl-a-1-color-mod-ph5/04_taza-personalizada-20-cl-ph5-1619956450-jpg.thumb | /media/products/taza-y-platillo-personalizada-para-10-cl-a-1-color-mod-ph5/05_logo.jpg | /media/products/taza-y-platillo-personalizada-para-10-cl-a-1-color-mod-ph5/06_presupuestos-1692439054-x128-f-gb.jpg | /media/products/taza-y-platillo-personalizada-para-10-cl-a-1-color-mod-ph5/07_mod-ph-42-1663147591.png | /media/products/taza-y-platillo-personalizada-para-10-cl-a-1-color-mod-ph5/08_mod-ph44-61-cl-1663147591.png | /media/products/taza-y-platillo-personalizada-para-10-cl-a-1-color-mod-ph5/09_canguro-airlaid-con-qr-1663147591.png | /media/products/taza-y-platillo-personalizada-para-10-cl-a-1-color-mod-ph5/10_img-20200128-123820-1663171355.jpg | /media/products/taza-y-platillo-personalizada-para-10-cl-a-1-color-mod-ph5/11_aqui-su-publicidad-1-1670758718.png | /media/products/taza-y-platillo-personalizada-para-10-cl-a-1-color-mod-ph5/12_servilleta-canguro-personalizada-eco-1679684414.png | /media/products/taza-y-platillo-personalizada-para-10-cl-a-1-color-mod-ph5/13_mod-57-1689071732.png | /media/products/taza-y-platillo-personalizada-para-10-cl-a-1-color-mod-ph5/14_compra-1-1612367413-x128-f-gb.jpg | /media/products/taza-y-platillo-personalizada-para-10-cl-a-1-color-mod-ph5/15_optima-1609073646-x128-f-gb.png | /media/products/taza-y-platillo-personalizada-para-10-cl-a-1-color-mod-ph5/16_deja-tu-impresion-de-compra-aqui-queremos-saber-si.png | /media/products/taza-y-platillo-personalizada-para-10-cl-a-1-color-mod-ph5/17_camion-phcom-1610453500-x128-f-gb.png | /media/products/taza-y-platillo-personalizada-para-10-cl-a-1-color-mod-ph5/18_blank.png | /media/products/taza-y-platillo-personalizada-para-10-cl-a-1-color-mod-ph5/26_transparent.png | /media/products/taza-y-platillo-personalizada-para-10-cl-a-1-color-mod-ph5/29_taza-personalizada-10-cl-ph5-1619956431.jpg | /media/products/taza-y-platillo-personalizada-para-10-cl-a-1-color-mod-ph5/34_copas-de-vino-personalizadas-classic-1610996309-jp.thumb;2026-02-18T11:42:25.953741;;;;;;;
/vajilla-personalizada/;/tazas-y-platillos-personalizados/;taza-y-platillo-personalizado-easy-32-cl-grabada-con-logo;8338961;;TAZA Y PLATILLO PERSONALIZADO. EASY 32 CL. GRABADA CON LOGO;https://www.personalizadoshosteleria.com/p8338961-taza-y-platillo-personalizado-easy-32-cl-grabada-con-logo.html;/media/products/taza-y-platillo-personalizado-easy-32-cl-grabada-con-logo/01_taza-easy-personalizada-1612695758-jpg.thumb | /media/products/taza-y-platillo-personalizado-easy-32-cl-grabada-con-logo/02_easy-32-medidas-1612695743-jpg.thumb | /media/products/taza-y-platillo-personalizado-easy-32-cl-grabada-con-logo/03_calidad-grabado-1612695737-jpg.thumb | /media/products/taza-y-platillo-personalizado-easy-32-cl-grabada-con-logo/04_taza-easy-1612695747-jpg.thumb | /media/products/taza-y-platillo-personalizado-easy-32-cl-grabada-con-logo/05_logo.jpg | /media/products/taza-y-platillo-personalizado-easy-32-cl-grabada-con-logo/06_presupuestos-1692439054-x128-f-gb.jpg | /media/products/taza-y-platillo-personalizado-easy-32-cl-grabada-con-logo/07_mod-ph-42-1663147591.png | /media/products/taza-y-platillo-personalizado-easy-32-cl-grabada-con-logo/08_mod-ph44-61-cl-1663147591.png | /media/products/taza-y-platillo-personalizado-easy-32-cl-grabada-con-logo/09_canguro-airlaid-con-qr-1663147591.png | /media/products/taza-y-platillo-personalizado-easy-32-cl-grabada-con-logo/10_img-20200128-123820-1663171355.jpg | /media/products/taza-y-platillo-personalizado-easy-32-cl-grabada-con-logo/11_aqui-su-publicidad-1-1670758718.png | /media/products/taza-y-platillo-personalizado-easy-32-cl-grabada-con-logo/12_servilleta-canguro-personalizada-eco-1679684414.png | /media/products/taza-y-platillo-personalizado-easy-32-cl-grabada-con-logo/13_mod-57-1689071732.png | /media/products/taza-y-platillo-personalizado-easy-32-cl-grabada-con-logo/14_compra-1-1612367413-x128-f-gb.jpg | /media/products/taza-y-platillo-personalizado-easy-32-cl-grabada-con-logo/15_optima-1609073646-x128-f-gb.png | /media/products/taza-y-platillo-personalizado-easy-32-cl-grabada-con-logo/16_deja-tu-impresion-de-compra-aqui-queremos-saber-si.png | /media/products/taza-y-platillo-personalizado-easy-32-cl-grabada-con-logo/17_camion-phcom-1610453500-x128-f-gb.png | /media/products/taza-y-platillo-personalizado-easy-32-cl-grabada-con-logo/18_blank.png | /media/products/taza-y-platillo-personalizado-easy-32-cl-grabada-con-logo/26_transparent.png | /media/products/taza-y-platillo-personalizado-easy-32-cl-grabada-con-logo/29_taza-easy-personalizada-1612695758.jpg | /media/products/taza-y-platillo-personalizado-easy-32-cl-grabada-con-logo/34_ensaladera-ph1-1724776256-jpg.thumb;2026-02-18T11:49:30.805891;;;;;;;
/vajilla-personalizada/;/tazas-y-platillos-personalizados/;taza-y-platillo-personalizados-mod-ph-1;7722196;;TAZA Y PLATILLOS PERSONALIZADOS MODELO PH. 1;https://www.personalizadoshosteleria.com/p7722196-taza-y-platillo-personalizados-mod-ph-1.html;/media/products/taza-y-platillo-personalizados-mod-ph-1/01_tazas-y-platillos-personalizados-ph1-1615138171-jp.thumb | /media/products/taza-y-platillo-personalizados-mod-ph-1/02_taza-personalizada-ph1-1614607378-jpg.thumb | /media/products/taza-y-platillo-personalizados-mod-ph-1/03_tazas-personalizadas-ph1-1614607387-jpg.thumb | /media/products/taza-y-platillo-personalizados-mod-ph-1/04_calidad-personalizacion-1614607391-jpg.thumb | /media/products/taza-y-platillo-personalizados-mod-ph-1/05_logo.jpg | /media/products/taza-y-platillo-personalizados-mod-ph-1/06_presupuestos-1692439054-x128-f-gb.jpg | /media/products/taza-y-platillo-personalizados-mod-ph-1/07_mod-ph-42-1663147591.png | /media/products/taza-y-platillo-personalizados-mod-ph-1/08_mod-ph44-61-cl-1663147591.png | /media/products/taza-y-platillo-personalizados-mod-ph-1/09_canguro-airlaid-con-qr-1663147591.png | /media/products/taza-y-platillo-personalizados-mod-ph-1/10_img-20200128-123820-1663171355.jpg | /media/products/taza-y-platillo-personalizados-mod-ph-1/11_aqui-su-publicidad-1-1670758718.png | /media/products/taza-y-platillo-personalizados-mod-ph-1/12_servilleta-canguro-personalizada-eco-1679684414.png | /media/products/taza-y-platillo-personalizados-mod-ph-1/13_mod-57-1689071732.png | /media/products/taza-y-platillo-personalizados-mod-ph-1/14_compra-1-1612367413-x128-f-gb.jpg | /media/products/taza-y-platillo-personalizados-mod-ph-1/15_optima-1609073646-x128-f-gb.png | /media/products/taza-y-platillo-personalizados-mod-ph-1/16_deja-tu-impresion-de-compra-aqui-queremos-saber-si.png | /media/products/taza-y-platillo-personalizados-mod-ph-1/17_camion-phcom-1610453500-x128-f-gb.png | /media/products/taza-y-platillo-personalizados-mod-ph-1/18_blank.png | /media/products/taza-y-platillo-personalizados-mod-ph-1/26_transparent.png | /media/products/taza-y-platillo-personalizados-mod-ph-1/29_tazas-y-platillos-personalizados-ph1-1615138171.jpg | /media/products/taza-y-platillo-personalizados-mod-ph-1/34_vajilla-personalizada-modelo-ph3-1615129507-jpg.thumb;2026-02-18T12:34:10.403426;;;;;;;
/vajilla-personalizada/;/tazas-y-platillos-personalizados/;taza-y-platillo-personalizados-vela;8291504;;TAZA Y PLATILLO PERSONALIZADOS EN CRISTAL. VELA;https://www.personalizadoshosteleria.com/p8291504-taza-y-platillo-personalizados-vela.html;/media/products/taza-y-platillo-personalizados-vela/01_2-1611497899-jpg.thumb | /media/products/taza-y-platillo-personalizados-vela/02_3-1611497908-jpg.thumb | /media/products/taza-y-platillo-personalizados-vela/03_calidad-cristal-perssonalizados-hosteleria-1611427.thumb | /media/products/taza-y-platillo-personalizados-vela/04_5-1611497902-jpg.thumb | /media/products/taza-y-platillo-personalizados-vela/05_logo.jpg | /media/products/taza-y-platillo-personalizados-vela/06_presupuestos-1692439054-x128-f-gb.jpg | /media/products/taza-y-platillo-personalizados-vela/07_mod-ph-42-1663147591.png | /media/products/taza-y-platillo-personalizados-vela/08_mod-ph44-61-cl-1663147591.png | /media/products/taza-y-platillo-personalizados-vela/09_canguro-airlaid-con-qr-1663147591.png | /media/products/taza-y-platillo-personalizados-vela/10_img-20200128-123820-1663171355.jpg | /media/products/taza-y-platillo-personalizados-vela/11_aqui-su-publicidad-1-1670758718.png | /media/products/taza-y-platillo-personalizados-vela/12_servilleta-canguro-personalizada-eco-1679684414.png | /media/products/taza-y-platillo-personalizados-vela/13_mod-57-1689071732.png | /media/products/taza-y-platillo-personalizados-vela/14_compra-1-1612367413-x128-f-gb.jpg | /media/products/taza-y-platillo-personalizados-vela/15_optima-1609073646-x128-f-gb.png | /media/products/taza-y-platillo-personalizados-vela/16_deja-tu-impresion-de-compra-aqui-queremos-saber-si.png | /media/products/taza-y-platillo-personalizados-vela/17_camion-phcom-1610453500-x128-f-gb.png | /media/products/taza-y-platillo-personalizados-vela/18_blank.png | /media/products/taza-y-platillo-personalizados-vela/26_transparent.png | /media/products/taza-y-platillo-personalizados-vela/29_2-1611497899.jpg | /media/products/taza-y-platillo-personalizados-vela/34_cabernete-1606642017-jpg.thumb;2026-02-18T11:49:25.912352;;;;;;;
/vajilla-personalizada/;/tazas-y-platillos-personalizados/;tazas-y-platillos-personalizados-de-hosteleria;11490115;;TAZAS Y PLATILLOS PERSONALIZADOS DE HOSTELERIA;https://www.personalizadoshosteleria.com/p11490115-tazas-y-platillos-personalizados-de-hosteleria.html;/media/products/tazas-y-platillos-personalizados-de-hosteleria/01_3-ph-bal-tazas-1740303586-jpg.thumb | /media/products/tazas-y-platillos-personalizados-de-hosteleria/02_precios-tazas-y-platillos-personalizados-ph-bal-17.thumb | /media/products/tazas-y-platillos-personalizados-de-hosteleria/03_precios-taza-y-platillo-personalizado-ph-bal-17403.thumb | /media/products/tazas-y-platillos-personalizados-de-hosteleria/04_logo.jpg | /media/products/tazas-y-platillos-personalizados-de-hosteleria/05_presupuestos-1692439054-x128-f-gb.jpg | /media/products/tazas-y-platillos-personalizados-de-hosteleria/06_mod-ph-42-1663147591.png | /media/products/tazas-y-platillos-personalizados-de-hosteleria/07_mod-ph44-61-cl-1663147591.png | /media/products/tazas-y-platillos-personalizados-de-hosteleria/08_canguro-airlaid-con-qr-1663147591.png | /media/products/tazas-y-platillos-personalizados-de-hosteleria/09_img-20200128-123820-1663171355.jpg | /media/products/tazas-y-platillos-personalizados-de-hosteleria/10_aqui-su-publicidad-1-1670758718.png | /media/products/tazas-y-platillos-personalizados-de-hosteleria/11_servilleta-canguro-personalizada-eco-1679684414.png | /media/products/tazas-y-platillos-personalizados-de-hosteleria/12_mod-57-1689071732.png | /media/products/tazas-y-platillos-personalizados-de-hosteleria/13_compra-1-1612367413-x128-f-gb.jpg | /media/products/tazas-y-platillos-personalizados-de-hosteleria/14_optima-1609073646-x128-f-gb.png | /media/products/tazas-y-platillos-personalizados-de-hosteleria/15_deja-tu-impresion-de-compra-aqui-queremos-saber-si.png | /media/products/tazas-y-platillos-personalizados-de-hosteleria/16_camion-phcom-1610453500-x128-f-gb.png | /media/products/tazas-y-platillos-personalizados-de-hosteleria/17_blank.png | /media/products/tazas-y-platillos-personalizados-de-hosteleria/25_transparent.png | /media/products/tazas-y-platillos-personalizados-de-hosteleria/28_3-ph-bal-tazas-1740303586.jpg | /media/products/tazas-y-platillos-personalizados-de-hosteleria/32_categoria-vajilla-ph1-1615129263-jpg.thumb | /media/products/tazas-y-platillos-personalizados-de-hosteleria/33_vajilla-personalizada-mod-ph2-1615140716-jpg.thumb;2026-02-18T12:02:16.397071;;;;;;;
/vajilla-personalizada/;;vajilla-hosteleria-personalizada-mod-ph-can2;11562943;;VAJILLA HOSTELERIA PERSONALIZADA MOD. PH CAN2;https://www.personalizadoshosteleria.com/p11562943-vajilla-hosteleria-personalizada-mod-ph-can2.html;/media/products/vajilla-hosteleria-personalizada-mod-ph-can2/01_platos-llanos-medidas-mod-ph-can2-1753979986-jpg.thumb | /media/products/vajilla-hosteleria-personalizada-mod-ph-can2/02_plato-hondo-medida-mod-ph-can2-1753087277-jpg.thumb | /media/products/vajilla-hosteleria-personalizada-mod-ph-can2/03_tazas-y-platillos-mod-ph-can2-1753087292-jpg.thumb | /media/products/vajilla-hosteleria-personalizada-mod-ph-can2/04_fuentes-con-medida-de-mod-ph-can2-1753978881-jpg.thumb | /media/products/vajilla-hosteleria-personalizada-mod-ph-can2/05_logo.jpg | /media/products/vajilla-hosteleria-personalizada-mod-ph-can2/06_presupuestos-1692439054-x128-f-gb.jpg | /media/products/vajilla-hosteleria-personalizada-mod-ph-can2/07_mod-ph-42-1663147591.png | /media/products/vajilla-hosteleria-personalizada-mod-ph-can2/08_mod-ph44-61-cl-1663147591.png | /media/products/vajilla-hosteleria-personalizada-mod-ph-can2/09_canguro-airlaid-con-qr-1663147591.png | /media/products/vajilla-hosteleria-personalizada-mod-ph-can2/10_img-20200128-123820-1663171355.jpg | /media/products/vajilla-hosteleria-personalizada-mod-ph-can2/11_aqui-su-publicidad-1-1670758718.png | /media/products/vajilla-hosteleria-personalizada-mod-ph-can2/12_servilleta-canguro-personalizada-eco-1679684414.png | /media/products/vajilla-hosteleria-personalizada-mod-ph-can2/13_mod-57-1689071732.png | /media/products/vajilla-hosteleria-personalizada-mod-ph-can2/14_compra-1-1612367413-x128-f-gb.jpg | /media/products/vajilla-hosteleria-personalizada-mod-ph-can2/15_optima-1609073646-x128-f-gb.png | /media/products/vajilla-hosteleria-personalizada-mod-ph-can2/16_deja-tu-impresion-de-compra-aqui-queremos-saber-si.png | /media/products/vajilla-hosteleria-personalizada-mod-ph-can2/17_camion-phcom-1610453500-x128-f-gb.png | /media/products/vajilla-hosteleria-personalizada-mod-ph-can2/18_blank.png | /media/products/vajilla-hosteleria-personalizada-mod-ph-can2/26_transparent.png | /media/products/vajilla-hosteleria-personalizada-mod-ph-can2/29_platos-llanos-medidas-mod-ph-can2-1753979986.jpg | /media/products/vajilla-hosteleria-personalizada-mod-ph-can2/34_1-ph-bal1-ala-estrecha-1740223276-jpg.thumb;2026-02-18T12:02:07.723403;;;;;;;
/vajilla-personalizada/;;vajilla-personalizada-de-porcelana-mod-ph-7;9918545;;Vajilla Personalizada de Porcelana MOD. PH 6;https://www.personalizadoshosteleria.com/p9918545-vajilla-personalizada-de-porcelana-mod-ph-7.html;/media/products/vajilla-personalizada-de-porcelana-mod-ph-7/01_categoria-ph-6-1652699748-jpg.thumb | /media/products/vajilla-personalizada-de-porcelana-mod-ph-7/02_plato-llano-ph-6-1652699769-jpg.thumb | /media/products/vajilla-personalizada-de-porcelana-mod-ph-7/03_plato-hondo-1652699773-jpg.thumb | /media/products/vajilla-personalizada-de-porcelana-mod-ph-7/04_fuentes-y-sopera-1652699779-jpg.thumb | /media/products/vajilla-personalizada-de-porcelana-mod-ph-7/05_logo.jpg | /media/products/vajilla-personalizada-de-porcelana-mod-ph-7/06_presupuestos-1692439054-x128-f-gb.jpg | /media/products/vajilla-personalizada-de-porcelana-mod-ph-7/07_mod-ph-42-1663147591.png | /media/products/vajilla-personalizada-de-porcelana-mod-ph-7/08_mod-ph44-61-cl-1663147591.png | /media/products/vajilla-personalizada-de-porcelana-mod-ph-7/09_canguro-airlaid-con-qr-1663147591.png | /media/products/vajilla-personalizada-de-porcelana-mod-ph-7/10_img-20200128-123820-1663171355.jpg | /media/products/vajilla-personalizada-de-porcelana-mod-ph-7/11_aqui-su-publicidad-1-1670758718.png | /media/products/vajilla-personalizada-de-porcelana-mod-ph-7/12_servilleta-canguro-personalizada-eco-1679684414.png | /media/products/vajilla-personalizada-de-porcelana-mod-ph-7/13_mod-57-1689071732.png | /media/products/vajilla-personalizada-de-porcelana-mod-ph-7/14_compra-1-1612367413-x128-f-gb.jpg | /media/products/vajilla-personalizada-de-porcelana-mod-ph-7/15_optima-1609073646-x128-f-gb.png | /media/products/vajilla-personalizada-de-porcelana-mod-ph-7/16_deja-tu-impresion-de-compra-aqui-queremos-saber-si.png | /media/products/vajilla-personalizada-de-porcelana-mod-ph-7/17_camion-phcom-1610453500-x128-f-gb.png | /media/products/vajilla-personalizada-de-porcelana-mod-ph-7/18_blank.png | /media/products/vajilla-personalizada-de-porcelana-mod-ph-7/26_transparent.png | /media/products/vajilla-personalizada-de-porcelana-mod-ph-7/29_categoria-ph-6-1652699748.jpg | /media/products/vajilla-personalizada-de-porcelana-mod-ph-7/34_magnum-130-1580490498-png.thumb;2026-02-18T11:55:42.254327;;;;;;;
/vajilla-personalizada/;;vajilla-personalizada-modelo-ph1;7682486;;VAJILLA PERSONALIZADA MODELO PH1;https://www.personalizadoshosteleria.com/p7682486-vajilla-personalizada-modelo-ph1.html;/media/products/vajilla-personalizada-modelo-ph1/01_categoria-vajilla-ph1-1615129263-jpg.thumb | /media/products/vajilla-personalizada-modelo-ph1/02_2-1614349358-jpg.thumb | /media/products/vajilla-personalizada-modelo-ph1/03_3-1614349364-jpg.thumb | /media/products/vajilla-personalizada-modelo-ph1/04_7-1614349374-jpg.thumb | /media/products/vajilla-personalizada-modelo-ph1/05_logo.jpg | /media/products/vajilla-personalizada-modelo-ph1/06_presupuestos-1692439054-x128-f-gb.jpg | /media/products/vajilla-personalizada-modelo-ph1/07_mod-ph-42-1663147591.png | /media/products/vajilla-personalizada-modelo-ph1/08_mod-ph44-61-cl-1663147591.png | /media/products/vajilla-personalizada-modelo-ph1/09_canguro-airlaid-con-qr-1663147591.png | /media/products/vajilla-personalizada-modelo-ph1/10_img-20200128-123820-1663171355.jpg | /media/products/vajilla-personalizada-modelo-ph1/11_aqui-su-publicidad-1-1670758718.png | /media/products/vajilla-personalizada-modelo-ph1/12_servilleta-canguro-personalizada-eco-1679684414.png | /media/products/vajilla-personalizada-modelo-ph1/13_mod-57-1689071732.png | /media/products/vajilla-personalizada-modelo-ph1/14_compra-1-1612367413-x128-f-gb.jpg | /media/products/vajilla-personalizada-modelo-ph1/15_optima-1609073646-x128-f-gb.png | /media/products/vajilla-personalizada-modelo-ph1/16_deja-tu-impresion-de-compra-aqui-queremos-saber-si.png | /media/products/vajilla-personalizada-modelo-ph1/17_camion-phcom-1610453500-x128-f-gb.png | /media/products/vajilla-personalizada-modelo-ph1/18_blank.png | /media/products/vajilla-personalizada-modelo-ph1/26_transparent.png | /media/products/vajilla-personalizada-modelo-ph1/29_categoria-vajilla-ph1-1615129263.jpg | /media/products/vajilla-personalizada-modelo-ph1/34_facebook-4.png;2026-02-18T11:39:29.457919;;;;;;;
/vajilla-personalizada/;;vajilla-personalizada-modelo-ph2;7873435;;VAJILLA PERSONALIZADA MODELO PH2;https://www.personalizadoshosteleria.com/p7873435-vajilla-personalizada-modelo-ph2.html;/media/products/vajilla-personalizada-modelo-ph2/01_vajiilla-personalizada-mod-2-1615129851-jpg.thumb | /media/products/vajilla-personalizada-modelo-ph2/02_3-1614367866-jpg.thumb | /media/products/vajilla-personalizada-modelo-ph2/03_5-1614367871-jpg.thumb | /media/products/vajilla-personalizada-modelo-ph2/04_calidad-personalizacion-vajilla-1615130276-jpg.thumb | /media/products/vajilla-personalizada-modelo-ph2/05_logo.jpg | /media/products/vajilla-personalizada-modelo-ph2/06_presupuestos-1692439054-x128-f-gb.jpg | /media/products/vajilla-personalizada-modelo-ph2/07_mod-ph-42-1663147591.png | /media/products/vajilla-personalizada-modelo-ph2/08_mod-ph44-61-cl-1663147591.png | /media/products/vajilla-personalizada-modelo-ph2/09_canguro-airlaid-con-qr-1663147591.png | /media/products/vajilla-personalizada-modelo-ph2/10_img-20200128-123820-1663171355.jpg | /media/products/vajilla-personalizada-modelo-ph2/11_aqui-su-publicidad-1-1670758718.png | /media/products/vajilla-personalizada-modelo-ph2/12_servilleta-canguro-personalizada-eco-1679684414.png | /media/products/vajilla-personalizada-modelo-ph2/13_mod-57-1689071732.png | /media/products/vajilla-personalizada-modelo-ph2/14_compra-1-1612367413-x128-f-gb.jpg | /media/products/vajilla-personalizada-modelo-ph2/15_optima-1609073646-x128-f-gb.png | /media/products/vajilla-personalizada-modelo-ph2/16_deja-tu-impresion-de-compra-aqui-queremos-saber-si.png | /media/products/vajilla-personalizada-modelo-ph2/17_camion-phcom-1610453500-x128-f-gb.png | /media/products/vajilla-personalizada-modelo-ph2/18_blank.png | /media/products/vajilla-personalizada-modelo-ph2/26_transparent.png | /media/products/vajilla-personalizada-modelo-ph2/29_vajiilla-personalizada-mod-2-1615129851.jpg | /media/products/vajilla-personalizada-modelo-ph2/34_classic-1607418433-jpg.thumb;2026-02-18T11:39:34.322779;;;;;;;
/vajilla-personalizada/;;vajilla-personalizada-modelo-ph3;8181055;;VAJILLA PERSONALIZADA MODELO PH3;https://www.personalizadoshosteleria.com/p8181055-vajilla-personalizada-modelo-ph3.html;/media/products/vajilla-personalizada-modelo-ph3/01_vajilla-personalizada-modelo-ph3-1615129507-jpg.thumb | /media/products/vajilla-personalizada-modelo-ph3/02_platos-modelo-ph3-victoria-1614105245-jpg.thumb | /media/products/vajilla-personalizada-modelo-ph3/03_tazas-y-platillos-victoria-1614105208-jpg.thumb | /media/products/vajilla-personalizada-modelo-ph3/04_calidad-vajilla-personalizados-hosteleria-16114831.thumb | /media/products/vajilla-personalizada-modelo-ph3/05_logo.jpg | /media/products/vajilla-personalizada-modelo-ph3/06_presupuestos-1692439054-x128-f-gb.jpg | /media/products/vajilla-personalizada-modelo-ph3/07_mod-ph-42-1663147591.png | /media/products/vajilla-personalizada-modelo-ph3/08_mod-ph44-61-cl-1663147591.png | /media/products/vajilla-personalizada-modelo-ph3/09_canguro-airlaid-con-qr-1663147591.png | /media/products/vajilla-personalizada-modelo-ph3/10_img-20200128-123820-1663171355.jpg | /media/products/vajilla-personalizada-modelo-ph3/11_aqui-su-publicidad-1-1670758718.png | /media/products/vajilla-personalizada-modelo-ph3/12_servilleta-canguro-personalizada-eco-1679684414.png | /media/products/vajilla-personalizada-modelo-ph3/13_mod-57-1689071732.png | /media/products/vajilla-personalizada-modelo-ph3/14_compra-1-1612367413-x128-f-gb.jpg | /media/products/vajilla-personalizada-modelo-ph3/15_optima-1609073646-x128-f-gb.png | /media/products/vajilla-personalizada-modelo-ph3/16_deja-tu-impresion-de-compra-aqui-queremos-saber-si.png | /media/products/vajilla-personalizada-modelo-ph3/17_camion-phcom-1610453500-x128-f-gb.png | /media/products/vajilla-personalizada-modelo-ph3/18_blank.png | /media/products/vajilla-personalizada-modelo-ph3/26_transparent.png | /media/products/vajilla-personalizada-modelo-ph3/29_vajilla-personalizada-modelo-ph3-1615129507.jpg | /media/products/vajilla-personalizada-modelo-ph3/34_jarra-de-cerveza-sintra-29-cl-1610043712-png.thumb;2026-02-18T11:39:36.849185;;;;;;;
/vajilla-personalizada/;;vajilla-personalizada-modelo-ph4;8181747;;VAJILLA PERSONALIZADA MODELO PH4;https://www.personalizadoshosteleria.com/p8181747-vajilla-personalizada-modelo-ph4.html;/media/products/vajilla-personalizada-modelo-ph4/01_2-1614346284-jpg.thumb | /media/products/vajilla-personalizada-modelo-ph4/02_4-1614346297-jpg.thumb | /media/products/vajilla-personalizada-modelo-ph4/03_6-1614346310-jpg.thumb | /media/products/vajilla-personalizada-modelo-ph4/04_8-1614346322-jpg.thumb | /media/products/vajilla-personalizada-modelo-ph4/05_logo.jpg | /media/products/vajilla-personalizada-modelo-ph4/06_presupuestos-1692439054-x128-f-gb.jpg | /media/products/vajilla-personalizada-modelo-ph4/07_mod-ph-42-1663147591.png | /media/products/vajilla-personalizada-modelo-ph4/08_mod-ph44-61-cl-1663147591.png | /media/products/vajilla-personalizada-modelo-ph4/09_canguro-airlaid-con-qr-1663147591.png | /media/products/vajilla-personalizada-modelo-ph4/10_img-20200128-123820-1663171355.jpg | /media/products/vajilla-personalizada-modelo-ph4/11_aqui-su-publicidad-1-1670758718.png | /media/products/vajilla-personalizada-modelo-ph4/12_servilleta-canguro-personalizada-eco-1679684414.png | /media/products/vajilla-personalizada-modelo-ph4/13_mod-57-1689071732.png | /media/products/vajilla-personalizada-modelo-ph4/14_compra-1-1612367413-x128-f-gb.jpg | /media/products/vajilla-personalizada-modelo-ph4/15_optima-1609073646-x128-f-gb.png | /media/products/vajilla-personalizada-modelo-ph4/16_deja-tu-impresion-de-compra-aqui-queremos-saber-si.png | /media/products/vajilla-personalizada-modelo-ph4/17_camion-phcom-1610453500-x128-f-gb.png | /media/products/vajilla-personalizada-modelo-ph4/18_blank.png | /media/products/vajilla-personalizada-modelo-ph4/26_transparent.png | /media/products/vajilla-personalizada-modelo-ph4/29_2-1614346284.jpg | /media/products/vajilla-personalizada-modelo-ph4/34_principe-1607691048-jpg.thumb;2026-02-18T09:36:18.258702;;;;;;;
;;bote-lejia-300-pastillas;7570950;X;;https://www.personalizadoshosteleria.com/p7570950-bote-lejia-300-pastillas.html;/media/products/bote-lejia-300-pastillas/01_logo.jpg | /media/products/bote-lejia-300-pastillas/02_presupuestos-1692439054.jpg | /media/products/bote-lejia-300-pastillas/03_mod-ph-42-1663147591.png | /media/products/bote-lejia-300-pastillas/04_mod-ph44-61-cl-1663147591.png | /media/products/bote-lejia-300-pastillas/05_canguro-airlaid-con-qr-1663147591.png | /media/products/bote-lejia-300-pastillas/06_img-20200128-123820-1663171355.jpg | /media/products/bote-lejia-300-pastillas/07_aqui-su-publicidad-1-1670758718.png | /media/products/bote-lejia-300-pastillas/08_servilleta-canguro-personalizada-eco-1679684414.png | /media/products/bote-lejia-300-pastillas/09_mod-57-1689071732.png | /media/products/bote-lejia-300-pastillas/17_compra-1-1612367413.jpg | /media/products/bote-lejia-300-pastillas/18_optima-1609073646.png | /media/products/bote-lejia-300-pastillas/19_deja-tu-impresion-de-compra-aqui-queremos-saber-si.png | /media/products/bote-lejia-300-pastillas/20_camion-phcom-1610453500-x128-f-gb.png | /media/products/bote-lejia-300-pastillas/21_blank.png | /media/products/bote-lejia-300-pastillas/29_facebook-4.png | /media/products/bote-lejia-300-pastillas/30_instagram-4.png | /media/products/bote-lejia-300-pastillas/31_twitter-5.png;2026-02-18T12:31:05.773104;;;;;;;
;;dispensador-gel-hidrofolico-para-covid19;7565573;X;;https://www.personalizadoshosteleria.com/p7565573-dispensador-gel-hidrofolico-para-covid19.html;/media/products/dispensador-gel-hidrofolico-para-covid19/01_logo.jpg | /media/products/dispensador-gel-hidrofolico-para-covid19/02_presupuestos-1692439054.jpg | /media/products/dispensador-gel-hidrofolico-para-covid19/03_mod-ph-42-1663147591.png | /media/products/dispensador-gel-hidrofolico-para-covid19/04_mod-ph44-61-cl-1663147591.png | /media/products/dispensador-gel-hidrofolico-para-covid19/05_canguro-airlaid-con-qr-1663147591.png | /media/products/dispensador-gel-hidrofolico-para-covid19/06_img-20200128-123820-1663171355.jpg | /media/products/dispensador-gel-hidrofolico-para-covid19/07_aqui-su-publicidad-1-1670758718.png | /media/products/dispensador-gel-hidrofolico-para-covid19/08_servilleta-canguro-personalizada-eco-1679684414.png | /media/products/dispensador-gel-hidrofolico-para-covid19/09_mod-57-1689071732.png | /media/products/dispensador-gel-hidrofolico-para-covid19/17_compra-1-1612367413.jpg | /media/products/dispensador-gel-hidrofolico-para-covid19/18_optima-1609073646.png | /media/products/dispensador-gel-hidrofolico-para-covid19/19_deja-tu-impresion-de-compra-aqui-queremos-saber-si.png | /media/products/dispensador-gel-hidrofolico-para-covid19/20_camion-phcom-1610453500-x128-f-gb.png | /media/products/dispensador-gel-hidrofolico-para-covid19/21_blank.png | /media/products/dispensador-gel-hidrofolico-para-covid19/29_facebook-4.png | /media/products/dispensador-gel-hidrofolico-para-covid19/30_instagram-4.png | /media/products/dispensador-gel-hidrofolico-para-covid19/31_twitter-5.png;2026-02-18T12:31:02.208508;;;;;;;
;;guantes-nitrilo-vinilo-y-latex;7584376;x;;https://www.personalizadoshosteleria.com/p7584376-guantes-nitrilo-vinilo-y-latex.html;/media/products/guantes-nitrilo-vinilo-y-latex/01_logo.jpg | /media/products/guantes-nitrilo-vinilo-y-latex/02_presupuestos-1692439054.jpg | /media/products/guantes-nitrilo-vinilo-y-latex/03_mod-ph-42-1663147591.png | /media/products/guantes-nitrilo-vinilo-y-latex/04_mod-ph44-61-cl-1663147591.png | /media/products/guantes-nitrilo-vinilo-y-latex/05_canguro-airlaid-con-qr-1663147591.png | /media/products/guantes-nitrilo-vinilo-y-latex/06_img-20200128-123820-1663171355.jpg | /media/products/guantes-nitrilo-vinilo-y-latex/07_aqui-su-publicidad-1-1670758718.png | /media/products/guantes-nitrilo-vinilo-y-latex/08_servilleta-canguro-personalizada-eco-1679684414.png | /media/products/guantes-nitrilo-vinilo-y-latex/09_mod-57-1689071732.png | /media/products/guantes-nitrilo-vinilo-y-latex/17_compra-1-1612367413.jpg | /media/products/guantes-nitrilo-vinilo-y-latex/18_optima-1609073646.png | /media/products/guantes-nitrilo-vinilo-y-latex/19_deja-tu-impresion-de-compra-aqui-queremos-saber-si.png | /media/products/guantes-nitrilo-vinilo-y-latex/20_camion-phcom-1610453500-x128-f-gb.png | /media/products/guantes-nitrilo-vinilo-y-latex/21_blank.png | /media/products/guantes-nitrilo-vinilo-y-latex/29_facebook-4.png | /media/products/guantes-nitrilo-vinilo-y-latex/30_instagram-4.png | /media/products/guantes-nitrilo-vinilo-y-latex/31_twitter-5.png;2026-02-18T12:31:16.473223;;;;;;;
;;hidrogel-alcoholico;7592109;x;;https://www.personalizadoshosteleria.com/p7592109-hidrogel-alcoholico.html;/media/products/hidrogel-alcoholico/01_logo.jpg | /media/products/hidrogel-alcoholico/02_presupuestos-1692439054.jpg | /media/products/hidrogel-alcoholico/03_mod-ph-42-1663147591.png | /media/products/hidrogel-alcoholico/04_mod-ph44-61-cl-1663147591.png | /media/products/hidrogel-alcoholico/05_canguro-airlaid-con-qr-1663147591.png | /media/products/hidrogel-alcoholico/06_img-20200128-123820-1663171355.jpg | /media/products/hidrogel-alcoholico/07_aqui-su-publicidad-1-1670758718.png | /media/products/hidrogel-alcoholico/08_servilleta-canguro-personalizada-eco-1679684414.png | /media/products/hidrogel-alcoholico/09_mod-57-1689071732.png | /media/products/hidrogel-alcoholico/17_compra-1-1612367413.jpg | /media/products/hidrogel-alcoholico/18_optima-1609073646.png | /media/products/hidrogel-alcoholico/19_deja-tu-impresion-de-compra-aqui-queremos-saber-si.png | /media/products/hidrogel-alcoholico/20_camion-phcom-1610453500-x128-f-gb.png | /media/products/hidrogel-alcoholico/21_blank.png | /media/products/hidrogel-alcoholico/29_facebook-4.png | /media/products/hidrogel-alcoholico/30_instagram-4.png | /media/products/hidrogel-alcoholico/31_twitter-5.png;2026-02-18T12:30:55.852724;;;;;;;
;;lectura-codigo-qr-menu;8344991;x;LECTURA CODIGO QR MENU;https://www.personalizadoshosteleria.com/p8344991-lectura-codigo-qr-menu.html;/media/products/lectura-codigo-qr-menu/01_707070-mm-1636360994-jpg.thumb | /media/products/lectura-codigo-qr-menu/02_3-1636360516-jpg.thumb | /media/products/lectura-codigo-qr-menu/03_2-1636360516-jpg.thumb | /media/products/lectura-codigo-qr-menu/04_logo.jpg | /media/products/lectura-codigo-qr-menu/05_presupuestos-1692439054-x128-f-gb.jpg | /media/products/lectura-codigo-qr-menu/06_mod-ph-42-1663147591.png | /media/products/lectura-codigo-qr-menu/07_mod-ph44-61-cl-1663147591.png | /media/products/lectura-codigo-qr-menu/08_canguro-airlaid-con-qr-1663147591.png | /media/products/lectura-codigo-qr-menu/09_img-20200128-123820-1663171355.jpg | /media/products/lectura-codigo-qr-menu/10_aqui-su-publicidad-1-1670758718.png | /media/products/lectura-codigo-qr-menu/11_servilleta-canguro-personalizada-eco-1679684414.png | /media/products/lectura-codigo-qr-menu/12_mod-57-1689071732.png | /media/products/lectura-codigo-qr-menu/13_compra-1-1612367413-x128-f-gb.jpg | /media/products/lectura-codigo-qr-menu/14_optima-1609073646-x128-f-gb.png | /media/products/lectura-codigo-qr-menu/15_deja-tu-impresion-de-compra-aqui-queremos-saber-si.png | /media/products/lectura-codigo-qr-menu/16_camion-phcom-1610453500-x128-f-gb.png | /media/products/lectura-codigo-qr-menu/17_blank.png | /media/products/lectura-codigo-qr-menu/25_transparent.png | /media/products/lectura-codigo-qr-menu/28_707070-mm-1636360994.jpg | /media/products/lectura-codigo-qr-menu/32_canguro-personalizada-airlaid-1670574108-jpg.thumb | /media/products/lectura-codigo-qr-menu/33_facebook-4.png;2026-02-18T12:34:13.023044;;;;;;;
;;papelera-exterior-en-plastico-25-lts;7565615;x;;https://www.personalizadoshosteleria.com/p7565615-papelera-exterior-en-plastico-25-lts.html;/media/products/papelera-exterior-en-plastico-25-lts/01_logo.jpg | /media/products/papelera-exterior-en-plastico-25-lts/02_presupuestos-1692439054.jpg | /media/products/papelera-exterior-en-plastico-25-lts/03_mod-ph-42-1663147591.png | /media/products/papelera-exterior-en-plastico-25-lts/04_mod-ph44-61-cl-1663147591.png | /media/products/papelera-exterior-en-plastico-25-lts/05_canguro-airlaid-con-qr-1663147591.png | /media/products/papelera-exterior-en-plastico-25-lts/06_img-20200128-123820-1663171355.jpg | /media/products/papelera-exterior-en-plastico-25-lts/07_aqui-su-publicidad-1-1670758718.png | /media/products/papelera-exterior-en-plastico-25-lts/08_servilleta-canguro-personalizada-eco-1679684414.png | /media/products/papelera-exterior-en-plastico-25-lts/09_mod-57-1689071732.png | /media/products/papelera-exterior-en-plastico-25-lts/17_compra-1-1612367413.jpg | /media/products/papelera-exterior-en-plastico-25-lts/18_optima-1609073646.png | /media/products/papelera-exterior-en-plastico-25-lts/19_deja-tu-impresion-de-compra-aqui-queremos-saber-si.png | /media/products/papelera-exterior-en-plastico-25-lts/20_camion-phcom-1610453500-x128-f-gb.png | /media/products/papelera-exterior-en-plastico-25-lts/21_blank.png | /media/products/papelera-exterior-en-plastico-25-lts/29_facebook-4.png | /media/products/papelera-exterior-en-plastico-25-lts/30_instagram-4.png | /media/products/papelera-exterior-en-plastico-25-lts/31_twitter-5.png;2026-02-18T12:31:12.868324;;;;;;;
;;pizarra-en-madera-lectura-qr-grabado;7815981;x;PIZARRA EN MADERA LECTURA QR. GRABADO;https://www.personalizadoshosteleria.com/p7815981-pizarra-en-madera-lectura-qr-grabado.html;/media/products/pizarra-en-madera-lectura-qr-grabado/01_elementos-qr-blanco-1603719689-jpg.thumb | /media/products/pizarra-en-madera-lectura-qr-grabado/02_pizarra-1598293956-png.thumb | /media/products/pizarra-en-madera-lectura-qr-grabado/03_logo.jpg | /media/products/pizarra-en-madera-lectura-qr-grabado/04_presupuestos-1692439054-x128-f-gb.jpg | /media/products/pizarra-en-madera-lectura-qr-grabado/05_mod-ph-42-1663147591.png | /media/products/pizarra-en-madera-lectura-qr-grabado/06_mod-ph44-61-cl-1663147591.png | /media/products/pizarra-en-madera-lectura-qr-grabado/07_canguro-airlaid-con-qr-1663147591.png | /media/products/pizarra-en-madera-lectura-qr-grabado/08_img-20200128-123820-1663171355.jpg | /media/products/pizarra-en-madera-lectura-qr-grabado/09_aqui-su-publicidad-1-1670758718.png | /media/products/pizarra-en-madera-lectura-qr-grabado/10_servilleta-canguro-personalizada-eco-1679684414.png | /media/products/pizarra-en-madera-lectura-qr-grabado/11_mod-57-1689071732.png | /media/products/pizarra-en-madera-lectura-qr-grabado/12_compra-1-1612367413-x128-f-gb.jpg | /media/products/pizarra-en-madera-lectura-qr-grabado/13_optima-1609073646-x128-f-gb.png | /media/products/pizarra-en-madera-lectura-qr-grabado/14_deja-tu-impresion-de-compra-aqui-queremos-saber-si.png | /media/products/pizarra-en-madera-lectura-qr-grabado/15_camion-phcom-1610453500-x128-f-gb.png | /media/products/pizarra-en-madera-lectura-qr-grabado/16_blank.png | /media/products/pizarra-en-madera-lectura-qr-grabado/24_transparent.png | /media/products/pizarra-en-madera-lectura-qr-grabado/27_elementos-qr-blanco-1603719689.jpg | /media/products/pizarra-en-madera-lectura-qr-grabado/30_canguro-personalizada-airlaid-1670574108-jpg.thumb | /media/products/pizarra-en-madera-lectura-qr-grabado/31_facebook-4.png | /media/products/pizarra-en-madera-lectura-qr-grabado/32_instagram-4.png;2026-02-18T12:30:40.608057;;;;;;;
;;servilleta-18-punta-punta-personalizada-con-su-logo;7321018;X;;https://www.personalizadoshosteleria.com/p7321018-servilleta-18-punta-punta-personalizada-con-su-logo.html;/media/products/servilleta-18-punta-punta-personalizada-con-su-logo/01_logo.jpg | /media/products/servilleta-18-punta-punta-personalizada-con-su-logo/02_presupuestos-1692439054.jpg | /media/products/servilleta-18-punta-punta-personalizada-con-su-logo/03_mod-ph-42-1663147591.png | /media/products/servilleta-18-punta-punta-personalizada-con-su-logo/04_mod-ph44-61-cl-1663147591.png | /media/products/servilleta-18-punta-punta-personalizada-con-su-logo/05_canguro-airlaid-con-qr-1663147591.png | /media/products/servilleta-18-punta-punta-personalizada-con-su-logo/06_img-20200128-123820-1663171355.jpg | /media/products/servilleta-18-punta-punta-personalizada-con-su-logo/07_aqui-su-publicidad-1-1670758718.png | /media/products/servilleta-18-punta-punta-personalizada-con-su-logo/08_servilleta-canguro-personalizada-eco-1679684414.png | /media/products/servilleta-18-punta-punta-personalizada-con-su-logo/09_mod-57-1689071732.png | /media/products/servilleta-18-punta-punta-personalizada-con-su-logo/17_compra-1-1612367413.jpg | /media/products/servilleta-18-punta-punta-personalizada-con-su-logo/18_optima-1609073646.png | /media/products/servilleta-18-punta-punta-personalizada-con-su-logo/19_deja-tu-impresion-de-compra-aqui-queremos-saber-si.png | /media/products/servilleta-18-punta-punta-personalizada-con-su-logo/20_camion-phcom-1610453500-x128-f-gb.png | /media/products/servilleta-18-punta-punta-personalizada-con-su-logo/21_blank.png | /media/products/servilleta-18-punta-punta-personalizada-con-su-logo/29_facebook-4.png | /media/products/servilleta-18-punta-punta-personalizada-con-su-logo/30_instagram-4.png | /media/products/servilleta-18-punta-punta-personalizada-con-su-logo/31_twitter-5.png;2026-02-18T09:37:03.636197;;;;;;;
;;servilleta-2020-airlaid-impresa;7855125;x;;https://www.personalizadoshosteleria.com/p7855125-servilleta-2020-airlaid-impresa.html;/media/products/servilleta-2020-airlaid-impresa/01_logo.jpg | /media/products/servilleta-2020-airlaid-impresa/02_presupuestos-1692439054.jpg | /media/products/servilleta-2020-airlaid-impresa/03_mod-ph-42-1663147591.png | /media/products/servilleta-2020-airlaid-impresa/04_mod-ph44-61-cl-1663147591.png | /media/products/servilleta-2020-airlaid-impresa/05_canguro-airlaid-con-qr-1663147591.png | /media/products/servilleta-2020-airlaid-impresa/06_img-20200128-123820-1663171355.jpg | /media/products/servilleta-2020-airlaid-impresa/07_aqui-su-publicidad-1-1670758718.png | /media/products/servilleta-2020-airlaid-impresa/08_servilleta-canguro-personalizada-eco-1679684414.png | /media/products/servilleta-2020-airlaid-impresa/09_mod-57-1689071732.png | /media/products/servilleta-2020-airlaid-impresa/17_compra-1-1612367413.jpg | /media/products/servilleta-2020-airlaid-impresa/18_optima-1609073646.png | /media/products/servilleta-2020-airlaid-impresa/19_deja-tu-impresion-de-compra-aqui-queremos-saber-si.png | /media/products/servilleta-2020-airlaid-impresa/20_camion-phcom-1610453500-x128-f-gb.png | /media/products/servilleta-2020-airlaid-impresa/21_blank.png | /media/products/servilleta-2020-airlaid-impresa/29_facebook-4.png | /media/products/servilleta-2020-airlaid-impresa/30_instagram-4.png | /media/products/servilleta-2020-airlaid-impresa/31_twitter-5.png;2026-02-18T12:30:32.797126;;;;;;;
;;toalla-secamanos-bobina-celulosa;7565483;X;;https://www.personalizadoshosteleria.com/p7565483-toalla-secamanos-bobina-celulosa.html;/media/products/toalla-secamanos-bobina-celulosa/01_logo.jpg | /media/products/toalla-secamanos-bobina-celulosa/02_presupuestos-1692439054.jpg | /media/products/toalla-secamanos-bobina-celulosa/03_mod-ph-42-1663147591.png | /media/products/toalla-secamanos-bobina-celulosa/04_mod-ph44-61-cl-1663147591.png | /media/products/toalla-secamanos-bobina-celulosa/05_canguro-airlaid-con-qr-1663147591.png | /media/products/toalla-secamanos-bobina-celulosa/06_img-20200128-123820-1663171355.jpg | /media/products/toalla-secamanos-bobina-celulosa/07_aqui-su-publicidad-1-1670758718.png | /media/products/toalla-secamanos-bobina-celulosa/08_servilleta-canguro-personalizada-eco-1679684414.png | /media/products/toalla-secamanos-bobina-celulosa/09_mod-57-1689071732.png | /media/products/toalla-secamanos-bobina-celulosa/17_compra-1-1612367413.jpg | /media/products/toalla-secamanos-bobina-celulosa/18_optima-1609073646.png | /media/products/toalla-secamanos-bobina-celulosa/19_deja-tu-impresion-de-compra-aqui-queremos-saber-si.png | /media/products/toalla-secamanos-bobina-celulosa/20_camion-phcom-1610453500-x128-f-gb.png | /media/products/toalla-secamanos-bobina-celulosa/21_blank.png | /media/products/toalla-secamanos-bobina-celulosa/29_facebook-4.png | /media/products/toalla-secamanos-bobina-celulosa/30_instagram-4.png | /media/products/toalla-secamanos-bobina-celulosa/31_twitter-5.png;2026-02-18T12:31:09.291784;;;;;;;
;;toallita-gel-isopropilico-con-alcohol-al-70;7569977;X;TOALLITA GEL ISOPROPILICO CON ALCOHOL AL 70%;https://www.personalizadoshosteleria.com/p7569977-toallita-gel-isopropilico-con-alcohol-al-70.html;/media/products/toallita-gel-isopropilico-con-alcohol-al-70/01_toallita-perfumada-1588503881-png.thumb | /media/products/toallita-gel-isopropilico-con-alcohol-al-70/02_logo.jpg | /media/products/toallita-gel-isopropilico-con-alcohol-al-70/03_presupuestos-1692439054-x128-f-gb.jpg | /media/products/toallita-gel-isopropilico-con-alcohol-al-70/04_mod-ph-42-1663147591.png | /media/products/toallita-gel-isopropilico-con-alcohol-al-70/05_mod-ph44-61-cl-1663147591.png | /media/products/toallita-gel-isopropilico-con-alcohol-al-70/06_canguro-airlaid-con-qr-1663147591.png | /media/products/toallita-gel-isopropilico-con-alcohol-al-70/07_img-20200128-123820-1663171355.jpg | /media/products/toallita-gel-isopropilico-con-alcohol-al-70/08_aqui-su-publicidad-1-1670758718.png | /media/products/toallita-gel-isopropilico-con-alcohol-al-70/09_servilleta-canguro-personalizada-eco-1679684414.png | /media/products/toallita-gel-isopropilico-con-alcohol-al-70/10_mod-57-1689071732.png | /media/products/toallita-gel-isopropilico-con-alcohol-al-70/11_compra-1-1612367413-x128-f-gb.jpg | /media/products/toallita-gel-isopropilico-con-alcohol-al-70/12_optima-1609073646-x128-f-gb.png | /media/products/toallita-gel-isopropilico-con-alcohol-al-70/13_deja-tu-impresion-de-compra-aqui-queremos-saber-si.png | /media/products/toallita-gel-isopropilico-con-alcohol-al-70/14_camion-phcom-1610453500-x128-f-gb.png | /media/products/toallita-gel-isopropilico-con-alcohol-al-70/15_blank.png | /media/products/toallita-gel-isopropilico-con-alcohol-al-70/23_transparent.png | /media/products/toallita-gel-isopropilico-con-alcohol-al-70/26_toallita-perfumada-1588503881.png | /media/products/toallita-gel-isopropilico-con-alcohol-al-70/28_manteleria-personalizada-1-1610441370-jpg.thumb | /media/products/toallita-gel-isopropilico-con-alcohol-al-70/29_magnum-130-1580490498-png.thumb | /media/products/toallita-gel-isopropilico-con-alcohol-al-70/30_taza-0-8-cl-y-platillo-personalizados-a-uno-o-dos-.thumb | /media/products/toallita-gel-isopropilico-con-alcohol-al-70/31_platillo-de-cafe-mod-ph1-1618769947-jpg.thumb;2026-02-18T12:30:58.515850;;;;;;;
;;;;;;;;;;;;;;;
